reference_id,source_id,population_type,population,context,monitor,year,club,metric_native,metric,value,source_unit,canonical_value,canonical_unit,value_type,confidence,citation_urls,notes
1f2dbfb2ba2e0711dfe1a64d,trackman_tour_averages_classic,tour_average,pga_tour,classic_data_sheet,TrackMan,2010,Driver,club speed,club_speed,113.0,mph,50.51552,m/s,group_mean,cross_verified,https://teeituprva.com/wp-content/uploads/2019/03/PGA-AVERAGES-INTERACTIVE.pdf;http://3jack.blogspot.com/2010/02/trackman-pga-lpga-tour-averages.html;https://hititlonger.com/trackman-data-pga-tour-averages/,
764208b4ff4786d5fe442fab,trackman_tour_averages_classic,tour_average,pga_tour,classic_data_sheet,TrackMan,2010,Driver,attack angle,attack_angle,-1.3,deg,-0.022689280275926284,rad,group_mean,cross_verified,https://teeituprva.com/wp-content/uploads/2019/03/PGA-AVERAGES-INTERACTIVE.pdf;http://3jack.blogspot.com/2010/02/trackman-pga-lpga-tour-averages.html;https://hititlonger.com/trackman-data-pga-tour-averages/,
7deaedb436d4d436ccd1688d,trackman_tour_averages_classic,tour_average,pga_tour,classic_data_sheet,TrackMan,2010,Driver,ball speed,ball_speed,167.0,mph,74.65568,m/s,group_mean,cross_verified,https://teeituprva.com/wp-content/uploads/2019/03/PGA-AVERAGES-INTERACTIVE.pdf;http://3jack.blogspot.com/2010/02/trackman-pga-lpga-tour-averages.html;https://hititlonger.com/trackman-data-pga-tour-averages/,
8d2467785a2d148a3b69bcfd,trackman_tour_averages_classic,tour_average,pga_tour,classic_data_sheet,TrackMan,2010,Driver,smash factor,smash_factor,1.48,1,1.48,1,group_mean,cross_verified,https://teeituprva.com/wp-content/uploads/2019/03/PGA-AVERAGES-INTERACTIVE.pdf;http://3jack.blogspot.com/2010/02/trackman-pga-lpga-tour-averages.html;https://hititlonger.com/trackman-data-pga-tour-averages/,
efe4eb7e0b4e0e8cd58c34b4,trackman_tour_averages_classic,tour_average,pga_tour,classic_data_sheet,TrackMan,2010,Driver,launch angle,launch_angle,10.9,deg,0.19024088846738194,rad,group_mean,cross_verified,https://teeituprva.com/wp-content/uploads/2019/03/PGA-AVERAGES-INTERACTIVE.pdf;http://3jack.blogspot.com/2010/02/trackman-pga-lpga-tour-averages.html;https://hititlonger.com/trackman-data-pga-tour-averages/,
6b71d3457e9b5bdd02b29fef,trackman_tour_averages_classic,tour_average,pga_tour,classic_data_sheet,TrackMan,2010,Driver,spin rate,spin_rate,2686.0,rpm,281.2772622514061,rad/s,group_mean,cross_verified,https://teeituprva.com/wp-content/uploads/2019/03/PGA-AVERAGES-INTERACTIVE.pdf;http://3jack.blogspot.com/2010/02/trackman-pga-lpga-tour-averages.html;https://hititlonger.com/trackman-data-pga-tour-averages/,
8fb57b83f772c1b0fb6e8823,trackman_tour_averages_classic,tour_average,pga_tour,classic_data_sheet,TrackMan,2010,Driver,max height,apex_height,32.0,yd,29.2608,m,group_mean,cross_verified,https://teeituprva.com/wp-content/uploads/2019/03/PGA-AVERAGES-INTERACTIVE.pdf;http://3jack.blogspot.com/2010/02/trackman-pga-lpga-tour-averages.html;https://hititlonger.com/trackman-data-pga-tour-averages/,
4b4df737f5b06733b2453f63,trackman_tour_averages_classic,tour_average,pga_tour,classic_data_sheet,TrackMan,2010,Driver,land angle,descent_angle,38.0,deg,0.6632251157578453,rad,group_mean,cross_verified,https://teeituprva.com/wp-content/uploads/2019/03/PGA-AVERAGES-INTERACTIVE.pdf;http://3jack.blogspot.com/2010/02/trackman-pga-lpga-tour-averages.html;https://hititlonger.com/trackman-data-pga-tour-averages/,
3e3e1473ec65be7d71f1f75f,trackman_tour_averages_classic,tour_average,pga_tour,classic_data_sheet,TrackMan,2010,Driver,carry,carry_distance,275.0,yd,251.46,m,group_mean,cross_verified,https://teeituprva.com/wp-content/uploads/2019/03/PGA-AVERAGES-INTERACTIVE.pdf;http://3jack.blogspot.com/2010/02/trackman-pga-lpga-tour-averages.html;https://hititlonger.com/trackman-data-pga-tour-averages/,
510cf376eb917273be23e54e,trackman_tour_averages_classic,tour_average,pga_tour,classic_data_sheet,TrackMan,2010,3-wood,club speed,club_speed,107.0,mph,47.83328,m/s,group_mean,cross_verified,https://teeituprva.com/wp-content/uploads/2019/03/PGA-AVERAGES-INTERACTIVE.pdf;http://3jack.blogspot.com/2010/02/trackman-pga-lpga-tour-averages.html;https://hititlonger.com/trackman-data-pga-tour-averages/,
a7296f6373f105300cb337de,trackman_tour_averages_classic,tour_average,pga_tour,classic_data_sheet,TrackMan,2010,3-wood,attack angle,attack_angle,-2.9,deg,-0.05061454830783556,rad,group_mean,cross_verified,https://teeituprva.com/wp-content/uploads/2019/03/PGA-AVERAGES-INTERACTIVE.pdf;http://3jack.blogspot.com/2010/02/trackman-pga-lpga-tour-averages.html;https://hititlonger.com/trackman-data-pga-tour-averages/,
8f83ad6f20dfb12e1d7e3d4a,trackman_tour_averages_classic,tour_average,pga_tour,classic_data_sheet,TrackMan,2010,3-wood,ball speed,ball_speed,158.0,mph,70.63231999999999,m/s,group_mean,cross_verified,https://teeituprva.com/wp-content/uploads/2019/03/PGA-AVERAGES-INTERACTIVE.pdf;http://3jack.blogspot.com/2010/02/trackman-pga-lpga-tour-averages.html;https://hititlonger.com/trackman-data-pga-tour-averages/,
c96dea9cfe68c792e7bf9644,trackman_tour_averages_classic,tour_average,pga_tour,classic_data_sheet,TrackMan,2010,3-wood,smash factor,smash_factor,1.48,1,1.48,1,group_mean,cross_verified,https://teeituprva.com/wp-content/uploads/2019/03/PGA-AVERAGES-INTERACTIVE.pdf;http://3jack.blogspot.com/2010/02/trackman-pga-lpga-tour-averages.html;https://hititlonger.com/trackman-data-pga-tour-averages/,
8310cb381637032499879af0,trackman_tour_averages_classic,tour_average,pga_tour,classic_data_sheet,TrackMan,2010,3-wood,launch angle,launch_angle,9.2,deg,0.16057029118347832,rad,group_mean,cross_verified,https://teeituprva.com/wp-content/uploads/2019/03/PGA-AVERAGES-INTERACTIVE.pdf;http://3jack.blogspot.com/2010/02/trackman-pga-lpga-tour-averages.html;https://hititlonger.com/trackman-data-pga-tour-averages/,
acdee5ac0fd9f55b646fa9e1,trackman_tour_averages_classic,tour_average,pga_tour,classic_data_sheet,TrackMan,2010,3-wood,spin rate,spin_rate,3655.0,rpm,382.75070496235645,rad/s,group_mean,cross_verified,https://teeituprva.com/wp-content/uploads/2019/03/PGA-AVERAGES-INTERACTIVE.pdf;http://3jack.blogspot.com/2010/02/trackman-pga-lpga-tour-averages.html;https://hititlonger.com/trackman-data-pga-tour-averages/,
babe65bb143d5240c1f671fb,trackman_tour_averages_classic,tour_average,pga_tour,classic_data_sheet,TrackMan,2010,3-wood,max height,apex_height,30.0,yd,27.432,m,group_mean,cross_verified,https://teeituprva.com/wp-content/uploads/2019/03/PGA-AVERAGES-INTERACTIVE.pdf;http://3jack.blogspot.com/2010/02/trackman-pga-lpga-tour-averages.html;https://hititlonger.com/trackman-data-pga-tour-averages/,
f54941f6dce0d7bb9c1daa66,trackman_tour_averages_classic,tour_average,pga_tour,classic_data_sheet,TrackMan,2010,3-wood,land angle,descent_angle,43.0,deg,0.7504915783575618,rad,group_mean,cross_verified,https://teeituprva.com/wp-content/uploads/2019/03/PGA-AVERAGES-INTERACTIVE.pdf;http://3jack.blogspot.com/2010/02/trackman-pga-lpga-tour-averages.html;https://hititlonger.com/trackman-data-pga-tour-averages/,
302b8414bb4150276338b586,trackman_tour_averages_classic,tour_average,pga_tour,classic_data_sheet,TrackMan,2010,3-wood,carry,carry_distance,243.0,yd,222.1992,m,group_mean,cross_verified,https://teeituprva.com/wp-content/uploads/2019/03/PGA-AVERAGES-INTERACTIVE.pdf;http://3jack.blogspot.com/2010/02/trackman-pga-lpga-tour-averages.html;https://hititlonger.com/trackman-data-pga-tour-averages/,
3d8b0038a8beabe7fa8aede6,trackman_tour_averages_classic,tour_average,pga_tour,classic_data_sheet,TrackMan,2010,5-wood,club speed,club_speed,103.0,mph,46.04512,m/s,group_mean,cross_verified,https://teeituprva.com/wp-content/uploads/2019/03/PGA-AVERAGES-INTERACTIVE.pdf;http://3jack.blogspot.com/2010/02/trackman-pga-lpga-tour-averages.html;https://hititlonger.com/trackman-data-pga-tour-averages/,
2ccdc80f8f24a51d537560da,trackman_tour_averages_classic,tour_average,pga_tour,classic_data_sheet,TrackMan,2010,5-wood,attack angle,attack_angle,-3.3,deg,-0.05759586531581287,rad,group_mean,cross_verified,https://teeituprva.com/wp-content/uploads/2019/03/PGA-AVERAGES-INTERACTIVE.pdf;http://3jack.blogspot.com/2010/02/trackman-pga-lpga-tour-averages.html;https://hititlonger.com/trackman-data-pga-tour-averages/,
e1289f351f1f12560cb64f96,trackman_tour_averages_classic,tour_average,pga_tour,classic_data_sheet,TrackMan,2010,5-wood,ball speed,ball_speed,152.0,mph,67.95008,m/s,group_mean,cross_verified,https://teeituprva.com/wp-content/uploads/2019/03/PGA-AVERAGES-INTERACTIVE.pdf;http://3jack.blogspot.com/2010/02/trackman-pga-lpga-tour-averages.html;https://hititlonger.com/trackman-data-pga-tour-averages/,
c3c8cd272a71a513f0ebc595,trackman_tour_averages_classic,tour_average,pga_tour,classic_data_sheet,TrackMan,2010,5-wood,smash factor,smash_factor,1.47,1,1.47,1,group_mean,cross_verified,https://teeituprva.com/wp-content/uploads/2019/03/PGA-AVERAGES-INTERACTIVE.pdf;http://3jack.blogspot.com/2010/02/trackman-pga-lpga-tour-averages.html;https://hititlonger.com/trackman-data-pga-tour-averages/,
3c2e27a00baaed92ffe4fb0d,trackman_tour_averages_classic,tour_average,pga_tour,classic_data_sheet,TrackMan,2010,5-wood,launch angle,launch_angle,9.4,deg,0.16406094968746698,rad,group_mean,cross_verified,https://teeituprva.com/wp-content/uploads/2019/03/PGA-AVERAGES-INTERACTIVE.pdf;http://3jack.blogspot.com/2010/02/trackman-pga-lpga-tour-averages.html;https://hititlonger.com/trackman-data-pga-tour-averages/,
541b5a4d9e601e21fd7b3a5a,trackman_tour_averages_classic,tour_average,pga_tour,classic_data_sheet,TrackMan,2010,5-wood,spin rate,spin_rate,4350.0,rpm,455.53093477052,rad/s,group_mean,cross_verified,https://teeituprva.com/wp-content/uploads/2019/03/PGA-AVERAGES-INTERACTIVE.pdf;http://3jack.blogspot.com/2010/02/trackman-pga-lpga-tour-averages.html;https://hititlonger.com/trackman-data-pga-tour-averages/,
214094138f1d2cf2ec036034,trackman_tour_averages_classic,tour_average,pga_tour,classic_data_sheet,TrackMan,2010,5-wood,max height,apex_height,31.0,yd,28.3464,m,group_mean,cross_verified,https://teeituprva.com/wp-content/uploads/2019/03/PGA-AVERAGES-INTERACTIVE.pdf;http://3jack.blogspot.com/2010/02/trackman-pga-lpga-tour-averages.html;https://hititlonger.com/trackman-data-pga-tour-averages/,
a90463d7264edd542467d6ed,trackman_tour_averages_classic,tour_average,pga_tour,classic_data_sheet,TrackMan,2010,5-wood,land angle,descent_angle,47.0,deg,0.8203047484373349,rad,group_mean,cross_verified,https://teeituprva.com/wp-content/uploads/2019/03/PGA-AVERAGES-INTERACTIVE.pdf;http://3jack.blogspot.com/2010/02/trackman-pga-lpga-tour-averages.html;https://hititlonger.com/trackman-data-pga-tour-averages/,
d72131ba300eff27a86e7c99,trackman_tour_averages_classic,tour_average,pga_tour,classic_data_sheet,TrackMan,2010,5-wood,carry,carry_distance,230.0,yd,210.312,m,group_mean,cross_verified,https://teeituprva.com/wp-content/uploads/2019/03/PGA-AVERAGES-INTERACTIVE.pdf;http://3jack.blogspot.com/2010/02/trackman-pga-lpga-tour-averages.html;https://hititlonger.com/trackman-data-pga-tour-averages/,
1b0d466d423612b6b638b0f6,trackman_tour_averages_classic,tour_average,pga_tour,classic_data_sheet,TrackMan,2010,Hybrid 15-18deg,club speed,club_speed,100.0,mph,44.704,m/s,group_mean,cross_verified,https://teeituprva.com/wp-content/uploads/2019/03/PGA-AVERAGES-INTERACTIVE.pdf;http://3jack.blogspot.com/2010/02/trackman-pga-lpga-tour-averages.html;https://hititlonger.com/trackman-data-pga-tour-averages/,
e58a978d42c7ba54de9faf88,trackman_tour_averages_classic,tour_average,pga_tour,classic_data_sheet,TrackMan,2010,Hybrid 15-18deg,attack angle,attack_angle,-3.5,deg,-0.061086523819801536,rad,group_mean,cross_verified,https://teeituprva.com/wp-content/uploads/2019/03/PGA-AVERAGES-INTERACTIVE.pdf;http://3jack.blogspot.com/2010/02/trackman-pga-lpga-tour-averages.html;https://hititlonger.com/trackman-data-pga-tour-averages/,2010 circulation lists -3.3; later official PDF lists -3.5
6aa7cf23fd7ce11f695345cf,trackman_tour_averages_classic,tour_average,pga_tour,classic_data_sheet,TrackMan,2010,Hybrid 15-18deg,ball speed,ball_speed,146.0,mph,65.26783999999999,m/s,group_mean,cross_verified,https://teeituprva.com/wp-content/uploads/2019/03/PGA-AVERAGES-INTERACTIVE.pdf;http://3jack.blogspot.com/2010/02/trackman-pga-lpga-tour-averages.html;https://hititlonger.com/trackman-data-pga-tour-averages/,
5544aa333747e66ae82b40de,trackman_tour_averages_classic,tour_average,pga_tour,classic_data_sheet,TrackMan,2010,Hybrid 15-18deg,smash factor,smash_factor,1.46,1,1.46,1,group_mean,cross_verified,https://teeituprva.com/wp-content/uploads/2019/03/PGA-AVERAGES-INTERACTIVE.pdf;http://3jack.blogspot.com/2010/02/trackman-pga-lpga-tour-averages.html;https://hititlonger.com/trackman-data-pga-tour-averages/,
c0cf49e1adc3a2f501742898,trackman_tour_averages_classic,tour_average,pga_tour,classic_data_sheet,TrackMan,2010,Hybrid 15-18deg,launch angle,launch_angle,10.2,deg,0.1780235837034216,rad,group_mean,cross_verified,https://teeituprva.com/wp-content/uploads/2019/03/PGA-AVERAGES-INTERACTIVE.pdf;http://3jack.blogspot.com/2010/02/trackman-pga-lpga-tour-averages.html;https://hititlonger.com/trackman-data-pga-tour-averages/,
041640014a6b7848139486ba,trackman_tour_averages_classic,tour_average,pga_tour,classic_data_sheet,TrackMan,2010,Hybrid 15-18deg,spin rate,spin_rate,4437.0,rpm,464.6415534659304,rad/s,group_mean,cross_verified,https://teeituprva.com/wp-content/uploads/2019/03/PGA-AVERAGES-INTERACTIVE.pdf;http://3jack.blogspot.com/2010/02/trackman-pga-lpga-tour-averages.html;https://hititlonger.com/trackman-data-pga-tour-averages/,
9646c69dc7b13671d48ff7c3,trackman_tour_averages_classic,tour_average,pga_tour,classic_data_sheet,TrackMan,2010,Hybrid 15-18deg,max height,apex_height,29.0,yd,26.517599999999998,m,group_mean,cross_verified,https://teeituprva.com/wp-content/uploads/2019/03/PGA-AVERAGES-INTERACTIVE.pdf;http://3jack.blogspot.com/2010/02/trackman-pga-lpga-tour-averages.html;https://hititlonger.com/trackman-data-pga-tour-averages/,
45b80f16fcf01f899ee1c964,trackman_tour_averages_classic,tour_average,pga_tour,classic_data_sheet,TrackMan,2010,Hybrid 15-18deg,land angle,descent_angle,47.0,deg,0.8203047484373349,rad,group_mean,cross_verified,https://teeituprva.com/wp-content/uploads/2019/03/PGA-AVERAGES-INTERACTIVE.pdf;http://3jack.blogspot.com/2010/02/trackman-pga-lpga-tour-averages.html;https://hititlonger.com/trackman-data-pga-tour-averages/,
a1067a495bf55e5e16d5a7b8,trackman_tour_averages_classic,tour_average,pga_tour,classic_data_sheet,TrackMan,2010,Hybrid 15-18deg,carry,carry_distance,225.0,yd,205.74,m,group_mean,cross_verified,https://teeituprva.com/wp-content/uploads/2019/03/PGA-AVERAGES-INTERACTIVE.pdf;http://3jack.blogspot.com/2010/02/trackman-pga-lpga-tour-averages.html;https://hititlonger.com/trackman-data-pga-tour-averages/,
039462600ab62c33638bf8da,trackman_tour_averages_classic,tour_average,pga_tour,classic_data_sheet,TrackMan,2010,3-iron,club speed,club_speed,98.0,mph,43.80992,m/s,group_mean,cross_verified,https://teeituprva.com/wp-content/uploads/2019/03/PGA-AVERAGES-INTERACTIVE.pdf;http://3jack.blogspot.com/2010/02/trackman-pga-lpga-tour-averages.html;https://hititlonger.com/trackman-data-pga-tour-averages/,
39943de779bbbd5ffb03ca9f,trackman_tour_averages_classic,tour_average,pga_tour,classic_data_sheet,TrackMan,2010,3-iron,attack angle,attack_angle,-3.1,deg,-0.054105206811824215,rad,group_mean,cross_verified,https://teeituprva.com/wp-content/uploads/2019/03/PGA-AVERAGES-INTERACTIVE.pdf;http://3jack.blogspot.com/2010/02/trackman-pga-lpga-tour-averages.html;https://hititlonger.com/trackman-data-pga-tour-averages/,
8f9a913199c9227d9df2b752,trackman_tour_averages_classic,tour_average,pga_tour,classic_data_sheet,TrackMan,2010,3-iron,ball speed,ball_speed,142.0,mph,63.47968,m/s,group_mean,cross_verified,https://teeituprva.com/wp-content/uploads/2019/03/PGA-AVERAGES-INTERACTIVE.pdf;http://3jack.blogspot.com/2010/02/trackman-pga-lpga-tour-averages.html;https://hititlonger.com/trackman-data-pga-tour-averages/,
7210df44e32228340b4808d9,trackman_tour_averages_classic,tour_average,pga_tour,classic_data_sheet,TrackMan,2010,3-iron,smash factor,smash_factor,1.45,1,1.45,1,group_mean,cross_verified,https://teeituprva.com/wp-content/uploads/2019/03/PGA-AVERAGES-INTERACTIVE.pdf;http://3jack.blogspot.com/2010/02/trackman-pga-lpga-tour-averages.html;https://hititlonger.com/trackman-data-pga-tour-averages/,
c6c7b7afe1b13fd8457f9756,trackman_tour_averages_classic,tour_average,pga_tour,classic_data_sheet,TrackMan,2010,3-iron,launch angle,launch_angle,10.4,deg,0.18151424220741028,rad,group_mean,cross_verified,https://teeituprva.com/wp-content/uploads/2019/03/PGA-AVERAGES-INTERACTIVE.pdf;http://3jack.blogspot.com/2010/02/trackman-pga-lpga-tour-averages.html;https://hititlonger.com/trackman-data-pga-tour-averages/,
ba7c28c20b586eb95df466f2,trackman_tour_averages_classic,tour_average,pga_tour,classic_data_sheet,TrackMan,2010,3-iron,spin rate,spin_rate,4630.0,rpm,484.8524662040247,rad/s,group_mean,cross_verified,https://teeituprva.com/wp-content/uploads/2019/03/PGA-AVERAGES-INTERACTIVE.pdf;http://3jack.blogspot.com/2010/02/trackman-pga-lpga-tour-averages.html;https://hititlonger.com/trackman-data-pga-tour-averages/,2010 circulation lists 4640; later official PDF lists 4630
2e103044c5e7ca43a9143780,trackman_tour_averages_classic,tour_average,pga_tour,classic_data_sheet,TrackMan,2010,3-iron,max height,apex_height,27.0,yd,24.6888,m,group_mean,cross_verified,https://teeituprva.com/wp-content/uploads/2019/03/PGA-AVERAGES-INTERACTIVE.pdf;http://3jack.blogspot.com/2010/02/trackman-pga-lpga-tour-averages.html;https://hititlonger.com/trackman-data-pga-tour-averages/,
ba4275e8a5dfc09d046be18a,trackman_tour_averages_classic,tour_average,pga_tour,classic_data_sheet,TrackMan,2010,3-iron,land angle,descent_angle,46.0,deg,0.8028514559173916,rad,group_mean,cross_verified,https://teeituprva.com/wp-content/uploads/2019/03/PGA-AVERAGES-INTERACTIVE.pdf;http://3jack.blogspot.com/2010/02/trackman-pga-lpga-tour-averages.html;https://hititlonger.com/trackman-data-pga-tour-averages/,
a3d1792f5833fcca58ac55a1,trackman_tour_averages_classic,tour_average,pga_tour,classic_data_sheet,TrackMan,2010,3-iron,carry,carry_distance,212.0,yd,193.8528,m,group_mean,cross_verified,https://teeituprva.com/wp-content/uploads/2019/03/PGA-AVERAGES-INTERACTIVE.pdf;http://3jack.blogspot.com/2010/02/trackman-pga-lpga-tour-averages.html;https://hititlonger.com/trackman-data-pga-tour-averages/,
f56958e8e7845c30e43ee1ed,trackman_tour_averages_classic,tour_average,pga_tour,classic_data_sheet,TrackMan,2010,4-iron,club speed,club_speed,96.0,mph,42.91584,m/s,group_mean,cross_verified,https://teeituprva.com/wp-content/uploads/2019/03/PGA-AVERAGES-INTERACTIVE.pdf;http://3jack.blogspot.com/2010/02/trackman-pga-lpga-tour-averages.html;https://hititlonger.com/trackman-data-pga-tour-averages/,
1c445786574bc9ad953d2732,trackman_tour_averages_classic,tour_average,pga_tour,classic_data_sheet,TrackMan,2010,4-iron,attack angle,attack_angle,-3.4,deg,-0.059341194567807204,rad,group_mean,cross_verified,https://teeituprva.com/wp-content/uploads/2019/03/PGA-AVERAGES-INTERACTIVE.pdf;http://3jack.blogspot.com/2010/02/trackman-pga-lpga-tour-averages.html;https://hititlonger.com/trackman-data-pga-tour-averages/,
7fe2d6b2520c1d3f46099ccc,trackman_tour_averages_classic,tour_average,pga_tour,classic_data_sheet,TrackMan,2010,4-iron,ball speed,ball_speed,137.0,mph,61.244479999999996,m/s,group_mean,cross_verified,https://teeituprva.com/wp-content/uploads/2019/03/PGA-AVERAGES-INTERACTIVE.pdf;http://3jack.blogspot.com/2010/02/trackman-pga-lpga-tour-averages.html;https://hititlonger.com/trackman-data-pga-tour-averages/,
b857a70db26c92cccb2fa4ba,trackman_tour_averages_classic,tour_average,pga_tour,classic_data_sheet,TrackMan,2010,4-iron,smash factor,smash_factor,1.43,1,1.43,1,group_mean,cross_verified,https://teeituprva.com/wp-content/uploads/2019/03/PGA-AVERAGES-INTERACTIVE.pdf;http://3jack.blogspot.com/2010/02/trackman-pga-lpga-tour-averages.html;https://hititlonger.com/trackman-data-pga-tour-averages/,
9de47d46d688f7905def3b6d,trackman_tour_averages_classic,tour_average,pga_tour,classic_data_sheet,TrackMan,2010,4-iron,launch angle,launch_angle,11.0,deg,0.19198621771937624,rad,group_mean,cross_verified,https://teeituprva.com/wp-content/uploads/2019/03/PGA-AVERAGES-INTERACTIVE.pdf;http://3jack.blogspot.com/2010/02/trackman-pga-lpga-tour-averages.html;https://hititlonger.com/trackman-data-pga-tour-averages/,
abbde962e249b6da2f45985c,trackman_tour_averages_classic,tour_average,pga_tour,classic_data_sheet,TrackMan,2010,4-iron,spin rate,spin_rate,4836.0,rpm,506.4247357586746,rad/s,group_mean,cross_verified,https://teeituprva.com/wp-content/uploads/2019/03/PGA-AVERAGES-INTERACTIVE.pdf;http://3jack.blogspot.com/2010/02/trackman-pga-lpga-tour-averages.html;https://hititlonger.com/trackman-data-pga-tour-averages/,
0545be76a08cf308f70ae3a2,trackman_tour_averages_classic,tour_average,pga_tour,classic_data_sheet,TrackMan,2010,4-iron,max height,apex_height,28.0,yd,25.6032,m,group_mean,cross_verified,https://teeituprva.com/wp-content/uploads/2019/03/PGA-AVERAGES-INTERACTIVE.pdf;http://3jack.blogspot.com/2010/02/trackman-pga-lpga-tour-averages.html;https://hititlonger.com/trackman-data-pga-tour-averages/,
cbb396fe4e04af15369b26f8,trackman_tour_averages_classic,tour_average,pga_tour,classic_data_sheet,TrackMan,2010,4-iron,land angle,descent_angle,48.0,deg,0.8377580409572782,rad,group_mean,cross_verified,https://teeituprva.com/wp-content/uploads/2019/03/PGA-AVERAGES-INTERACTIVE.pdf;http://3jack.blogspot.com/2010/02/trackman-pga-lpga-tour-averages.html;https://hititlonger.com/trackman-data-pga-tour-averages/,
db562525e96f6ab48f4388f7,trackman_tour_averages_classic,tour_average,pga_tour,classic_data_sheet,TrackMan,2010,4-iron,carry,carry_distance,203.0,yd,185.6232,m,group_mean,cross_verified,https://teeituprva.com/wp-content/uploads/2019/03/PGA-AVERAGES-INTERACTIVE.pdf;http://3jack.blogspot.com/2010/02/trackman-pga-lpga-tour-averages.html;https://hititlonger.com/trackman-data-pga-tour-averages/,
7943741586878f3a1f0e3b1f,trackman_tour_averages_classic,tour_average,pga_tour,classic_data_sheet,TrackMan,2010,5-iron,club speed,club_speed,94.0,mph,42.02176,m/s,group_mean,cross_verified,https://teeituprva.com/wp-content/uploads/2019/03/PGA-AVERAGES-INTERACTIVE.pdf;http://3jack.blogspot.com/2010/02/trackman-pga-lpga-tour-averages.html;https://hititlonger.com/trackman-data-pga-tour-averages/,
4481112c05796bfa8fc34e78,trackman_tour_averages_classic,tour_average,pga_tour,classic_data_sheet,TrackMan,2010,5-iron,attack angle,attack_angle,-3.7,deg,-0.0645771823237902,rad,group_mean,cross_verified,https://teeituprva.com/wp-content/uploads/2019/03/PGA-AVERAGES-INTERACTIVE.pdf;http://3jack.blogspot.com/2010/02/trackman-pga-lpga-tour-averages.html;https://hititlonger.com/trackman-data-pga-tour-averages/,
7ca77dcb45039a88ab804620,trackman_tour_averages_classic,tour_average,pga_tour,classic_data_sheet,TrackMan,2010,5-iron,ball speed,ball_speed,132.0,mph,59.00928,m/s,group_mean,cross_verified,https://teeituprva.com/wp-content/uploads/2019/03/PGA-AVERAGES-INTERACTIVE.pdf;http://3jack.blogspot.com/2010/02/trackman-pga-lpga-tour-averages.html;https://hititlonger.com/trackman-data-pga-tour-averages/,
a560624c5c5e261743c596c0,trackman_tour_averages_classic,tour_average,pga_tour,classic_data_sheet,TrackMan,2010,5-iron,smash factor,smash_factor,1.41,1,1.41,1,group_mean,cross_verified,https://teeituprva.com/wp-content/uploads/2019/03/PGA-AVERAGES-INTERACTIVE.pdf;http://3jack.blogspot.com/2010/02/trackman-pga-lpga-tour-averages.html;https://hititlonger.com/trackman-data-pga-tour-averages/,
f6ea394b5ff39e09d625152c,trackman_tour_averages_classic,tour_average,pga_tour,classic_data_sheet,TrackMan,2010,5-iron,launch angle,launch_angle,12.1,deg,0.21118483949131386,rad,group_mean,cross_verified,https://teeituprva.com/wp-content/uploads/2019/03/PGA-AVERAGES-INTERACTIVE.pdf;http://3jack.blogspot.com/2010/02/trackman-pga-lpga-tour-averages.html;https://hititlonger.com/trackman-data-pga-tour-averages/,
55c070d45ec422f3fc2a9b09,trackman_tour_averages_classic,tour_average,pga_tour,classic_data_sheet,TrackMan,2010,5-iron,spin rate,spin_rate,5361.0,rpm,561.402607196496,rad/s,group_mean,cross_verified,https://teeituprva.com/wp-content/uploads/2019/03/PGA-AVERAGES-INTERACTIVE.pdf;http://3jack.blogspot.com/2010/02/trackman-pga-lpga-tour-averages.html;https://hititlonger.com/trackman-data-pga-tour-averages/,
aeeb2b0fcb6c3c7984559d08,trackman_tour_averages_classic,tour_average,pga_tour,classic_data_sheet,TrackMan,2010,5-iron,max height,apex_height,31.0,yd,28.3464,m,group_mean,cross_verified,https://teeituprva.com/wp-content/uploads/2019/03/PGA-AVERAGES-INTERACTIVE.pdf;http://3jack.blogspot.com/2010/02/trackman-pga-lpga-tour-averages.html;https://hititlonger.com/trackman-data-pga-tour-averages/,
74be7a6974c7741723b70f25,trackman_tour_averages_classic,tour_average,pga_tour,classic_data_sheet,TrackMan,2010,5-iron,land angle,descent_angle,49.0,deg,0.8552113334772214,rad,group_mean,cross_verified,https://teeituprva.com/wp-content/uploads/2019/03/PGA-AVERAGES-INTERACTIVE.pdf;http://3jack.blogspot.com/2010/02/trackman-pga-lpga-tour-averages.html;https://hititlonger.com/trackman-data-pga-tour-averages/,
e7bb11dd6de51cf72bdfa8e0,trackman_tour_averages_classic,tour_average,pga_tour,classic_data_sheet,TrackMan,2010,5-iron,carry,carry_distance,194.0,yd,177.3936,m,group_mean,cross_verified,https://teeituprva.com/wp-content/uploads/2019/03/PGA-AVERAGES-INTERACTIVE.pdf;http://3jack.blogspot.com/2010/02/trackman-pga-lpga-tour-averages.html;https://hititlonger.com/trackman-data-pga-tour-averages/,
5a1b577b5dd108a34e8818d9,trackman_tour_averages_classic,tour_average,pga_tour,classic_data_sheet,TrackMan,2010,6-iron,club speed,club_speed,92.0,mph,41.12768,m/s,group_mean,cross_verified,https://teeituprva.com/wp-content/uploads/2019/03/PGA-AVERAGES-INTERACTIVE.pdf;http://3jack.blogspot.com/2010/02/trackman-pga-lpga-tour-averages.html;https://hititlonger.com/trackman-data-pga-tour-averages/,
7d13051552cc0e17963f308d,trackman_tour_averages_classic,tour_average,pga_tour,classic_data_sheet,TrackMan,2010,6-iron,attack angle,attack_angle,-4.1,deg,-0.0715584993317675,rad,group_mean,cross_verified,https://teeituprva.com/wp-content/uploads/2019/03/PGA-AVERAGES-INTERACTIVE.pdf;http://3jack.blogspot.com/2010/02/trackman-pga-lpga-tour-averages.html;https://hititlonger.com/trackman-data-pga-tour-averages/,
73a06ecc758ddca3f06b29e3,trackman_tour_averages_classic,tour_average,pga_tour,classic_data_sheet,TrackMan,2010,6-iron,ball speed,ball_speed,127.0,mph,56.77408,m/s,group_mean,cross_verified,https://teeituprva.com/wp-content/uploads/2019/03/PGA-AVERAGES-INTERACTIVE.pdf;http://3jack.blogspot.com/2010/02/trackman-pga-lpga-tour-averages.html;https://hititlonger.com/trackman-data-pga-tour-averages/,
b6aef1f649f7ef32b31428e2,trackman_tour_averages_classic,tour_average,pga_tour,classic_data_sheet,TrackMan,2010,6-iron,smash factor,smash_factor,1.38,1,1.38,1,group_mean,cross_verified,https://teeituprva.com/wp-content/uploads/2019/03/PGA-AVERAGES-INTERACTIVE.pdf;http://3jack.blogspot.com/2010/02/trackman-pga-lpga-tour-averages.html;https://hititlonger.com/trackman-data-pga-tour-averages/,
8e6a03d30d870660ffbcf514,trackman_tour_averages_classic,tour_average,pga_tour,classic_data_sheet,TrackMan,2010,6-iron,launch angle,launch_angle,14.1,deg,0.24609142453120045,rad,group_mean,cross_verified,https://teeituprva.com/wp-content/uploads/2019/03/PGA-AVERAGES-INTERACTIVE.pdf;http://3jack.blogspot.com/2010/02/trackman-pga-lpga-tour-averages.html;https://hititlonger.com/trackman-data-pga-tour-averages/,
8e13d545becb1886c88242c2,trackman_tour_averages_classic,tour_average,pga_tour,classic_data_sheet,TrackMan,2010,6-iron,spin rate,spin_rate,6231.0,rpm,652.5087941506,rad/s,group_mean,cross_verified,https://teeituprva.com/wp-content/uploads/2019/03/PGA-AVERAGES-INTERACTIVE.pdf;http://3jack.blogspot.com/2010/02/trackman-pga-lpga-tour-averages.html;https://hititlonger.com/trackman-data-pga-tour-averages/,
70fff456b596cb6a42b941df,trackman_tour_averages_classic,tour_average,pga_tour,classic_data_sheet,TrackMan,2010,6-iron,max height,apex_height,30.0,yd,27.432,m,group_mean,cross_verified,https://teeituprva.com/wp-content/uploads/2019/03/PGA-AVERAGES-INTERACTIVE.pdf;http://3jack.blogspot.com/2010/02/trackman-pga-lpga-tour-averages.html;https://hititlonger.com/trackman-data-pga-tour-averages/,
8e829ac391a67667225241aa,trackman_tour_averages_classic,tour_average,pga_tour,classic_data_sheet,TrackMan,2010,6-iron,land angle,descent_angle,50.0,deg,0.8726646259971648,rad,group_mean,cross_verified,https://teeituprva.com/wp-content/uploads/2019/03/PGA-AVERAGES-INTERACTIVE.pdf;http://3jack.blogspot.com/2010/02/trackman-pga-lpga-tour-averages.html;https://hititlonger.com/trackman-data-pga-tour-averages/,
30e2c7f48f4649917c0f1636,trackman_tour_averages_classic,tour_average,pga_tour,classic_data_sheet,TrackMan,2010,6-iron,carry,carry_distance,183.0,yd,167.3352,m,group_mean,cross_verified,https://teeituprva.com/wp-content/uploads/2019/03/PGA-AVERAGES-INTERACTIVE.pdf;http://3jack.blogspot.com/2010/02/trackman-pga-lpga-tour-averages.html;https://hititlonger.com/trackman-data-pga-tour-averages/,
025770eecec109378562e742,trackman_tour_averages_classic,tour_average,pga_tour,classic_data_sheet,TrackMan,2010,7-iron,club speed,club_speed,90.0,mph,40.2336,m/s,group_mean,cross_verified,https://teeituprva.com/wp-content/uploads/2019/03/PGA-AVERAGES-INTERACTIVE.pdf;http://3jack.blogspot.com/2010/02/trackman-pga-lpga-tour-averages.html;https://hititlonger.com/trackman-data-pga-tour-averages/,
639280d107ceb9213e4d250c,trackman_tour_averages_classic,tour_average,pga_tour,classic_data_sheet,TrackMan,2010,7-iron,attack angle,attack_angle,-4.3,deg,-0.07504915783575616,rad,group_mean,cross_verified,https://teeituprva.com/wp-content/uploads/2019/03/PGA-AVERAGES-INTERACTIVE.pdf;http://3jack.blogspot.com/2010/02/trackman-pga-lpga-tour-averages.html;https://hititlonger.com/trackman-data-pga-tour-averages/,
2df8b73cd6d5a22524f384c1,trackman_tour_averages_classic,tour_average,pga_tour,classic_data_sheet,TrackMan,2010,7-iron,ball speed,ball_speed,120.0,mph,53.6448,m/s,group_mean,cross_verified,https://teeituprva.com/wp-content/uploads/2019/03/PGA-AVERAGES-INTERACTIVE.pdf;http://3jack.blogspot.com/2010/02/trackman-pga-lpga-tour-averages.html;https://hititlonger.com/trackman-data-pga-tour-averages/,
c7b44457ec215ef9439193fb,trackman_tour_averages_classic,tour_average,pga_tour,classic_data_sheet,TrackMan,2010,7-iron,smash factor,smash_factor,1.33,1,1.33,1,group_mean,cross_verified,https://teeituprva.com/wp-content/uploads/2019/03/PGA-AVERAGES-INTERACTIVE.pdf;http://3jack.blogspot.com/2010/02/trackman-pga-lpga-tour-averages.html;https://hititlonger.com/trackman-data-pga-tour-averages/,
be742dcb51069e044f082e85,trackman_tour_averages_classic,tour_average,pga_tour,classic_data_sheet,TrackMan,2010,7-iron,launch angle,launch_angle,16.3,deg,0.2844886680750757,rad,group_mean,cross_verified,https://teeituprva.com/wp-content/uploads/2019/03/PGA-AVERAGES-INTERACTIVE.pdf;http://3jack.blogspot.com/2010/02/trackman-pga-lpga-tour-averages.html;https://hititlonger.com/trackman-data-pga-tour-averages/,
a9a1de63fffec9b8c6b563f6,trackman_tour_averages_classic,tour_average,pga_tour,classic_data_sheet,TrackMan,2010,7-iron,spin rate,spin_rate,7097.0,rpm,743.1961020842253,rad/s,group_mean,cross_verified,https://teeituprva.com/wp-content/uploads/2019/03/PGA-AVERAGES-INTERACTIVE.pdf;http://3jack.blogspot.com/2010/02/trackman-pga-lpga-tour-averages.html;https://hititlonger.com/trackman-data-pga-tour-averages/,
929a84da3d114d223980da2f,trackman_tour_averages_classic,tour_average,pga_tour,classic_data_sheet,TrackMan,2010,7-iron,max height,apex_height,32.0,yd,29.2608,m,group_mean,cross_verified,https://teeituprva.com/wp-content/uploads/2019/03/PGA-AVERAGES-INTERACTIVE.pdf;http://3jack.blogspot.com/2010/02/trackman-pga-lpga-tour-averages.html;https://hititlonger.com/trackman-data-pga-tour-averages/,
d6f6506630ead18442d80134,trackman_tour_averages_classic,tour_average,pga_tour,classic_data_sheet,TrackMan,2010,7-iron,land angle,descent_angle,50.0,deg,0.8726646259971648,rad,group_mean,cross_verified,https://teeituprva.com/wp-content/uploads/2019/03/PGA-AVERAGES-INTERACTIVE.pdf;http://3jack.blogspot.com/2010/02/trackman-pga-lpga-tour-averages.html;https://hititlonger.com/trackman-data-pga-tour-averages/,
111ea312776539c064961997,trackman_tour_averages_classic,tour_average,pga_tour,classic_data_sheet,TrackMan,2010,7-iron,carry,carry_distance,172.0,yd,157.2768,m,group_mean,cross_verified,https://teeituprva.com/wp-content/uploads/2019/03/PGA-AVERAGES-INTERACTIVE.pdf;http://3jack.blogspot.com/2010/02/trackman-pga-lpga-tour-averages.html;https://hititlonger.com/trackman-data-pga-tour-averages/,
c80ef72e7c93a492d3dca9bf,trackman_tour_averages_classic,tour_average,pga_tour,classic_data_sheet,TrackMan,2010,8-iron,club speed,club_speed,87.0,mph,38.89248,m/s,group_mean,cross_verified,https://teeituprva.com/wp-content/uploads/2019/03/PGA-AVERAGES-INTERACTIVE.pdf;http://3jack.blogspot.com/2010/02/trackman-pga-lpga-tour-averages.html;https://hititlonger.com/trackman-data-pga-tour-averages/,
f88c5671e2471ffd2930c8b0,trackman_tour_averages_classic,tour_average,pga_tour,classic_data_sheet,TrackMan,2010,8-iron,attack angle,attack_angle,-4.5,deg,-0.07853981633974483,rad,group_mean,cross_verified,https://teeituprva.com/wp-content/uploads/2019/03/PGA-AVERAGES-INTERACTIVE.pdf;http://3jack.blogspot.com/2010/02/trackman-pga-lpga-tour-averages.html;https://hititlonger.com/trackman-data-pga-tour-averages/,
c93eee9b0394c18e85c35079,trackman_tour_averages_classic,tour_average,pga_tour,classic_data_sheet,TrackMan,2010,8-iron,ball speed,ball_speed,115.0,mph,51.4096,m/s,group_mean,cross_verified,https://teeituprva.com/wp-content/uploads/2019/03/PGA-AVERAGES-INTERACTIVE.pdf;http://3jack.blogspot.com/2010/02/trackman-pga-lpga-tour-averages.html;https://hititlonger.com/trackman-data-pga-tour-averages/,
234cffadcf521d4d9ee2e3a1,trackman_tour_averages_classic,tour_average,pga_tour,classic_data_sheet,TrackMan,2010,8-iron,smash factor,smash_factor,1.32,1,1.32,1,group_mean,cross_verified,https://teeituprva.com/wp-content/uploads/2019/03/PGA-AVERAGES-INTERACTIVE.pdf;http://3jack.blogspot.com/2010/02/trackman-pga-lpga-tour-averages.html;https://hititlonger.com/trackman-data-pga-tour-averages/,
c6c31853ae25ffd28457e886,trackman_tour_averages_classic,tour_average,pga_tour,classic_data_sheet,TrackMan,2010,8-iron,launch angle,launch_angle,18.1,deg,0.3159045946109737,rad,group_mean,cross_verified,https://teeituprva.com/wp-content/uploads/2019/03/PGA-AVERAGES-INTERACTIVE.pdf;http://3jack.blogspot.com/2010/02/trackman-pga-lpga-tour-averages.html;https://hititlonger.com/trackman-data-pga-tour-averages/,
53e34e34c4c23952a34f5780,trackman_tour_averages_classic,tour_average,pga_tour,classic_data_sheet,TrackMan,2010,8-iron,spin rate,spin_rate,7998.0,rpm,837.5486014470388,rad/s,group_mean,cross_verified,https://teeituprva.com/wp-content/uploads/2019/03/PGA-AVERAGES-INTERACTIVE.pdf;http://3jack.blogspot.com/2010/02/trackman-pga-lpga-tour-averages.html;https://hititlonger.com/trackman-data-pga-tour-averages/,
1b9f1d8b864482b4e285920c,trackman_tour_averages_classic,tour_average,pga_tour,classic_data_sheet,TrackMan,2010,8-iron,max height,apex_height,31.0,yd,28.3464,m,group_mean,cross_verified,https://teeituprva.com/wp-content/uploads/2019/03/PGA-AVERAGES-INTERACTIVE.pdf;http://3jack.blogspot.com/2010/02/trackman-pga-lpga-tour-averages.html;https://hititlonger.com/trackman-data-pga-tour-averages/,
b23082bd33dd854e3f26b6e4,trackman_tour_averages_classic,tour_average,pga_tour,classic_data_sheet,TrackMan,2010,8-iron,land angle,descent_angle,50.0,deg,0.8726646259971648,rad,group_mean,cross_verified,https://teeituprva.com/wp-content/uploads/2019/03/PGA-AVERAGES-INTERACTIVE.pdf;http://3jack.blogspot.com/2010/02/trackman-pga-lpga-tour-averages.html;https://hititlonger.com/trackman-data-pga-tour-averages/,one republication reads 51
cd0bbdc974805d8f191d5ab6,trackman_tour_averages_classic,tour_average,pga_tour,classic_data_sheet,TrackMan,2010,8-iron,carry,carry_distance,160.0,yd,146.304,m,group_mean,cross_verified,https://teeituprva.com/wp-content/uploads/2019/03/PGA-AVERAGES-INTERACTIVE.pdf;http://3jack.blogspot.com/2010/02/trackman-pga-lpga-tour-averages.html;https://hititlonger.com/trackman-data-pga-tour-averages/,
fd4ddecf7cf34c8c0c26ba05,trackman_tour_averages_classic,tour_average,pga_tour,classic_data_sheet,TrackMan,2010,9-iron,club speed,club_speed,85.0,mph,37.9984,m/s,group_mean,cross_verified,https://teeituprva.com/wp-content/uploads/2019/03/PGA-AVERAGES-INTERACTIVE.pdf;http://3jack.blogspot.com/2010/02/trackman-pga-lpga-tour-averages.html;https://hititlonger.com/trackman-data-pga-tour-averages/,
dffcee7b2e2a1da193895d2d,trackman_tour_averages_classic,tour_average,pga_tour,classic_data_sheet,TrackMan,2010,9-iron,attack angle,attack_angle,-4.7,deg,-0.08203047484373349,rad,group_mean,cross_verified,https://teeituprva.com/wp-content/uploads/2019/03/PGA-AVERAGES-INTERACTIVE.pdf;http://3jack.blogspot.com/2010/02/trackman-pga-lpga-tour-averages.html;https://hititlonger.com/trackman-data-pga-tour-averages/,
dce1f62da3b8da2b7fa333fa,trackman_tour_averages_classic,tour_average,pga_tour,classic_data_sheet,TrackMan,2010,9-iron,ball speed,ball_speed,109.0,mph,48.72736,m/s,group_mean,cross_verified,https://teeituprva.com/wp-content/uploads/2019/03/PGA-AVERAGES-INTERACTIVE.pdf;http://3jack.blogspot.com/2010/02/trackman-pga-lpga-tour-averages.html;https://hititlonger.com/trackman-data-pga-tour-averages/,
d98de5c1c9bbf00a4417f2fc,trackman_tour_averages_classic,tour_average,pga_tour,classic_data_sheet,TrackMan,2010,9-iron,smash factor,smash_factor,1.28,1,1.28,1,group_mean,cross_verified,https://teeituprva.com/wp-content/uploads/2019/03/PGA-AVERAGES-INTERACTIVE.pdf;http://3jack.blogspot.com/2010/02/trackman-pga-lpga-tour-averages.html;https://hititlonger.com/trackman-data-pga-tour-averages/,
993e77150926ce994e20d162,trackman_tour_averages_classic,tour_average,pga_tour,classic_data_sheet,TrackMan,2010,9-iron,launch angle,launch_angle,20.4,deg,0.3560471674068432,rad,group_mean,cross_verified,https://teeituprva.com/wp-content/uploads/2019/03/PGA-AVERAGES-INTERACTIVE.pdf;http://3jack.blogspot.com/2010/02/trackman-pga-lpga-tour-averages.html;https://hititlonger.com/trackman-data-pga-tour-averages/,
3f3fd80dec1b5269c8c06b35,trackman_tour_averages_classic,tour_average,pga_tour,classic_data_sheet,TrackMan,2010,9-iron,spin rate,spin_rate,8647.0,rpm,905.511722519698,rad/s,group_mean,cross_verified,https://teeituprva.com/wp-content/uploads/2019/03/PGA-AVERAGES-INTERACTIVE.pdf;http://3jack.blogspot.com/2010/02/trackman-pga-lpga-tour-averages.html;https://hititlonger.com/trackman-data-pga-tour-averages/,
8450f86bf33ef7f36937026b,trackman_tour_averages_classic,tour_average,pga_tour,classic_data_sheet,TrackMan,2010,9-iron,max height,apex_height,30.0,yd,27.432,m,group_mean,cross_verified,https://teeituprva.com/wp-content/uploads/2019/03/PGA-AVERAGES-INTERACTIVE.pdf;http://3jack.blogspot.com/2010/02/trackman-pga-lpga-tour-averages.html;https://hititlonger.com/trackman-data-pga-tour-averages/,
44974ec99bc702d6b14dac57,trackman_tour_averages_classic,tour_average,pga_tour,classic_data_sheet,TrackMan,2010,9-iron,land angle,descent_angle,51.0,deg,0.8901179185171081,rad,group_mean,cross_verified,https://teeituprva.com/wp-content/uploads/2019/03/PGA-AVERAGES-INTERACTIVE.pdf;http://3jack.blogspot.com/2010/02/trackman-pga-lpga-tour-averages.html;https://hititlonger.com/trackman-data-pga-tour-averages/,
fb1352970b26f93cd7a2e8f6,trackman_tour_averages_classic,tour_average,pga_tour,classic_data_sheet,TrackMan,2010,9-iron,carry,carry_distance,148.0,yd,135.3312,m,group_mean,cross_verified,https://teeituprva.com/wp-content/uploads/2019/03/PGA-AVERAGES-INTERACTIVE.pdf;http://3jack.blogspot.com/2010/02/trackman-pga-lpga-tour-averages.html;https://hititlonger.com/trackman-data-pga-tour-averages/,
ac8d05e35addd6fc921c8c00,trackman_tour_averages_classic,tour_average,pga_tour,classic_data_sheet,TrackMan,2010,PW,club speed,club_speed,83.0,mph,37.10432,m/s,group_mean,cross_verified,https://teeituprva.com/wp-content/uploads/2019/03/PGA-AVERAGES-INTERACTIVE.pdf;http://3jack.blogspot.com/2010/02/trackman-pga-lpga-tour-averages.html;https://hititlonger.com/trackman-data-pga-tour-averages/,
ecbbe935d3f38f2a0507c305,trackman_tour_averages_classic,tour_average,pga_tour,classic_data_sheet,TrackMan,2010,PW,attack angle,attack_angle,-5.0,deg,-0.08726646259971647,rad,group_mean,cross_verified,https://teeituprva.com/wp-content/uploads/2019/03/PGA-AVERAGES-INTERACTIVE.pdf;http://3jack.blogspot.com/2010/02/trackman-pga-lpga-tour-averages.html;https://hititlonger.com/trackman-data-pga-tour-averages/,
30e53aa5ae164c2a5ab5fe5e,trackman_tour_averages_classic,tour_average,pga_tour,classic_data_sheet,TrackMan,2010,PW,ball speed,ball_speed,102.0,mph,45.598079999999996,m/s,group_mean,cross_verified,https://teeituprva.com/wp-content/uploads/2019/03/PGA-AVERAGES-INTERACTIVE.pdf;http://3jack.blogspot.com/2010/02/trackman-pga-lpga-tour-averages.html;https://hititlonger.com/trackman-data-pga-tour-averages/,
5b64749079b3ee7bf15902c3,trackman_tour_averages_classic,tour_average,pga_tour,classic_data_sheet,TrackMan,2010,PW,smash factor,smash_factor,1.23,1,1.23,1,group_mean,cross_verified,https://teeituprva.com/wp-content/uploads/2019/03/PGA-AVERAGES-INTERACTIVE.pdf;http://3jack.blogspot.com/2010/02/trackman-pga-lpga-tour-averages.html;https://hititlonger.com/trackman-data-pga-tour-averages/,
75fc9a0d9de0cf1ce2ccdec5,trackman_tour_averages_classic,tour_average,pga_tour,classic_data_sheet,TrackMan,2010,PW,launch angle,launch_angle,24.2,deg,0.4223696789826277,rad,group_mean,cross_verified,https://teeituprva.com/wp-content/uploads/2019/03/PGA-AVERAGES-INTERACTIVE.pdf;http://3jack.blogspot.com/2010/02/trackman-pga-lpga-tour-averages.html;https://hititlonger.com/trackman-data-pga-tour-averages/,
e316f172e241a1ddffe9bd66,trackman_tour_averages_classic,tour_average,pga_tour,classic_data_sheet,TrackMan,2010,PW,spin rate,spin_rate,9304.0,rpm,974.3126016333144,rad/s,group_mean,cross_verified,https://teeituprva.com/wp-content/uploads/2019/03/PGA-AVERAGES-INTERACTIVE.pdf;http://3jack.blogspot.com/2010/02/trackman-pga-lpga-tour-averages.html;https://hititlonger.com/trackman-data-pga-tour-averages/,
dbf54f496baced11af8e0cc5,trackman_tour_averages_classic,tour_average,pga_tour,classic_data_sheet,TrackMan,2010,PW,max height,apex_height,29.0,yd,26.517599999999998,m,group_mean,cross_verified,https://teeituprva.com/wp-content/uploads/2019/03/PGA-AVERAGES-INTERACTIVE.pdf;http://3jack.blogspot.com/2010/02/trackman-pga-lpga-tour-averages.html;https://hititlonger.com/trackman-data-pga-tour-averages/,
ade5b73cc6f9448881c3dacc,trackman_tour_averages_classic,tour_average,pga_tour,classic_data_sheet,TrackMan,2010,PW,land angle,descent_angle,52.0,deg,0.9075712110370514,rad,group_mean,cross_verified,https://teeituprva.com/wp-content/uploads/2019/03/PGA-AVERAGES-INTERACTIVE.pdf;http://3jack.blogspot.com/2010/02/trackman-pga-lpga-tour-averages.html;https://hititlonger.com/trackman-data-pga-tour-averages/,
58df4b29eae5edccd59ba242,trackman_tour_averages_classic,tour_average,pga_tour,classic_data_sheet,TrackMan,2010,PW,carry,carry_distance,136.0,yd,124.3584,m,group_mean,cross_verified,https://teeituprva.com/wp-content/uploads/2019/03/PGA-AVERAGES-INTERACTIVE.pdf;http://3jack.blogspot.com/2010/02/trackman-pga-lpga-tour-averages.html;https://hititlonger.com/trackman-data-pga-tour-averages/,
1ce0b9db6afd3ac53afcd304,trackman_tour_averages_classic,tour_average,lpga_tour,classic_data_sheet,TrackMan,2010,Driver,club speed,club_speed,94.0,mph,42.02176,m/s,group_mean,cross_verified,https://teeituprva.com/wp-content/uploads/2019/03/LPGA-AVERAGES-INTERACTIVE.pdf;http://3jack.blogspot.com/2010/02/trackman-pga-lpga-tour-averages.html;https://thegolfmine.com/lpga-trackman-averages/,
d0411387652a33c0cab37ce2,trackman_tour_averages_classic,tour_average,lpga_tour,classic_data_sheet,TrackMan,2010,Driver,attack angle,attack_angle,3.0,deg,0.05235987755982989,rad,group_mean,cross_verified,https://teeituprva.com/wp-content/uploads/2019/03/LPGA-AVERAGES-INTERACTIVE.pdf;http://3jack.blogspot.com/2010/02/trackman-pga-lpga-tour-averages.html;https://thegolfmine.com/lpga-trackman-averages/,
b050bc2777852e78330e3e00,trackman_tour_averages_classic,tour_average,lpga_tour,classic_data_sheet,TrackMan,2010,Driver,ball speed,ball_speed,140.0,mph,62.5856,m/s,group_mean,cross_verified,https://teeituprva.com/wp-content/uploads/2019/03/LPGA-AVERAGES-INTERACTIVE.pdf;http://3jack.blogspot.com/2010/02/trackman-pga-lpga-tour-averages.html;https://thegolfmine.com/lpga-trackman-averages/,
a942540a041650aeed1be1c6,trackman_tour_averages_classic,tour_average,lpga_tour,classic_data_sheet,TrackMan,2010,Driver,smash factor,smash_factor,1.48,1,1.48,1,group_mean,cross_verified,https://teeituprva.com/wp-content/uploads/2019/03/LPGA-AVERAGES-INTERACTIVE.pdf;http://3jack.blogspot.com/2010/02/trackman-pga-lpga-tour-averages.html;https://thegolfmine.com/lpga-trackman-averages/,
6fc1ba73a089b56f5faee2ac,trackman_tour_averages_classic,tour_average,lpga_tour,classic_data_sheet,TrackMan,2010,Driver,launch angle,launch_angle,13.2,deg,0.2303834612632515,rad,group_mean,cross_verified,https://teeituprva.com/wp-content/uploads/2019/03/LPGA-AVERAGES-INTERACTIVE.pdf;http://3jack.blogspot.com/2010/02/trackman-pga-lpga-tour-averages.html;https://thegolfmine.com/lpga-trackman-averages/,
1a19826f7167694ac4be013a,trackman_tour_averages_classic,tour_average,lpga_tour,classic_data_sheet,TrackMan,2010,Driver,spin rate,spin_rate,2611.0,rpm,273.42328061743166,rad/s,group_mean,cross_verified,https://teeituprva.com/wp-content/uploads/2019/03/LPGA-AVERAGES-INTERACTIVE.pdf;http://3jack.blogspot.com/2010/02/trackman-pga-lpga-tour-averages.html;https://thegolfmine.com/lpga-trackman-averages/,
0cfa09c40a8d8f61e60537d0,trackman_tour_averages_classic,tour_average,lpga_tour,classic_data_sheet,TrackMan,2010,Driver,max height,apex_height,25.0,yd,22.86,m,group_mean,cross_verified,https://teeituprva.com/wp-content/uploads/2019/03/LPGA-AVERAGES-INTERACTIVE.pdf;http://3jack.blogspot.com/2010/02/trackman-pga-lpga-tour-averages.html;https://thegolfmine.com/lpga-trackman-averages/,
fc5f916ebda3fc1aa565d2cd,trackman_tour_averages_classic,tour_average,lpga_tour,classic_data_sheet,TrackMan,2010,Driver,land angle,descent_angle,37.0,deg,0.6457718232379019,rad,group_mean,cross_verified,https://teeituprva.com/wp-content/uploads/2019/03/LPGA-AVERAGES-INTERACTIVE.pdf;http://3jack.blogspot.com/2010/02/trackman-pga-lpga-tour-averages.html;https://thegolfmine.com/lpga-trackman-averages/,
4dfeaf6e52eedc6df6494f97,trackman_tour_averages_classic,tour_average,lpga_tour,classic_data_sheet,TrackMan,2010,Driver,carry,carry_distance,218.0,yd,199.3392,m,group_mean,cross_verified,https://teeituprva.com/wp-content/uploads/2019/03/LPGA-AVERAGES-INTERACTIVE.pdf;http://3jack.blogspot.com/2010/02/trackman-pga-lpga-tour-averages.html;https://thegolfmine.com/lpga-trackman-averages/,
2643bfed86e840564690abad,trackman_tour_averages_classic,tour_average,lpga_tour,classic_data_sheet,TrackMan,2010,3-wood,club speed,club_speed,90.0,mph,40.2336,m/s,group_mean,cross_verified,https://teeituprva.com/wp-content/uploads/2019/03/LPGA-AVERAGES-INTERACTIVE.pdf;http://3jack.blogspot.com/2010/02/trackman-pga-lpga-tour-averages.html;https://thegolfmine.com/lpga-trackman-averages/,
1816d089df50e9a7f084d227,trackman_tour_averages_classic,tour_average,lpga_tour,classic_data_sheet,TrackMan,2010,3-wood,attack angle,attack_angle,-0.9,deg,-0.015707963267948967,rad,group_mean,cross_verified,https://teeituprva.com/wp-content/uploads/2019/03/LPGA-AVERAGES-INTERACTIVE.pdf;http://3jack.blogspot.com/2010/02/trackman-pga-lpga-tour-averages.html;https://thegolfmine.com/lpga-trackman-averages/,
0d2cfd3492a4b76016d92edc,trackman_tour_averages_classic,tour_average,lpga_tour,classic_data_sheet,TrackMan,2010,3-wood,ball speed,ball_speed,132.0,mph,59.00928,m/s,group_mean,cross_verified,https://teeituprva.com/wp-content/uploads/2019/03/LPGA-AVERAGES-INTERACTIVE.pdf;http://3jack.blogspot.com/2010/02/trackman-pga-lpga-tour-averages.html;https://thegolfmine.com/lpga-trackman-averages/,
6d9dbbc8981f3e4c55135757,trackman_tour_averages_classic,tour_average,lpga_tour,classic_data_sheet,TrackMan,2010,3-wood,smash factor,smash_factor,1.47,1,1.47,1,group_mean,cross_verified,https://teeituprva.com/wp-content/uploads/2019/03/LPGA-AVERAGES-INTERACTIVE.pdf;http://3jack.blogspot.com/2010/02/trackman-pga-lpga-tour-averages.html;https://thegolfmine.com/lpga-trackman-averages/,one snippet rendered 1.48
04abbd826c83e445d2d2d9c8,trackman_tour_averages_classic,tour_average,lpga_tour,classic_data_sheet,TrackMan,2010,3-wood,launch angle,launch_angle,11.2,deg,0.1954768762233649,rad,group_mean,cross_verified,https://teeituprva.com/wp-content/uploads/2019/03/LPGA-AVERAGES-INTERACTIVE.pdf;http://3jack.blogspot.com/2010/02/trackman-pga-lpga-tour-averages.html;https://thegolfmine.com/lpga-trackman-averages/,
51cdb13a97efa91a9cbb1048,trackman_tour_averages_classic,tour_average,lpga_tour,classic_data_sheet,TrackMan,2010,3-wood,spin rate,spin_rate,2704.0,rpm,283.16221784356003,rad/s,group_mean,cross_verified,https://teeituprva.com/wp-content/uploads/2019/03/LPGA-AVERAGES-INTERACTIVE.pdf;http://3jack.blogspot.com/2010/02/trackman-pga-lpga-tour-averages.html;https://thegolfmine.com/lpga-trackman-averages/,
01014a832eb0c5c7ce91084a,trackman_tour_averages_classic,tour_average,lpga_tour,classic_data_sheet,TrackMan,2010,3-wood,max height,apex_height,23.0,yd,21.0312,m,group_mean,single_source,https://teeituprva.com/wp-content/uploads/2019/03/LPGA-AVERAGES-INTERACTIVE.pdf;http://3jack.blogspot.com/2010/02/trackman-pga-lpga-tour-averages.html;https://thegolfmine.com/lpga-trackman-averages/,
8f013acb2232cb83baa596ff,trackman_tour_averages_classic,tour_average,lpga_tour,classic_data_sheet,TrackMan,2010,3-wood,land angle,descent_angle,39.0,deg,0.6806784082777885,rad,group_mean,cross_verified,https://teeituprva.com/wp-content/uploads/2019/03/LPGA-AVERAGES-INTERACTIVE.pdf;http://3jack.blogspot.com/2010/02/trackman-pga-lpga-tour-averages.html;https://thegolfmine.com/lpga-trackman-averages/,
dc0f64d3a77116b2e1b8657e,trackman_tour_averages_classic,tour_average,lpga_tour,classic_data_sheet,TrackMan,2010,3-wood,carry,carry_distance,195.0,yd,178.308,m,group_mean,cross_verified,https://teeituprva.com/wp-content/uploads/2019/03/LPGA-AVERAGES-INTERACTIVE.pdf;http://3jack.blogspot.com/2010/02/trackman-pga-lpga-tour-averages.html;https://thegolfmine.com/lpga-trackman-averages/,
e8397d45e27bf5afe0216440,trackman_tour_averages_classic,tour_average,lpga_tour,classic_data_sheet,TrackMan,2010,5-wood,club speed,club_speed,88.0,mph,39.33952,m/s,group_mean,cross_verified,https://teeituprva.com/wp-content/uploads/2019/03/LPGA-AVERAGES-INTERACTIVE.pdf;http://3jack.blogspot.com/2010/02/trackman-pga-lpga-tour-averages.html;https://thegolfmine.com/lpga-trackman-averages/,
2fbecacf6c63e071e7d25bd4,trackman_tour_averages_classic,tour_average,lpga_tour,classic_data_sheet,TrackMan,2010,5-wood,attack angle,attack_angle,-1.8,deg,-0.031415926535897934,rad,group_mean,cross_verified,https://teeituprva.com/wp-content/uploads/2019/03/LPGA-AVERAGES-INTERACTIVE.pdf;http://3jack.blogspot.com/2010/02/trackman-pga-lpga-tour-averages.html;https://thegolfmine.com/lpga-trackman-averages/,
a4e65cd2fc5d8ed551fd1b1d,trackman_tour_averages_classic,tour_average,lpga_tour,classic_data_sheet,TrackMan,2010,5-wood,ball speed,ball_speed,128.0,mph,57.22112,m/s,group_mean,cross_verified,https://teeituprva.com/wp-content/uploads/2019/03/LPGA-AVERAGES-INTERACTIVE.pdf;http://3jack.blogspot.com/2010/02/trackman-pga-lpga-tour-averages.html;https://thegolfmine.com/lpga-trackman-averages/,
85d3c0029fb46d1e40f7eb5d,trackman_tour_averages_classic,tour_average,lpga_tour,classic_data_sheet,TrackMan,2010,5-wood,smash factor,smash_factor,1.47,1,1.47,1,group_mean,single_source,https://teeituprva.com/wp-content/uploads/2019/03/LPGA-AVERAGES-INTERACTIVE.pdf;http://3jack.blogspot.com/2010/02/trackman-pga-lpga-tour-averages.html;https://thegolfmine.com/lpga-trackman-averages/,
a9f14109eb167930b7046932,trackman_tour_averages_classic,tour_average,lpga_tour,classic_data_sheet,TrackMan,2010,5-wood,launch angle,launch_angle,12.1,deg,0.21118483949131386,rad,group_mean,single_source,https://teeituprva.com/wp-content/uploads/2019/03/LPGA-AVERAGES-INTERACTIVE.pdf;http://3jack.blogspot.com/2010/02/trackman-pga-lpga-tour-averages.html;https://thegolfmine.com/lpga-trackman-averages/,
efd4453796f8dfeea1e6c304,trackman_tour_averages_classic,tour_average,lpga_tour,classic_data_sheet,TrackMan,2010,5-wood,spin rate,spin_rate,4501.0,rpm,471.3436177935886,rad/s,group_mean,cross_verified,https://teeituprva.com/wp-content/uploads/2019/03/LPGA-AVERAGES-INTERACTIVE.pdf;http://3jack.blogspot.com/2010/02/trackman-pga-lpga-tour-averages.html;https://thegolfmine.com/lpga-trackman-averages/,
213ad5f22b862f6da6222dac,trackman_tour_averages_classic,tour_average,lpga_tour,classic_data_sheet,TrackMan,2010,5-wood,max height,apex_height,26.0,yd,23.7744,m,group_mean,single_source,https://teeituprva.com/wp-content/uploads/2019/03/LPGA-AVERAGES-INTERACTIVE.pdf;http://3jack.blogspot.com/2010/02/trackman-pga-lpga-tour-averages.html;https://thegolfmine.com/lpga-trackman-averages/,
a2517f0d24311a33884454c1,trackman_tour_averages_classic,tour_average,lpga_tour,classic_data_sheet,TrackMan,2010,5-wood,land angle,descent_angle,43.0,deg,0.7504915783575618,rad,group_mean,single_source,https://teeituprva.com/wp-content/uploads/2019/03/LPGA-AVERAGES-INTERACTIVE.pdf;http://3jack.blogspot.com/2010/02/trackman-pga-lpga-tour-averages.html;https://thegolfmine.com/lpga-trackman-averages/,
acbd9f5dbda610e61f4b745e,trackman_tour_averages_classic,tour_average,lpga_tour,classic_data_sheet,TrackMan,2010,5-wood,carry,carry_distance,185.0,yd,169.164,m,group_mean,cross_verified,https://teeituprva.com/wp-content/uploads/2019/03/LPGA-AVERAGES-INTERACTIVE.pdf;http://3jack.blogspot.com/2010/02/trackman-pga-lpga-tour-averages.html;https://thegolfmine.com/lpga-trackman-averages/,
c5ec733dc10ba9608ed06f34,trackman_tour_averages_classic,tour_average,lpga_tour,classic_data_sheet,TrackMan,2010,7-wood,club speed,club_speed,85.0,mph,37.9984,m/s,group_mean,cross_verified,https://teeituprva.com/wp-content/uploads/2019/03/LPGA-AVERAGES-INTERACTIVE.pdf;http://3jack.blogspot.com/2010/02/trackman-pga-lpga-tour-averages.html;https://thegolfmine.com/lpga-trackman-averages/,
7064fc7a2c5f155a14abf2bf,trackman_tour_averages_classic,tour_average,lpga_tour,classic_data_sheet,TrackMan,2010,7-wood,attack angle,attack_angle,-3.0,deg,-0.05235987755982989,rad,group_mean,cross_verified,https://teeituprva.com/wp-content/uploads/2019/03/LPGA-AVERAGES-INTERACTIVE.pdf;http://3jack.blogspot.com/2010/02/trackman-pga-lpga-tour-averages.html;https://thegolfmine.com/lpga-trackman-averages/,
d1ab570559dadb9b65f91fd4,trackman_tour_averages_classic,tour_average,lpga_tour,classic_data_sheet,TrackMan,2010,7-wood,ball speed,ball_speed,123.0,mph,54.98592,m/s,group_mean,cross_verified,https://teeituprva.com/wp-content/uploads/2019/03/LPGA-AVERAGES-INTERACTIVE.pdf;http://3jack.blogspot.com/2010/02/trackman-pga-lpga-tour-averages.html;https://thegolfmine.com/lpga-trackman-averages/,
ffc16fcf8a792ca7ebc6b24e,trackman_tour_averages_classic,tour_average,lpga_tour,classic_data_sheet,TrackMan,2010,7-wood,smash factor,smash_factor,1.45,1,1.45,1,group_mean,cross_verified,https://teeituprva.com/wp-content/uploads/2019/03/LPGA-AVERAGES-INTERACTIVE.pdf;http://3jack.blogspot.com/2010/02/trackman-pga-lpga-tour-averages.html;https://thegolfmine.com/lpga-trackman-averages/,one snippet rendered 1.46; 123/85 computes 1.447
0775567bf53c11a404fe8362,trackman_tour_averages_classic,tour_average,lpga_tour,classic_data_sheet,TrackMan,2010,7-wood,launch angle,launch_angle,12.7,deg,0.22165681500327983,rad,group_mean,cross_verified,https://teeituprva.com/wp-content/uploads/2019/03/LPGA-AVERAGES-INTERACTIVE.pdf;http://3jack.blogspot.com/2010/02/trackman-pga-lpga-tour-averages.html;https://thegolfmine.com/lpga-trackman-averages/,
add169ebee0e7c517064fa87,trackman_tour_averages_classic,tour_average,lpga_tour,classic_data_sheet,TrackMan,2010,7-wood,spin rate,spin_rate,4693.0,rpm,491.44981077656325,rad/s,group_mean,cross_verified,https://teeituprva.com/wp-content/uploads/2019/03/LPGA-AVERAGES-INTERACTIVE.pdf;http://3jack.blogspot.com/2010/02/trackman-pga-lpga-tour-averages.html;https://thegolfmine.com/lpga-trackman-averages/,
ea74ec702fb9082c10cbf788,trackman_tour_averages_classic,tour_average,lpga_tour,classic_data_sheet,TrackMan,2010,7-wood,max height,apex_height,25.0,yd,22.86,m,group_mean,cross_verified,https://teeituprva.com/wp-content/uploads/2019/03/LPGA-AVERAGES-INTERACTIVE.pdf;http://3jack.blogspot.com/2010/02/trackman-pga-lpga-tour-averages.html;https://thegolfmine.com/lpga-trackman-averages/,
3b38ee1b6fda1dab1d005fd8,trackman_tour_averages_classic,tour_average,lpga_tour,classic_data_sheet,TrackMan,2010,7-wood,land angle,descent_angle,46.0,deg,0.8028514559173916,rad,group_mean,cross_verified,https://teeituprva.com/wp-content/uploads/2019/03/LPGA-AVERAGES-INTERACTIVE.pdf;http://3jack.blogspot.com/2010/02/trackman-pga-lpga-tour-averages.html;https://thegolfmine.com/lpga-trackman-averages/,
265ef0ff4a399150503419d0,trackman_tour_averages_classic,tour_average,lpga_tour,classic_data_sheet,TrackMan,2010,7-wood,carry,carry_distance,174.0,yd,159.1056,m,group_mean,cross_verified,https://teeituprva.com/wp-content/uploads/2019/03/LPGA-AVERAGES-INTERACTIVE.pdf;http://3jack.blogspot.com/2010/02/trackman-pga-lpga-tour-averages.html;https://thegolfmine.com/lpga-trackman-averages/,
f1d54323512bc2db125868cf,trackman_tour_averages_classic,tour_average,lpga_tour,classic_data_sheet,TrackMan,2010,4-iron,club speed,club_speed,80.0,mph,35.7632,m/s,group_mean,cross_verified,https://teeituprva.com/wp-content/uploads/2019/03/LPGA-AVERAGES-INTERACTIVE.pdf;http://3jack.blogspot.com/2010/02/trackman-pga-lpga-tour-averages.html;https://thegolfmine.com/lpga-trackman-averages/,
a89744d0cd7701d71d841cd8,trackman_tour_averages_classic,tour_average,lpga_tour,classic_data_sheet,TrackMan,2010,4-iron,attack angle,attack_angle,-1.7,deg,-0.029670597283903602,rad,group_mean,cross_verified,https://teeituprva.com/wp-content/uploads/2019/03/LPGA-AVERAGES-INTERACTIVE.pdf;http://3jack.blogspot.com/2010/02/trackman-pga-lpga-tour-averages.html;https://thegolfmine.com/lpga-trackman-averages/,
dfd1f0a6dce763ea0a4d80ba,trackman_tour_averages_classic,tour_average,lpga_tour,classic_data_sheet,TrackMan,2010,4-iron,ball speed,ball_speed,116.0,mph,51.85664,m/s,group_mean,cross_verified,https://teeituprva.com/wp-content/uploads/2019/03/LPGA-AVERAGES-INTERACTIVE.pdf;http://3jack.blogspot.com/2010/02/trackman-pga-lpga-tour-averages.html;https://thegolfmine.com/lpga-trackman-averages/,
5058d0de1f0d58b20ae13979,trackman_tour_averages_classic,tour_average,lpga_tour,classic_data_sheet,TrackMan,2010,4-iron,smash factor,smash_factor,1.45,1,1.45,1,group_mean,single_source,https://teeituprva.com/wp-content/uploads/2019/03/LPGA-AVERAGES-INTERACTIVE.pdf;http://3jack.blogspot.com/2010/02/trackman-pga-lpga-tour-averages.html;https://thegolfmine.com/lpga-trackman-averages/,
57d27e41270368b343bf2046,trackman_tour_averages_classic,tour_average,lpga_tour,classic_data_sheet,TrackMan,2010,4-iron,launch angle,launch_angle,14.3,deg,0.24958208303518914,rad,group_mean,cross_verified,https://teeituprva.com/wp-content/uploads/2019/03/LPGA-AVERAGES-INTERACTIVE.pdf;http://3jack.blogspot.com/2010/02/trackman-pga-lpga-tour-averages.html;https://thegolfmine.com/lpga-trackman-averages/,
3f81b39e3a27b7a1b5a0cb26,trackman_tour_averages_classic,tour_average,lpga_tour,classic_data_sheet,TrackMan,2010,4-iron,spin rate,spin_rate,4801.0,rpm,502.7595443294865,rad/s,group_mean,cross_verified,https://teeituprva.com/wp-content/uploads/2019/03/LPGA-AVERAGES-INTERACTIVE.pdf;http://3jack.blogspot.com/2010/02/trackman-pga-lpga-tour-averages.html;https://thegolfmine.com/lpga-trackman-averages/,
1bd237d7cebffebf367c7e3f,trackman_tour_averages_classic,tour_average,lpga_tour,classic_data_sheet,TrackMan,2010,4-iron,max height,apex_height,24.0,yd,21.9456,m,group_mean,single_source,https://teeituprva.com/wp-content/uploads/2019/03/LPGA-AVERAGES-INTERACTIVE.pdf;http://3jack.blogspot.com/2010/02/trackman-pga-lpga-tour-averages.html;https://thegolfmine.com/lpga-trackman-averages/,
f1b7018a3824714765834a04,trackman_tour_averages_classic,tour_average,lpga_tour,classic_data_sheet,TrackMan,2010,4-iron,land angle,descent_angle,43.0,deg,0.7504915783575618,rad,group_mean,single_source,https://teeituprva.com/wp-content/uploads/2019/03/LPGA-AVERAGES-INTERACTIVE.pdf;http://3jack.blogspot.com/2010/02/trackman-pga-lpga-tour-averages.html;https://thegolfmine.com/lpga-trackman-averages/,
fc27cd227596a4bcfd223d3b,trackman_tour_averages_classic,tour_average,lpga_tour,classic_data_sheet,TrackMan,2010,4-iron,carry,carry_distance,169.0,yd,154.5336,m,group_mean,cross_verified,https://teeituprva.com/wp-content/uploads/2019/03/LPGA-AVERAGES-INTERACTIVE.pdf;http://3jack.blogspot.com/2010/02/trackman-pga-lpga-tour-averages.html;https://thegolfmine.com/lpga-trackman-averages/,
caadbc87f4c6ad49f55c2af6,trackman_tour_averages_classic,tour_average,lpga_tour,classic_data_sheet,TrackMan,2010,5-iron,club speed,club_speed,79.0,mph,35.316159999999996,m/s,group_mean,cross_verified,https://teeituprva.com/wp-content/uploads/2019/03/LPGA-AVERAGES-INTERACTIVE.pdf;http://3jack.blogspot.com/2010/02/trackman-pga-lpga-tour-averages.html;https://thegolfmine.com/lpga-trackman-averages/,
dfe95fc8b4948449d7258a40,trackman_tour_averages_classic,tour_average,lpga_tour,classic_data_sheet,TrackMan,2010,5-iron,attack angle,attack_angle,-1.9,deg,-0.03316125578789226,rad,group_mean,cross_verified,https://teeituprva.com/wp-content/uploads/2019/03/LPGA-AVERAGES-INTERACTIVE.pdf;http://3jack.blogspot.com/2010/02/trackman-pga-lpga-tour-averages.html;https://thegolfmine.com/lpga-trackman-averages/,
6a074997f9e2b43c6ea3f9f7,trackman_tour_averages_classic,tour_average,lpga_tour,classic_data_sheet,TrackMan,2010,5-iron,ball speed,ball_speed,112.0,mph,50.06848,m/s,group_mean,cross_verified,https://teeituprva.com/wp-content/uploads/2019/03/LPGA-AVERAGES-INTERACTIVE.pdf;http://3jack.blogspot.com/2010/02/trackman-pga-lpga-tour-averages.html;https://thegolfmine.com/lpga-trackman-averages/,
5cb3e8b51c073492631a301b,trackman_tour_averages_classic,tour_average,lpga_tour,classic_data_sheet,TrackMan,2010,5-iron,smash factor,smash_factor,1.42,1,1.42,1,group_mean,single_source,https://teeituprva.com/wp-content/uploads/2019/03/LPGA-AVERAGES-INTERACTIVE.pdf;http://3jack.blogspot.com/2010/02/trackman-pga-lpga-tour-averages.html;https://thegolfmine.com/lpga-trackman-averages/,
b88ff2c20d23df0556dcc3bf,trackman_tour_averages_classic,tour_average,lpga_tour,classic_data_sheet,TrackMan,2010,5-iron,launch angle,launch_angle,14.8,deg,0.2583087292951608,rad,group_mean,cross_verified,https://teeituprva.com/wp-content/uploads/2019/03/LPGA-AVERAGES-INTERACTIVE.pdf;http://3jack.blogspot.com/2010/02/trackman-pga-lpga-tour-averages.html;https://thegolfmine.com/lpga-trackman-averages/,
49a543791863d869a4c35fa4,trackman_tour_averages_classic,tour_average,lpga_tour,classic_data_sheet,TrackMan,2010,5-iron,spin rate,spin_rate,5081.0,rpm,532.0810757629913,rad/s,group_mean,cross_verified,https://teeituprva.com/wp-content/uploads/2019/03/LPGA-AVERAGES-INTERACTIVE.pdf;http://3jack.blogspot.com/2010/02/trackman-pga-lpga-tour-averages.html;https://thegolfmine.com/lpga-trackman-averages/,
4ab2972104d84921c683f707,trackman_tour_averages_classic,tour_average,lpga_tour,classic_data_sheet,TrackMan,2010,5-iron,max height,apex_height,23.0,yd,21.0312,m,group_mean,single_source,https://teeituprva.com/wp-content/uploads/2019/03/LPGA-AVERAGES-INTERACTIVE.pdf;http://3jack.blogspot.com/2010/02/trackman-pga-lpga-tour-averages.html;https://thegolfmine.com/lpga-trackman-averages/,
e667dfc3b61613e14846ff2a,trackman_tour_averages_classic,tour_average,lpga_tour,classic_data_sheet,TrackMan,2010,5-iron,land angle,descent_angle,45.0,deg,0.7853981633974483,rad,group_mean,single_source,https://teeituprva.com/wp-content/uploads/2019/03/LPGA-AVERAGES-INTERACTIVE.pdf;http://3jack.blogspot.com/2010/02/trackman-pga-lpga-tour-averages.html;https://thegolfmine.com/lpga-trackman-averages/,
d41d924f29a1359723d35183,trackman_tour_averages_classic,tour_average,lpga_tour,classic_data_sheet,TrackMan,2010,5-iron,carry,carry_distance,161.0,yd,147.2184,m,group_mean,cross_verified,https://teeituprva.com/wp-content/uploads/2019/03/LPGA-AVERAGES-INTERACTIVE.pdf;http://3jack.blogspot.com/2010/02/trackman-pga-lpga-tour-averages.html;https://thegolfmine.com/lpga-trackman-averages/,
11f9ba5df3ba3c006b7c4b56,trackman_tour_averages_classic,tour_average,lpga_tour,classic_data_sheet,TrackMan,2010,6-iron,club speed,club_speed,78.0,mph,34.86912,m/s,group_mean,cross_verified,https://teeituprva.com/wp-content/uploads/2019/03/LPGA-AVERAGES-INTERACTIVE.pdf;http://3jack.blogspot.com/2010/02/trackman-pga-lpga-tour-averages.html;https://thegolfmine.com/lpga-trackman-averages/,
d4d55baba66535e92c205e01,trackman_tour_averages_classic,tour_average,lpga_tour,classic_data_sheet,TrackMan,2010,6-iron,attack angle,attack_angle,-2.3,deg,-0.04014257279586958,rad,group_mean,cross_verified,https://teeituprva.com/wp-content/uploads/2019/03/LPGA-AVERAGES-INTERACTIVE.pdf;http://3jack.blogspot.com/2010/02/trackman-pga-lpga-tour-averages.html;https://thegolfmine.com/lpga-trackman-averages/,
71be76d38aeaa7ff6d3d2934,trackman_tour_averages_classic,tour_average,lpga_tour,classic_data_sheet,TrackMan,2010,6-iron,ball speed,ball_speed,109.0,mph,48.72736,m/s,group_mean,cross_verified,https://teeituprva.com/wp-content/uploads/2019/03/LPGA-AVERAGES-INTERACTIVE.pdf;http://3jack.blogspot.com/2010/02/trackman-pga-lpga-tour-averages.html;https://thegolfmine.com/lpga-trackman-averages/,
5db79bc3580455f877116a82,trackman_tour_averages_classic,tour_average,lpga_tour,classic_data_sheet,TrackMan,2010,6-iron,smash factor,smash_factor,1.39,1,1.39,1,group_mean,single_source,https://teeituprva.com/wp-content/uploads/2019/03/LPGA-AVERAGES-INTERACTIVE.pdf;http://3jack.blogspot.com/2010/02/trackman-pga-lpga-tour-averages.html;https://thegolfmine.com/lpga-trackman-averages/,
5d0b09aafa05da7ce10071e1,trackman_tour_averages_classic,tour_average,lpga_tour,classic_data_sheet,TrackMan,2010,6-iron,launch angle,launch_angle,17.1,deg,0.2984513020910304,rad,group_mean,cross_verified,https://teeituprva.com/wp-content/uploads/2019/03/LPGA-AVERAGES-INTERACTIVE.pdf;http://3jack.blogspot.com/2010/02/trackman-pga-lpga-tour-averages.html;https://thegolfmine.com/lpga-trackman-averages/,
ce2098196facd543bdd29602,trackman_tour_averages_classic,tour_average,lpga_tour,classic_data_sheet,TrackMan,2010,6-iron,spin rate,spin_rate,5943.0,rpm,622.3495046761379,rad/s,group_mean,cross_verified,https://teeituprva.com/wp-content/uploads/2019/03/LPGA-AVERAGES-INTERACTIVE.pdf;http://3jack.blogspot.com/2010/02/trackman-pga-lpga-tour-averages.html;https://thegolfmine.com/lpga-trackman-averages/,
afc20ef9a9c993f488b11184,trackman_tour_averages_classic,tour_average,lpga_tour,classic_data_sheet,TrackMan,2010,6-iron,max height,apex_height,25.0,yd,22.86,m,group_mean,single_source,https://teeituprva.com/wp-content/uploads/2019/03/LPGA-AVERAGES-INTERACTIVE.pdf;http://3jack.blogspot.com/2010/02/trackman-pga-lpga-tour-averages.html;https://thegolfmine.com/lpga-trackman-averages/,
65bd149b498402e5fbc8ecef,trackman_tour_averages_classic,tour_average,lpga_tour,classic_data_sheet,TrackMan,2010,6-iron,land angle,descent_angle,46.0,deg,0.8028514559173916,rad,group_mean,single_source,https://teeituprva.com/wp-content/uploads/2019/03/LPGA-AVERAGES-INTERACTIVE.pdf;http://3jack.blogspot.com/2010/02/trackman-pga-lpga-tour-averages.html;https://thegolfmine.com/lpga-trackman-averages/,
6cd1578c5b643ab43dbb295b,trackman_tour_averages_classic,tour_average,lpga_tour,classic_data_sheet,TrackMan,2010,6-iron,carry,carry_distance,152.0,yd,138.9888,m,group_mean,cross_verified,https://teeituprva.com/wp-content/uploads/2019/03/LPGA-AVERAGES-INTERACTIVE.pdf;http://3jack.blogspot.com/2010/02/trackman-pga-lpga-tour-averages.html;https://thegolfmine.com/lpga-trackman-averages/,
5b7b946b76d4fecc06fe72e5,trackman_tour_averages_classic,tour_average,lpga_tour,classic_data_sheet,TrackMan,2010,7-iron,club speed,club_speed,76.0,mph,33.97504,m/s,group_mean,cross_verified,https://teeituprva.com/wp-content/uploads/2019/03/LPGA-AVERAGES-INTERACTIVE.pdf;http://3jack.blogspot.com/2010/02/trackman-pga-lpga-tour-averages.html;https://thegolfmine.com/lpga-trackman-averages/,
ae8ebd8e56d704e162828cc7,trackman_tour_averages_classic,tour_average,lpga_tour,classic_data_sheet,TrackMan,2010,7-iron,attack angle,attack_angle,-2.3,deg,-0.04014257279586958,rad,group_mean,cross_verified,https://teeituprva.com/wp-content/uploads/2019/03/LPGA-AVERAGES-INTERACTIVE.pdf;http://3jack.blogspot.com/2010/02/trackman-pga-lpga-tour-averages.html;https://thegolfmine.com/lpga-trackman-averages/,
1d4e1d3d2dbd6392cf64a4c8,trackman_tour_averages_classic,tour_average,lpga_tour,classic_data_sheet,TrackMan,2010,7-iron,ball speed,ball_speed,104.0,mph,46.49216,m/s,group_mean,cross_verified,https://teeituprva.com/wp-content/uploads/2019/03/LPGA-AVERAGES-INTERACTIVE.pdf;http://3jack.blogspot.com/2010/02/trackman-pga-lpga-tour-averages.html;https://thegolfmine.com/lpga-trackman-averages/,
59fdd3f9abdb333f81953466,trackman_tour_averages_classic,tour_average,lpga_tour,classic_data_sheet,TrackMan,2010,7-iron,smash factor,smash_factor,1.37,1,1.37,1,group_mean,cross_verified,https://teeituprva.com/wp-content/uploads/2019/03/LPGA-AVERAGES-INTERACTIVE.pdf;http://3jack.blogspot.com/2010/02/trackman-pga-lpga-tour-averages.html;https://thegolfmine.com/lpga-trackman-averages/,one republication lists 1.38
2ff9ee4b53ef7e317cee7264,trackman_tour_averages_classic,tour_average,lpga_tour,classic_data_sheet,TrackMan,2010,7-iron,launch angle,launch_angle,19.0,deg,0.33161255787892263,rad,group_mean,cross_verified,https://teeituprva.com/wp-content/uploads/2019/03/LPGA-AVERAGES-INTERACTIVE.pdf;http://3jack.blogspot.com/2010/02/trackman-pga-lpga-tour-averages.html;https://thegolfmine.com/lpga-trackman-averages/,
e2694e168445983341870db1,trackman_tour_averages_classic,tour_average,lpga_tour,classic_data_sheet,TrackMan,2010,7-iron,spin rate,spin_rate,6699.0,rpm,701.5176395466008,rad/s,group_mean,cross_verified,https://teeituprva.com/wp-content/uploads/2019/03/LPGA-AVERAGES-INTERACTIVE.pdf;http://3jack.blogspot.com/2010/02/trackman-pga-lpga-tour-averages.html;https://thegolfmine.com/lpga-trackman-averages/,
b9edcf6342062e8106c36940,trackman_tour_averages_classic,tour_average,lpga_tour,classic_data_sheet,TrackMan,2010,7-iron,max height,apex_height,26.0,yd,23.7744,m,group_mean,single_source,https://teeituprva.com/wp-content/uploads/2019/03/LPGA-AVERAGES-INTERACTIVE.pdf;http://3jack.blogspot.com/2010/02/trackman-pga-lpga-tour-averages.html;https://thegolfmine.com/lpga-trackman-averages/,
450565ff4bab8fea65ebe861,trackman_tour_averages_classic,tour_average,lpga_tour,classic_data_sheet,TrackMan,2010,7-iron,land angle,descent_angle,47.0,deg,0.8203047484373349,rad,group_mean,cross_verified,https://teeituprva.com/wp-content/uploads/2019/03/LPGA-AVERAGES-INTERACTIVE.pdf;http://3jack.blogspot.com/2010/02/trackman-pga-lpga-tour-averages.html;https://thegolfmine.com/lpga-trackman-averages/,
6590279d1ca601c81162cb12,trackman_tour_averages_classic,tour_average,lpga_tour,classic_data_sheet,TrackMan,2010,7-iron,carry,carry_distance,141.0,yd,128.9304,m,group_mean,cross_verified,https://teeituprva.com/wp-content/uploads/2019/03/LPGA-AVERAGES-INTERACTIVE.pdf;http://3jack.blogspot.com/2010/02/trackman-pga-lpga-tour-averages.html;https://thegolfmine.com/lpga-trackman-averages/,
b9e72f7c787689e2bc54b850,trackman_tour_averages_classic,tour_average,lpga_tour,classic_data_sheet,TrackMan,2010,8-iron,club speed,club_speed,74.0,mph,33.08096,m/s,group_mean,cross_verified,https://teeituprva.com/wp-content/uploads/2019/03/LPGA-AVERAGES-INTERACTIVE.pdf;http://3jack.blogspot.com/2010/02/trackman-pga-lpga-tour-averages.html;https://thegolfmine.com/lpga-trackman-averages/,
e93e308b36b7519d535d6fee,trackman_tour_averages_classic,tour_average,lpga_tour,classic_data_sheet,TrackMan,2010,8-iron,attack angle,attack_angle,-3.1,deg,-0.054105206811824215,rad,group_mean,cross_verified,https://teeituprva.com/wp-content/uploads/2019/03/LPGA-AVERAGES-INTERACTIVE.pdf;http://3jack.blogspot.com/2010/02/trackman-pga-lpga-tour-averages.html;https://thegolfmine.com/lpga-trackman-averages/,
017b2179a996d5de94300d0f,trackman_tour_averages_classic,tour_average,lpga_tour,classic_data_sheet,TrackMan,2010,8-iron,ball speed,ball_speed,100.0,mph,44.704,m/s,group_mean,cross_verified,https://teeituprva.com/wp-content/uploads/2019/03/LPGA-AVERAGES-INTERACTIVE.pdf;http://3jack.blogspot.com/2010/02/trackman-pga-lpga-tour-averages.html;https://thegolfmine.com/lpga-trackman-averages/,
abf4dfe2812bea18066c625e,trackman_tour_averages_classic,tour_average,lpga_tour,classic_data_sheet,TrackMan,2010,8-iron,smash factor,smash_factor,1.35,1,1.35,1,group_mean,single_source,https://teeituprva.com/wp-content/uploads/2019/03/LPGA-AVERAGES-INTERACTIVE.pdf;http://3jack.blogspot.com/2010/02/trackman-pga-lpga-tour-averages.html;https://thegolfmine.com/lpga-trackman-averages/,
3921b4ce192a052d603f2d7e,trackman_tour_averages_classic,tour_average,lpga_tour,classic_data_sheet,TrackMan,2010,8-iron,launch angle,launch_angle,20.8,deg,0.36302848441482055,rad,group_mean,cross_verified,https://teeituprva.com/wp-content/uploads/2019/03/LPGA-AVERAGES-INTERACTIVE.pdf;http://3jack.blogspot.com/2010/02/trackman-pga-lpga-tour-averages.html;https://thegolfmine.com/lpga-trackman-averages/,
1664ac4eb1a25ee4e3494668,trackman_tour_averages_classic,tour_average,lpga_tour,classic_data_sheet,TrackMan,2010,8-iron,spin rate,spin_rate,7494.0,rpm,784.7698448667303,rad/s,group_mean,cross_verified,https://teeituprva.com/wp-content/uploads/2019/03/LPGA-AVERAGES-INTERACTIVE.pdf;http://3jack.blogspot.com/2010/02/trackman-pga-lpga-tour-averages.html;https://thegolfmine.com/lpga-trackman-averages/,
25ea96f9081bdacb3f8ef4d7,trackman_tour_averages_classic,tour_average,lpga_tour,classic_data_sheet,TrackMan,2010,8-iron,max height,apex_height,25.0,yd,22.86,m,group_mean,single_source,https://teeituprva.com/wp-content/uploads/2019/03/LPGA-AVERAGES-INTERACTIVE.pdf;http://3jack.blogspot.com/2010/02/trackman-pga-lpga-tour-averages.html;https://thegolfmine.com/lpga-trackman-averages/,
647afd12ece8bdf1187415ca,trackman_tour_averages_classic,tour_average,lpga_tour,classic_data_sheet,TrackMan,2010,8-iron,land angle,descent_angle,47.0,deg,0.8203047484373349,rad,group_mean,single_source,https://teeituprva.com/wp-content/uploads/2019/03/LPGA-AVERAGES-INTERACTIVE.pdf;http://3jack.blogspot.com/2010/02/trackman-pga-lpga-tour-averages.html;https://thegolfmine.com/lpga-trackman-averages/,
f7eeef5d2076833323e86a0f,trackman_tour_averages_classic,tour_average,lpga_tour,classic_data_sheet,TrackMan,2010,8-iron,carry,carry_distance,130.0,yd,118.872,m,group_mean,cross_verified,https://teeituprva.com/wp-content/uploads/2019/03/LPGA-AVERAGES-INTERACTIVE.pdf;http://3jack.blogspot.com/2010/02/trackman-pga-lpga-tour-averages.html;https://thegolfmine.com/lpga-trackman-averages/,
266b4981c88f5132a33da81c,trackman_tour_averages_classic,tour_average,lpga_tour,classic_data_sheet,TrackMan,2010,9-iron,club speed,club_speed,72.0,mph,32.18688,m/s,group_mean,cross_verified,https://teeituprva.com/wp-content/uploads/2019/03/LPGA-AVERAGES-INTERACTIVE.pdf;http://3jack.blogspot.com/2010/02/trackman-pga-lpga-tour-averages.html;https://thegolfmine.com/lpga-trackman-averages/,
baa31c80d7ee4c34a649fc40,trackman_tour_averages_classic,tour_average,lpga_tour,classic_data_sheet,TrackMan,2010,9-iron,attack angle,attack_angle,-3.1,deg,-0.054105206811824215,rad,group_mean,cross_verified,https://teeituprva.com/wp-content/uploads/2019/03/LPGA-AVERAGES-INTERACTIVE.pdf;http://3jack.blogspot.com/2010/02/trackman-pga-lpga-tour-averages.html;https://thegolfmine.com/lpga-trackman-averages/,
eb0d265361498784787fecc2,trackman_tour_averages_classic,tour_average,lpga_tour,classic_data_sheet,TrackMan,2010,9-iron,ball speed,ball_speed,93.0,mph,41.57472,m/s,group_mean,cross_verified,https://teeituprva.com/wp-content/uploads/2019/03/LPGA-AVERAGES-INTERACTIVE.pdf;http://3jack.blogspot.com/2010/02/trackman-pga-lpga-tour-averages.html;https://thegolfmine.com/lpga-trackman-averages/,
791a53d327767b12cb1c41c0,trackman_tour_averages_classic,tour_average,lpga_tour,classic_data_sheet,TrackMan,2010,9-iron,smash factor,smash_factor,1.28,1,1.28,1,group_mean,single_source,https://teeituprva.com/wp-content/uploads/2019/03/LPGA-AVERAGES-INTERACTIVE.pdf;http://3jack.blogspot.com/2010/02/trackman-pga-lpga-tour-averages.html;https://thegolfmine.com/lpga-trackman-averages/,
e42e1bd2e0db10e816fb9583,trackman_tour_averages_classic,tour_average,lpga_tour,classic_data_sheet,TrackMan,2010,9-iron,launch angle,launch_angle,23.9,deg,0.41713369122664473,rad,group_mean,cross_verified,https://teeituprva.com/wp-content/uploads/2019/03/LPGA-AVERAGES-INTERACTIVE.pdf;http://3jack.blogspot.com/2010/02/trackman-pga-lpga-tour-averages.html;https://thegolfmine.com/lpga-trackman-averages/,
9019e3a8e753bc1d80803b59,trackman_tour_averages_classic,tour_average,lpga_tour,classic_data_sheet,TrackMan,2010,9-iron,spin rate,spin_rate,7589.0,rpm,794.718221603098,rad/s,group_mean,cross_verified,https://teeituprva.com/wp-content/uploads/2019/03/LPGA-AVERAGES-INTERACTIVE.pdf;http://3jack.blogspot.com/2010/02/trackman-pga-lpga-tour-averages.html;https://thegolfmine.com/lpga-trackman-averages/,
f88162a937619d5089ba78e5,trackman_tour_averages_classic,tour_average,lpga_tour,classic_data_sheet,TrackMan,2010,9-iron,max height,apex_height,26.0,yd,23.7744,m,group_mean,single_source,https://teeituprva.com/wp-content/uploads/2019/03/LPGA-AVERAGES-INTERACTIVE.pdf;http://3jack.blogspot.com/2010/02/trackman-pga-lpga-tour-averages.html;https://thegolfmine.com/lpga-trackman-averages/,
ded2bee71139102401c712d1,trackman_tour_averages_classic,tour_average,lpga_tour,classic_data_sheet,TrackMan,2010,9-iron,land angle,descent_angle,47.0,deg,0.8203047484373349,rad,group_mean,single_source,https://teeituprva.com/wp-content/uploads/2019/03/LPGA-AVERAGES-INTERACTIVE.pdf;http://3jack.blogspot.com/2010/02/trackman-pga-lpga-tour-averages.html;https://thegolfmine.com/lpga-trackman-averages/,
894e3e25e48e264412dff933,trackman_tour_averages_classic,tour_average,lpga_tour,classic_data_sheet,TrackMan,2010,9-iron,carry,carry_distance,119.0,yd,108.8136,m,group_mean,cross_verified,https://teeituprva.com/wp-content/uploads/2019/03/LPGA-AVERAGES-INTERACTIVE.pdf;http://3jack.blogspot.com/2010/02/trackman-pga-lpga-tour-averages.html;https://thegolfmine.com/lpga-trackman-averages/,
3848fb687e6ddfddbcb6a958,trackman_tour_averages_classic,tour_average,lpga_tour,classic_data_sheet,TrackMan,2010,PW,club speed,club_speed,70.0,mph,31.2928,m/s,group_mean,cross_verified,https://teeituprva.com/wp-content/uploads/2019/03/LPGA-AVERAGES-INTERACTIVE.pdf;http://3jack.blogspot.com/2010/02/trackman-pga-lpga-tour-averages.html;https://thegolfmine.com/lpga-trackman-averages/,
d667dfae707bc26ad8dfe29c,trackman_tour_averages_classic,tour_average,lpga_tour,classic_data_sheet,TrackMan,2010,PW,attack angle,attack_angle,-2.8,deg,-0.048869219055841226,rad,group_mean,cross_verified,https://teeituprva.com/wp-content/uploads/2019/03/LPGA-AVERAGES-INTERACTIVE.pdf;http://3jack.blogspot.com/2010/02/trackman-pga-lpga-tour-averages.html;https://thegolfmine.com/lpga-trackman-averages/,
edeaad88de1910b8d0ba96cf,trackman_tour_averages_classic,tour_average,lpga_tour,classic_data_sheet,TrackMan,2010,PW,ball speed,ball_speed,86.0,mph,38.44544,m/s,group_mean,cross_verified,https://teeituprva.com/wp-content/uploads/2019/03/LPGA-AVERAGES-INTERACTIVE.pdf;http://3jack.blogspot.com/2010/02/trackman-pga-lpga-tour-averages.html;https://thegolfmine.com/lpga-trackman-averages/,
10957716cdf3bf379a0d8ead,trackman_tour_averages_classic,tour_average,lpga_tour,classic_data_sheet,TrackMan,2010,PW,smash factor,smash_factor,1.23,1,1.23,1,group_mean,cross_verified,https://teeituprva.com/wp-content/uploads/2019/03/LPGA-AVERAGES-INTERACTIVE.pdf;http://3jack.blogspot.com/2010/02/trackman-pga-lpga-tour-averages.html;https://thegolfmine.com/lpga-trackman-averages/,
027989b5e42a6864b5b85a55,trackman_tour_averages_classic,tour_average,lpga_tour,classic_data_sheet,TrackMan,2010,PW,launch angle,launch_angle,25.6,deg,0.4468042885105484,rad,group_mean,cross_verified,https://teeituprva.com/wp-content/uploads/2019/03/LPGA-AVERAGES-INTERACTIVE.pdf;http://3jack.blogspot.com/2010/02/trackman-pga-lpga-tour-averages.html;https://thegolfmine.com/lpga-trackman-averages/,one snippet rendered 25.7
59516ead4d822aaa468fd6fa,trackman_tour_averages_classic,tour_average,lpga_tour,classic_data_sheet,TrackMan,2010,PW,spin rate,spin_rate,8403.0,rpm,879.960102270501,rad/s,group_mean,cross_verified,https://teeituprva.com/wp-content/uploads/2019/03/LPGA-AVERAGES-INTERACTIVE.pdf;http://3jack.blogspot.com/2010/02/trackman-pga-lpga-tour-averages.html;https://thegolfmine.com/lpga-trackman-averages/,
b8086322664fd2868ad8473a,trackman_tour_averages_classic,tour_average,lpga_tour,classic_data_sheet,TrackMan,2010,PW,max height,apex_height,23.0,yd,21.0312,m,group_mean,cross_verified,https://teeituprva.com/wp-content/uploads/2019/03/LPGA-AVERAGES-INTERACTIVE.pdf;http://3jack.blogspot.com/2010/02/trackman-pga-lpga-tour-averages.html;https://thegolfmine.com/lpga-trackman-averages/,
c64270bb0476c336d7a12f33,trackman_tour_averages_classic,tour_average,lpga_tour,classic_data_sheet,TrackMan,2010,PW,land angle,descent_angle,48.0,deg,0.8377580409572782,rad,group_mean,cross_verified,https://teeituprva.com/wp-content/uploads/2019/03/LPGA-AVERAGES-INTERACTIVE.pdf;http://3jack.blogspot.com/2010/02/trackman-pga-lpga-tour-averages.html;https://thegolfmine.com/lpga-trackman-averages/,
3ca2cc0f0295fb3aa9348e32,trackman_tour_averages_classic,tour_average,lpga_tour,classic_data_sheet,TrackMan,2010,PW,carry,carry_distance,107.0,yd,97.8408,m,group_mean,cross_verified,https://teeituprva.com/wp-content/uploads/2019/03/LPGA-AVERAGES-INTERACTIVE.pdf;http://3jack.blogspot.com/2010/02/trackman-pga-lpga-tour-averages.html;https://thegolfmine.com/lpga-trackman-averages/,
66cd110ce128c7917ab919c8,trackman_tour_averages_2023,tour_average,pga_tour,insights_2024_update,TrackMan,2023,Driver,club speed,club_speed,115.0,mph,51.4096,m/s,group_mean,cross_verified,https://www.trackman.com/blog/introducing-updated-tour-averages;https://golf.com/instruction/driving/this-is-how-far-pga-and-lpga-tour-players-hit-it-with-every-club/;https://www.golfmonthly.com/tour/how-far-pga-tour-players-hit-every-club-in-the-bag,
257ce43425361f2ddfc0b168,trackman_tour_averages_2023,tour_average,pga_tour,insights_2024_update,TrackMan,2023,Driver,attack angle,attack_angle,-0.9,deg,-0.015707963267948967,rad,group_mean,cross_verified,https://www.trackman.com/blog/introducing-updated-tour-averages;https://golf.com/instruction/driving/this-is-how-far-pga-and-lpga-tour-players-hit-it-with-every-club/;https://www.golfmonthly.com/tour/how-far-pga-tour-players-hit-every-club-in-the-bag,
2f9f3c0c315bdf5b6328b83b,trackman_tour_averages_2023,tour_average,pga_tour,insights_2024_update,TrackMan,2023,Driver,ball speed,ball_speed,171.0,mph,76.44384,m/s,group_mean,cross_verified,https://www.trackman.com/blog/introducing-updated-tour-averages;https://golf.com/instruction/driving/this-is-how-far-pga-and-lpga-tour-players-hit-it-with-every-club/;https://www.golfmonthly.com/tour/how-far-pga-tour-players-hit-every-club-in-the-bag,
343f2f24f2d4468567962088,trackman_tour_averages_2023,tour_average,pga_tour,insights_2024_update,TrackMan,2023,Driver,smash factor,smash_factor,1.49,1,1.49,1,group_mean,cross_verified,https://www.trackman.com/blog/introducing-updated-tour-averages;https://golf.com/instruction/driving/this-is-how-far-pga-and-lpga-tour-players-hit-it-with-every-club/;https://www.golfmonthly.com/tour/how-far-pga-tour-players-hit-every-club-in-the-bag,
41efd0c24aaec32c3fda63c6,trackman_tour_averages_2023,tour_average,pga_tour,insights_2024_update,TrackMan,2023,Driver,launch angle,launch_angle,10.4,deg,0.18151424220741028,rad,group_mean,cross_verified,https://www.trackman.com/blog/introducing-updated-tour-averages;https://golf.com/instruction/driving/this-is-how-far-pga-and-lpga-tour-players-hit-it-with-every-club/;https://www.golfmonthly.com/tour/how-far-pga-tour-players-hit-every-club-in-the-bag,
3c0f6dbdf2c39b6afbd355b6,trackman_tour_averages_2023,tour_average,pga_tour,insights_2024_update,TrackMan,2023,Driver,spin rate,spin_rate,2545.0,rpm,266.5117767795341,rad/s,group_mean,cross_verified,https://www.trackman.com/blog/introducing-updated-tour-averages;https://golf.com/instruction/driving/this-is-how-far-pga-and-lpga-tour-players-hit-it-with-every-club/;https://www.golfmonthly.com/tour/how-far-pga-tour-players-hit-every-club-in-the-bag,
5c9c9973e80ac81102b87cab,trackman_tour_averages_2023,tour_average,pga_tour,insights_2024_update,TrackMan,2023,Driver,max height,apex_height,32.0,m,32.0,m,group_mean,cross_verified,https://www.trackman.com/blog/introducing-updated-tour-averages;https://golf.com/instruction/driving/this-is-how-far-pga-and-lpga-tour-players-hit-it-with-every-club/;https://www.golfmonthly.com/tour/how-far-pga-tour-players-hit-every-club-in-the-bag,
d8aa5e97dea136790a50cac5,trackman_tour_averages_2023,tour_average,pga_tour,insights_2024_update,TrackMan,2023,Driver,land angle,descent_angle,39.0,deg,0.6806784082777885,rad,group_mean,cross_verified,https://www.trackman.com/blog/introducing-updated-tour-averages;https://golf.com/instruction/driving/this-is-how-far-pga-and-lpga-tour-players-hit-it-with-every-club/;https://www.golfmonthly.com/tour/how-far-pga-tour-players-hit-every-club-in-the-bag,
94ed8bb56d7f8bb551fc87bc,trackman_tour_averages_2023,tour_average,pga_tour,insights_2024_update,TrackMan,2023,Driver,carry,carry_distance,258.0,m,258.0,m,group_mean,cross_verified,https://www.trackman.com/blog/introducing-updated-tour-averages;https://golf.com/instruction/driving/this-is-how-far-pga-and-lpga-tour-players-hit-it-with-every-club/;https://www.golfmonthly.com/tour/how-far-pga-tour-players-hit-every-club-in-the-bag,
2b90c4a4e7a0a2fe06e87cf0,trackman_tour_averages_2023,tour_average,pga_tour,insights_2024_update,TrackMan,2023,3-wood,club speed,club_speed,110.0,mph,49.1744,m/s,group_mean,cross_verified,https://www.trackman.com/blog/introducing-updated-tour-averages;https://golf.com/instruction/driving/this-is-how-far-pga-and-lpga-tour-players-hit-it-with-every-club/;https://www.golfmonthly.com/tour/how-far-pga-tour-players-hit-every-club-in-the-bag,
42f19639a2555bf6fc486139,trackman_tour_averages_2023,tour_average,pga_tour,insights_2024_update,TrackMan,2023,3-wood,attack angle,attack_angle,-2.3,deg,-0.04014257279586958,rad,group_mean,cross_verified,https://www.trackman.com/blog/introducing-updated-tour-averages;https://golf.com/instruction/driving/this-is-how-far-pga-and-lpga-tour-players-hit-it-with-every-club/;https://www.golfmonthly.com/tour/how-far-pga-tour-players-hit-every-club-in-the-bag,
3dd02aa9b0312689c0be7cbc,trackman_tour_averages_2023,tour_average,pga_tour,insights_2024_update,TrackMan,2023,3-wood,ball speed,ball_speed,162.0,mph,72.42048,m/s,group_mean,cross_verified,https://www.trackman.com/blog/introducing-updated-tour-averages;https://golf.com/instruction/driving/this-is-how-far-pga-and-lpga-tour-players-hit-it-with-every-club/;https://www.golfmonthly.com/tour/how-far-pga-tour-players-hit-every-club-in-the-bag,
6872a3da498d9ada0ac41657,trackman_tour_averages_2023,tour_average,pga_tour,insights_2024_update,TrackMan,2023,3-wood,smash factor,smash_factor,1.47,1,1.47,1,group_mean,cross_verified,https://www.trackman.com/blog/introducing-updated-tour-averages;https://golf.com/instruction/driving/this-is-how-far-pga-and-lpga-tour-players-hit-it-with-every-club/;https://www.golfmonthly.com/tour/how-far-pga-tour-players-hit-every-club-in-the-bag,
9666ab2ba97dea4ae7ba6024,trackman_tour_averages_2023,tour_average,pga_tour,insights_2024_update,TrackMan,2023,3-wood,launch angle,launch_angle,9.3,deg,0.16231562043547265,rad,group_mean,cross_verified,https://www.trackman.com/blog/introducing-updated-tour-averages;https://golf.com/instruction/driving/this-is-how-far-pga-and-lpga-tour-players-hit-it-with-every-club/;https://www.golfmonthly.com/tour/how-far-pga-tour-players-hit-every-club-in-the-bag,
0fee76a66f3492f05b92320c,trackman_tour_averages_2023,tour_average,pga_tour,insights_2024_update,TrackMan,2023,3-wood,spin rate,spin_rate,3663.0,rpm,383.58846300331373,rad/s,group_mean,cross_verified,https://www.trackman.com/blog/introducing-updated-tour-averages;https://golf.com/instruction/driving/this-is-how-far-pga-and-lpga-tour-players-hit-it-with-every-club/;https://www.golfmonthly.com/tour/how-far-pga-tour-players-hit-every-club-in-the-bag,
4fee9effcc45e104302db4c2,trackman_tour_averages_2023,tour_average,pga_tour,insights_2024_update,TrackMan,2023,3-wood,max height,apex_height,29.0,m,29.0,m,group_mean,cross_verified,https://www.trackman.com/blog/introducing-updated-tour-averages;https://golf.com/instruction/driving/this-is-how-far-pga-and-lpga-tour-players-hit-it-with-every-club/;https://www.golfmonthly.com/tour/how-far-pga-tour-players-hit-every-club-in-the-bag,
153b5b00eb2c33bdf3ff2196,trackman_tour_averages_2023,tour_average,pga_tour,insights_2024_update,TrackMan,2023,3-wood,land angle,descent_angle,44.0,deg,0.767944870877505,rad,group_mean,cross_verified,https://www.trackman.com/blog/introducing-updated-tour-averages;https://golf.com/instruction/driving/this-is-how-far-pga-and-lpga-tour-players-hit-it-with-every-club/;https://www.golfmonthly.com/tour/how-far-pga-tour-players-hit-every-club-in-the-bag,
cad83e5109557485a39a6a73,trackman_tour_averages_2023,tour_average,pga_tour,insights_2024_update,TrackMan,2023,3-wood,carry,carry_distance,228.0,m,228.0,m,group_mean,cross_verified,https://www.trackman.com/blog/introducing-updated-tour-averages;https://golf.com/instruction/driving/this-is-how-far-pga-and-lpga-tour-players-hit-it-with-every-club/;https://www.golfmonthly.com/tour/how-far-pga-tour-players-hit-every-club-in-the-bag,
e1a843b60719ea3e7bb5fd94,trackman_tour_averages_2023,tour_average,pga_tour,insights_2024_update,TrackMan,2023,5-wood,club speed,club_speed,106.0,mph,47.38624,m/s,group_mean,cross_verified,https://www.trackman.com/blog/introducing-updated-tour-averages;https://golf.com/instruction/driving/this-is-how-far-pga-and-lpga-tour-players-hit-it-with-every-club/;https://www.golfmonthly.com/tour/how-far-pga-tour-players-hit-every-club-in-the-bag,
ecd207d534652dfc3e8329ef,trackman_tour_averages_2023,tour_average,pga_tour,insights_2024_update,TrackMan,2023,5-wood,attack angle,attack_angle,-2.5,deg,-0.04363323129985824,rad,group_mean,cross_verified,https://www.trackman.com/blog/introducing-updated-tour-averages;https://golf.com/instruction/driving/this-is-how-far-pga-and-lpga-tour-players-hit-it-with-every-club/;https://www.golfmonthly.com/tour/how-far-pga-tour-players-hit-every-club-in-the-bag,
ac64ae1ec0699ba8111c67c7,trackman_tour_averages_2023,tour_average,pga_tour,insights_2024_update,TrackMan,2023,5-wood,ball speed,ball_speed,156.0,mph,69.73824,m/s,group_mean,cross_verified,https://www.trackman.com/blog/introducing-updated-tour-averages;https://golf.com/instruction/driving/this-is-how-far-pga-and-lpga-tour-players-hit-it-with-every-club/;https://www.golfmonthly.com/tour/how-far-pga-tour-players-hit-every-club-in-the-bag,
e38521c204c1c547fc3ce143,trackman_tour_averages_2023,tour_average,pga_tour,insights_2024_update,TrackMan,2023,5-wood,smash factor,smash_factor,1.47,1,1.47,1,group_mean,cross_verified,https://www.trackman.com/blog/introducing-updated-tour-averages;https://golf.com/instruction/driving/this-is-how-far-pga-and-lpga-tour-players-hit-it-with-every-club/;https://www.golfmonthly.com/tour/how-far-pga-tour-players-hit-every-club-in-the-bag,
b99d6ca92017034b517a6d29,trackman_tour_averages_2023,tour_average,pga_tour,insights_2024_update,TrackMan,2023,5-wood,launch angle,launch_angle,9.7,deg,0.16929693744344995,rad,group_mean,cross_verified,https://www.trackman.com/blog/introducing-updated-tour-averages;https://golf.com/instruction/driving/this-is-how-far-pga-and-lpga-tour-players-hit-it-with-every-club/;https://www.golfmonthly.com/tour/how-far-pga-tour-players-hit-every-club-in-the-bag,
e217a7211936e691f5d796da,trackman_tour_averages_2023,tour_average,pga_tour,insights_2024_update,TrackMan,2023,5-wood,spin rate,spin_rate,4322.0,rpm,452.5987816271695,rad/s,group_mean,cross_verified,https://www.trackman.com/blog/introducing-updated-tour-averages;https://golf.com/instruction/driving/this-is-how-far-pga-and-lpga-tour-players-hit-it-with-every-club/;https://www.golfmonthly.com/tour/how-far-pga-tour-players-hit-every-club-in-the-bag,
12edddd69c9e8745494ab622,trackman_tour_averages_2023,tour_average,pga_tour,insights_2024_update,TrackMan,2023,5-wood,max height,apex_height,30.0,m,30.0,m,group_mean,cross_verified,https://www.trackman.com/blog/introducing-updated-tour-averages;https://golf.com/instruction/driving/this-is-how-far-pga-and-lpga-tour-players-hit-it-with-every-club/;https://www.golfmonthly.com/tour/how-far-pga-tour-players-hit-every-club-in-the-bag,
3982be3b0e166a562b60b75d,trackman_tour_averages_2023,tour_average,pga_tour,insights_2024_update,TrackMan,2023,5-wood,land angle,descent_angle,48.0,deg,0.8377580409572782,rad,group_mean,cross_verified,https://www.trackman.com/blog/introducing-updated-tour-averages;https://golf.com/instruction/driving/this-is-how-far-pga-and-lpga-tour-players-hit-it-with-every-club/;https://www.golfmonthly.com/tour/how-far-pga-tour-players-hit-every-club-in-the-bag,
b34a3534ae97bb3694b683ad,trackman_tour_averages_2023,tour_average,pga_tour,insights_2024_update,TrackMan,2023,5-wood,carry,carry_distance,216.0,m,216.0,m,group_mean,cross_verified,https://www.trackman.com/blog/introducing-updated-tour-averages;https://golf.com/instruction/driving/this-is-how-far-pga-and-lpga-tour-players-hit-it-with-every-club/;https://www.golfmonthly.com/tour/how-far-pga-tour-players-hit-every-club-in-the-bag,
3932ba531410b0f532fca312,trackman_tour_averages_2023,tour_average,pga_tour,insights_2024_update,TrackMan,2023,Hybrid,club speed,club_speed,102.0,mph,45.598079999999996,m/s,group_mean,cross_verified,https://www.trackman.com/blog/introducing-updated-tour-averages;https://golf.com/instruction/driving/this-is-how-far-pga-and-lpga-tour-players-hit-it-with-every-club/;https://www.golfmonthly.com/tour/how-far-pga-tour-players-hit-every-club-in-the-bag,
485dab2960f9114c99a998d2,trackman_tour_averages_2023,tour_average,pga_tour,insights_2024_update,TrackMan,2023,Hybrid,attack angle,attack_angle,-2.4,deg,-0.041887902047863905,rad,group_mean,cross_verified,https://www.trackman.com/blog/introducing-updated-tour-averages;https://golf.com/instruction/driving/this-is-how-far-pga-and-lpga-tour-players-hit-it-with-every-club/;https://www.golfmonthly.com/tour/how-far-pga-tour-players-hit-every-club-in-the-bag,
116cbc85b709098117ffe1e7,trackman_tour_averages_2023,tour_average,pga_tour,insights_2024_update,TrackMan,2023,Hybrid,ball speed,ball_speed,149.0,mph,66.60896,m/s,group_mean,cross_verified,https://www.trackman.com/blog/introducing-updated-tour-averages;https://golf.com/instruction/driving/this-is-how-far-pga-and-lpga-tour-players-hit-it-with-every-club/;https://www.golfmonthly.com/tour/how-far-pga-tour-players-hit-every-club-in-the-bag,
9d55a1d645dfe27a0f2f7e81,trackman_tour_averages_2023,tour_average,pga_tour,insights_2024_update,TrackMan,2023,Hybrid,smash factor,smash_factor,1.47,1,1.47,1,group_mean,cross_verified,https://www.trackman.com/blog/introducing-updated-tour-averages;https://golf.com/instruction/driving/this-is-how-far-pga-and-lpga-tour-players-hit-it-with-every-club/;https://www.golfmonthly.com/tour/how-far-pga-tour-players-hit-every-club-in-the-bag,
f4f079e02bd57663dfa75fb2,trackman_tour_averages_2023,tour_average,pga_tour,insights_2024_update,TrackMan,2023,Hybrid,launch angle,launch_angle,10.2,deg,0.1780235837034216,rad,group_mean,cross_verified,https://www.trackman.com/blog/introducing-updated-tour-averages;https://golf.com/instruction/driving/this-is-how-far-pga-and-lpga-tour-players-hit-it-with-every-club/;https://www.golfmonthly.com/tour/how-far-pga-tour-players-hit-every-club-in-the-bag,
ee9ba86bed094d3614cf6bcd,trackman_tour_averages_2023,tour_average,pga_tour,insights_2024_update,TrackMan,2023,Hybrid,spin rate,spin_rate,4587.0,rpm,480.34951673387934,rad/s,group_mean,cross_verified,https://www.trackman.com/blog/introducing-updated-tour-averages;https://golf.com/instruction/driving/this-is-how-far-pga-and-lpga-tour-players-hit-it-with-every-club/;https://www.golfmonthly.com/tour/how-far-pga-tour-players-hit-every-club-in-the-bag,
db0fde89a771458198359ead,trackman_tour_averages_2023,tour_average,pga_tour,insights_2024_update,TrackMan,2023,Hybrid,max height,apex_height,28.0,m,28.0,m,group_mean,cross_verified,https://www.trackman.com/blog/introducing-updated-tour-averages;https://golf.com/instruction/driving/this-is-how-far-pga-and-lpga-tour-players-hit-it-with-every-club/;https://www.golfmonthly.com/tour/how-far-pga-tour-players-hit-every-club-in-the-bag,
d2d27f2839ab1446e31dc92a,trackman_tour_averages_2023,tour_average,pga_tour,insights_2024_update,TrackMan,2023,Hybrid,land angle,descent_angle,49.0,deg,0.8552113334772214,rad,group_mean,cross_verified,https://www.trackman.com/blog/introducing-updated-tour-averages;https://golf.com/instruction/driving/this-is-how-far-pga-and-lpga-tour-players-hit-it-with-every-club/;https://www.golfmonthly.com/tour/how-far-pga-tour-players-hit-every-club-in-the-bag,
c6a3fcf8bd7ef8ca14dd9b93,trackman_tour_averages_2023,tour_average,pga_tour,insights_2024_update,TrackMan,2023,Hybrid,carry,carry_distance,211.0,m,211.0,m,group_mean,cross_verified,https://www.trackman.com/blog/introducing-updated-tour-averages;https://golf.com/instruction/driving/this-is-how-far-pga-and-lpga-tour-players-hit-it-with-every-club/;https://www.golfmonthly.com/tour/how-far-pga-tour-players-hit-every-club-in-the-bag,
3932f36cfecc277d60a22a54,trackman_tour_averages_2023,tour_average,pga_tour,insights_2024_update,TrackMan,2023,3-iron,club speed,club_speed,100.0,mph,44.704,m/s,group_mean,cross_verified,https://www.trackman.com/blog/introducing-updated-tour-averages;https://golf.com/instruction/driving/this-is-how-far-pga-and-lpga-tour-players-hit-it-with-every-club/;https://www.golfmonthly.com/tour/how-far-pga-tour-players-hit-every-club-in-the-bag,
625cf5e408cd0718e477a215,trackman_tour_averages_2023,tour_average,pga_tour,insights_2024_update,TrackMan,2023,3-iron,attack angle,attack_angle,-2.5,deg,-0.04363323129985824,rad,group_mean,cross_verified,https://www.trackman.com/blog/introducing-updated-tour-averages;https://golf.com/instruction/driving/this-is-how-far-pga-and-lpga-tour-players-hit-it-with-every-club/;https://www.golfmonthly.com/tour/how-far-pga-tour-players-hit-every-club-in-the-bag,
8a22e558f0572967cc1aa5b7,trackman_tour_averages_2023,tour_average,pga_tour,insights_2024_update,TrackMan,2023,3-iron,ball speed,ball_speed,145.0,mph,64.8208,m/s,group_mean,cross_verified,https://www.trackman.com/blog/introducing-updated-tour-averages;https://golf.com/instruction/driving/this-is-how-far-pga-and-lpga-tour-players-hit-it-with-every-club/;https://www.golfmonthly.com/tour/how-far-pga-tour-players-hit-every-club-in-the-bag,
2d03e946a39cf3a80b3a1ac5,trackman_tour_averages_2023,tour_average,pga_tour,insights_2024_update,TrackMan,2023,3-iron,smash factor,smash_factor,1.46,1,1.46,1,group_mean,cross_verified,https://www.trackman.com/blog/introducing-updated-tour-averages;https://golf.com/instruction/driving/this-is-how-far-pga-and-lpga-tour-players-hit-it-with-every-club/;https://www.golfmonthly.com/tour/how-far-pga-tour-players-hit-every-club-in-the-bag,
a23441c72e299a2b2d6c7be3,trackman_tour_averages_2023,tour_average,pga_tour,insights_2024_update,TrackMan,2023,3-iron,launch angle,launch_angle,10.3,deg,0.17976891295541594,rad,group_mean,cross_verified,https://www.trackman.com/blog/introducing-updated-tour-averages;https://golf.com/instruction/driving/this-is-how-far-pga-and-lpga-tour-players-hit-it-with-every-club/;https://www.golfmonthly.com/tour/how-far-pga-tour-players-hit-every-club-in-the-bag,
632f27c4402332fff16f672b,trackman_tour_averages_2023,tour_average,pga_tour,insights_2024_update,TrackMan,2023,3-iron,spin rate,spin_rate,4404.0,rpm,461.1858015469816,rad/s,group_mean,cross_verified,https://www.trackman.com/blog/introducing-updated-tour-averages;https://golf.com/instruction/driving/this-is-how-far-pga-and-lpga-tour-players-hit-it-with-every-club/;https://www.golfmonthly.com/tour/how-far-pga-tour-players-hit-every-club-in-the-bag,
4e8f9bfeb5df88157bec3480,trackman_tour_averages_2023,tour_average,pga_tour,insights_2024_update,TrackMan,2023,3-iron,max height,apex_height,27.0,m,27.0,m,group_mean,cross_verified,https://www.trackman.com/blog/introducing-updated-tour-averages;https://golf.com/instruction/driving/this-is-how-far-pga-and-lpga-tour-players-hit-it-with-every-club/;https://www.golfmonthly.com/tour/how-far-pga-tour-players-hit-every-club-in-the-bag,
f47a850eea13eaac8cccfb62,trackman_tour_averages_2023,tour_average,pga_tour,insights_2024_update,TrackMan,2023,3-iron,land angle,descent_angle,48.0,deg,0.8377580409572782,rad,group_mean,cross_verified,https://www.trackman.com/blog/introducing-updated-tour-averages;https://golf.com/instruction/driving/this-is-how-far-pga-and-lpga-tour-players-hit-it-with-every-club/;https://www.golfmonthly.com/tour/how-far-pga-tour-players-hit-every-club-in-the-bag,
53ede8333a6771cae720069f,trackman_tour_averages_2023,tour_average,pga_tour,insights_2024_update,TrackMan,2023,3-iron,carry,carry_distance,199.0,m,199.0,m,group_mean,cross_verified,https://www.trackman.com/blog/introducing-updated-tour-averages;https://golf.com/instruction/driving/this-is-how-far-pga-and-lpga-tour-players-hit-it-with-every-club/;https://www.golfmonthly.com/tour/how-far-pga-tour-players-hit-every-club-in-the-bag,
1c9357e1a3713e58938093e6,trackman_tour_averages_2023,tour_average,pga_tour,insights_2024_update,TrackMan,2023,4-iron,club speed,club_speed,98.0,mph,43.80992,m/s,group_mean,cross_verified,https://www.trackman.com/blog/introducing-updated-tour-averages;https://golf.com/instruction/driving/this-is-how-far-pga-and-lpga-tour-players-hit-it-with-every-club/;https://www.golfmonthly.com/tour/how-far-pga-tour-players-hit-every-club-in-the-bag,
3ebb403d474de841f90eaf30,trackman_tour_averages_2023,tour_average,pga_tour,insights_2024_update,TrackMan,2023,4-iron,attack angle,attack_angle,-2.9,deg,-0.05061454830783556,rad,group_mean,cross_verified,https://www.trackman.com/blog/introducing-updated-tour-averages;https://golf.com/instruction/driving/this-is-how-far-pga-and-lpga-tour-players-hit-it-with-every-club/;https://www.golfmonthly.com/tour/how-far-pga-tour-players-hit-every-club-in-the-bag,
9737fb4688039cda7eec710c,trackman_tour_averages_2023,tour_average,pga_tour,insights_2024_update,TrackMan,2023,4-iron,ball speed,ball_speed,140.0,mph,62.5856,m/s,group_mean,cross_verified,https://www.trackman.com/blog/introducing-updated-tour-averages;https://golf.com/instruction/driving/this-is-how-far-pga-and-lpga-tour-players-hit-it-with-every-club/;https://www.golfmonthly.com/tour/how-far-pga-tour-players-hit-every-club-in-the-bag,
9db7a9e61dfabf35dac383a1,trackman_tour_averages_2023,tour_average,pga_tour,insights_2024_update,TrackMan,2023,4-iron,smash factor,smash_factor,1.44,1,1.44,1,group_mean,cross_verified,https://www.trackman.com/blog/introducing-updated-tour-averages;https://golf.com/instruction/driving/this-is-how-far-pga-and-lpga-tour-players-hit-it-with-every-club/;https://www.golfmonthly.com/tour/how-far-pga-tour-players-hit-every-club-in-the-bag,
c7cf8e908c63e97d15595173,trackman_tour_averages_2023,tour_average,pga_tour,insights_2024_update,TrackMan,2023,4-iron,launch angle,launch_angle,10.8,deg,0.1884955592153876,rad,group_mean,cross_verified,https://www.trackman.com/blog/introducing-updated-tour-averages;https://golf.com/instruction/driving/this-is-how-far-pga-and-lpga-tour-players-hit-it-with-every-club/;https://www.golfmonthly.com/tour/how-far-pga-tour-players-hit-every-club-in-the-bag,
15f65130d628b6f3216af0d3,trackman_tour_averages_2023,tour_average,pga_tour,insights_2024_update,TrackMan,2023,4-iron,spin rate,spin_rate,4782.0,rpm,500.769868982213,rad/s,group_mean,cross_verified,https://www.trackman.com/blog/introducing-updated-tour-averages;https://golf.com/instruction/driving/this-is-how-far-pga-and-lpga-tour-players-hit-it-with-every-club/;https://www.golfmonthly.com/tour/how-far-pga-tour-players-hit-every-club-in-the-bag,
ce9af7846fb8d94c6264f261,trackman_tour_averages_2023,tour_average,pga_tour,insights_2024_update,TrackMan,2023,4-iron,max height,apex_height,28.0,m,28.0,m,group_mean,cross_verified,https://www.trackman.com/blog/introducing-updated-tour-averages;https://golf.com/instruction/driving/this-is-how-far-pga-and-lpga-tour-players-hit-it-with-every-club/;https://www.golfmonthly.com/tour/how-far-pga-tour-players-hit-every-club-in-the-bag,
2e43fd2bfdef2584fc9764a3,trackman_tour_averages_2023,tour_average,pga_tour,insights_2024_update,TrackMan,2023,4-iron,land angle,descent_angle,49.0,deg,0.8552113334772214,rad,group_mean,cross_verified,https://www.trackman.com/blog/introducing-updated-tour-averages;https://golf.com/instruction/driving/this-is-how-far-pga-and-lpga-tour-players-hit-it-with-every-club/;https://www.golfmonthly.com/tour/how-far-pga-tour-players-hit-every-club-in-the-bag,
e093f157a903e60028513afb,trackman_tour_averages_2023,tour_average,pga_tour,insights_2024_update,TrackMan,2023,4-iron,carry,carry_distance,192.0,m,192.0,m,group_mean,cross_verified,https://www.trackman.com/blog/introducing-updated-tour-averages;https://golf.com/instruction/driving/this-is-how-far-pga-and-lpga-tour-players-hit-it-with-every-club/;https://www.golfmonthly.com/tour/how-far-pga-tour-players-hit-every-club-in-the-bag,
6c6ddee0fce13be5ed2bcab3,trackman_tour_averages_2023,tour_average,pga_tour,insights_2024_update,TrackMan,2023,5-iron,club speed,club_speed,96.0,mph,42.91584,m/s,group_mean,cross_verified,https://www.trackman.com/blog/introducing-updated-tour-averages;https://golf.com/instruction/driving/this-is-how-far-pga-and-lpga-tour-players-hit-it-with-every-club/;https://www.golfmonthly.com/tour/how-far-pga-tour-players-hit-every-club-in-the-bag,
dbe3a977ecf2de9971f0fca8,trackman_tour_averages_2023,tour_average,pga_tour,insights_2024_update,TrackMan,2023,5-iron,attack angle,attack_angle,-3.4,deg,-0.059341194567807204,rad,group_mean,cross_verified,https://www.trackman.com/blog/introducing-updated-tour-averages;https://golf.com/instruction/driving/this-is-how-far-pga-and-lpga-tour-players-hit-it-with-every-club/;https://www.golfmonthly.com/tour/how-far-pga-tour-players-hit-every-club-in-the-bag,
1e8f83fff2f7b56e457e05b5,trackman_tour_averages_2023,tour_average,pga_tour,insights_2024_update,TrackMan,2023,5-iron,ball speed,ball_speed,135.0,mph,60.3504,m/s,group_mean,cross_verified,https://www.trackman.com/blog/introducing-updated-tour-averages;https://golf.com/instruction/driving/this-is-how-far-pga-and-lpga-tour-players-hit-it-with-every-club/;https://www.golfmonthly.com/tour/how-far-pga-tour-players-hit-every-club-in-the-bag,
92699382b1f6a0a10d9400f8,trackman_tour_averages_2023,tour_average,pga_tour,insights_2024_update,TrackMan,2023,5-iron,smash factor,smash_factor,1.41,1,1.41,1,group_mean,cross_verified,https://www.trackman.com/blog/introducing-updated-tour-averages;https://golf.com/instruction/driving/this-is-how-far-pga-and-lpga-tour-players-hit-it-with-every-club/;https://www.golfmonthly.com/tour/how-far-pga-tour-players-hit-every-club-in-the-bag,
904276354284c3d45503f1a6,trackman_tour_averages_2023,tour_average,pga_tour,insights_2024_update,TrackMan,2023,5-iron,launch angle,launch_angle,11.9,deg,0.20769418098732523,rad,group_mean,cross_verified,https://www.trackman.com/blog/introducing-updated-tour-averages;https://golf.com/instruction/driving/this-is-how-far-pga-and-lpga-tour-players-hit-it-with-every-club/;https://www.golfmonthly.com/tour/how-far-pga-tour-players-hit-every-club-in-the-bag,
a2420a042711f47fb9f3fa5f,trackman_tour_averages_2023,tour_average,pga_tour,insights_2024_update,TrackMan,2023,5-iron,spin rate,spin_rate,5280.0,rpm,552.9203070318035,rad/s,group_mean,cross_verified,https://www.trackman.com/blog/introducing-updated-tour-averages;https://golf.com/instruction/driving/this-is-how-far-pga-and-lpga-tour-players-hit-it-with-every-club/;https://www.golfmonthly.com/tour/how-far-pga-tour-players-hit-every-club-in-the-bag,
0adefc682eb12dc6c35a3c71,trackman_tour_averages_2023,tour_average,pga_tour,insights_2024_update,TrackMan,2023,5-iron,max height,apex_height,30.0,m,30.0,m,group_mean,cross_verified,https://www.trackman.com/blog/introducing-updated-tour-averages;https://golf.com/instruction/driving/this-is-how-far-pga-and-lpga-tour-players-hit-it-with-every-club/;https://www.golfmonthly.com/tour/how-far-pga-tour-players-hit-every-club-in-the-bag,
f7e58bdc5ace61320c2d47b7,trackman_tour_averages_2023,tour_average,pga_tour,insights_2024_update,TrackMan,2023,5-iron,land angle,descent_angle,50.0,deg,0.8726646259971648,rad,group_mean,cross_verified,https://www.trackman.com/blog/introducing-updated-tour-averages;https://golf.com/instruction/driving/this-is-how-far-pga-and-lpga-tour-players-hit-it-with-every-club/;https://www.golfmonthly.com/tour/how-far-pga-tour-players-hit-every-club-in-the-bag,
eb8719c42d7f13c403428f1a,trackman_tour_averages_2023,tour_average,pga_tour,insights_2024_update,TrackMan,2023,5-iron,carry,carry_distance,182.0,m,182.0,m,group_mean,cross_verified,https://www.trackman.com/blog/introducing-updated-tour-averages;https://golf.com/instruction/driving/this-is-how-far-pga-and-lpga-tour-players-hit-it-with-every-club/;https://www.golfmonthly.com/tour/how-far-pga-tour-players-hit-every-club-in-the-bag,
36566b19b2c08559199b1882,trackman_tour_averages_2023,tour_average,pga_tour,insights_2024_update,TrackMan,2023,6-iron,club speed,club_speed,94.0,mph,42.02176,m/s,group_mean,cross_verified,https://www.trackman.com/blog/introducing-updated-tour-averages;https://golf.com/instruction/driving/this-is-how-far-pga-and-lpga-tour-players-hit-it-with-every-club/;https://www.golfmonthly.com/tour/how-far-pga-tour-players-hit-every-club-in-the-bag,
95096b2a44e7c6df9df69a88,trackman_tour_averages_2023,tour_average,pga_tour,insights_2024_update,TrackMan,2023,6-iron,attack angle,attack_angle,-3.7,deg,-0.0645771823237902,rad,group_mean,cross_verified,https://www.trackman.com/blog/introducing-updated-tour-averages;https://golf.com/instruction/driving/this-is-how-far-pga-and-lpga-tour-players-hit-it-with-every-club/;https://www.golfmonthly.com/tour/how-far-pga-tour-players-hit-every-club-in-the-bag,
7649c70a77f1c06252e467a1,trackman_tour_averages_2023,tour_average,pga_tour,insights_2024_update,TrackMan,2023,6-iron,ball speed,ball_speed,130.0,mph,58.1152,m/s,group_mean,cross_verified,https://www.trackman.com/blog/introducing-updated-tour-averages;https://golf.com/instruction/driving/this-is-how-far-pga-and-lpga-tour-players-hit-it-with-every-club/;https://www.golfmonthly.com/tour/how-far-pga-tour-players-hit-every-club-in-the-bag,
731249efbc96a31d58affb85,trackman_tour_averages_2023,tour_average,pga_tour,insights_2024_update,TrackMan,2023,6-iron,smash factor,smash_factor,1.39,1,1.39,1,group_mean,cross_verified,https://www.trackman.com/blog/introducing-updated-tour-averages;https://golf.com/instruction/driving/this-is-how-far-pga-and-lpga-tour-players-hit-it-with-every-club/;https://www.golfmonthly.com/tour/how-far-pga-tour-players-hit-every-club-in-the-bag,
d51520631475059f0800cabd,trackman_tour_averages_2023,tour_average,pga_tour,insights_2024_update,TrackMan,2023,6-iron,launch angle,launch_angle,14.0,deg,0.24434609527920614,rad,group_mean,cross_verified,https://www.trackman.com/blog/introducing-updated-tour-averages;https://golf.com/instruction/driving/this-is-how-far-pga-and-lpga-tour-players-hit-it-with-every-club/;https://www.golfmonthly.com/tour/how-far-pga-tour-players-hit-every-club-in-the-bag,
ff742d5c12f2a4da4b287b24,trackman_tour_averages_2023,tour_average,pga_tour,insights_2024_update,TrackMan,2023,6-iron,spin rate,spin_rate,6204.0,rpm,649.6813607623692,rad/s,group_mean,cross_verified,https://www.trackman.com/blog/introducing-updated-tour-averages;https://golf.com/instruction/driving/this-is-how-far-pga-and-lpga-tour-players-hit-it-with-every-club/;https://www.golfmonthly.com/tour/how-far-pga-tour-players-hit-every-club-in-the-bag,
8a86e3abfe4d7178de078e8f,trackman_tour_averages_2023,tour_average,pga_tour,insights_2024_update,TrackMan,2023,6-iron,max height,apex_height,29.0,m,29.0,m,group_mean,cross_verified,https://www.trackman.com/blog/introducing-updated-tour-averages;https://golf.com/instruction/driving/this-is-how-far-pga-and-lpga-tour-players-hit-it-with-every-club/;https://www.golfmonthly.com/tour/how-far-pga-tour-players-hit-every-club-in-the-bag,
32d7414a0afd37cd1ef4cdbd,trackman_tour_averages_2023,tour_average,pga_tour,insights_2024_update,TrackMan,2023,6-iron,land angle,descent_angle,50.0,deg,0.8726646259971648,rad,group_mean,cross_verified,https://www.trackman.com/blog/introducing-updated-tour-averages;https://golf.com/instruction/driving/this-is-how-far-pga-and-lpga-tour-players-hit-it-with-every-club/;https://www.golfmonthly.com/tour/how-far-pga-tour-players-hit-every-club-in-the-bag,
77d0866830b2e20a5f6f9204,trackman_tour_averages_2023,tour_average,pga_tour,insights_2024_update,TrackMan,2023,6-iron,carry,carry_distance,172.0,m,172.0,m,group_mean,cross_verified,https://www.trackman.com/blog/introducing-updated-tour-averages;https://golf.com/instruction/driving/this-is-how-far-pga-and-lpga-tour-players-hit-it-with-every-club/;https://www.golfmonthly.com/tour/how-far-pga-tour-players-hit-every-club-in-the-bag,
ad4110e1c8dd12f929314aa1,trackman_tour_averages_2023,tour_average,pga_tour,insights_2024_update,TrackMan,2023,7-iron,club speed,club_speed,92.0,mph,41.12768,m/s,group_mean,cross_verified,https://www.trackman.com/blog/introducing-updated-tour-averages;https://golf.com/instruction/driving/this-is-how-far-pga-and-lpga-tour-players-hit-it-with-every-club/;https://www.golfmonthly.com/tour/how-far-pga-tour-players-hit-every-club-in-the-bag,
0c80ab5034ca829a14e9c3c9,trackman_tour_averages_2023,tour_average,pga_tour,insights_2024_update,TrackMan,2023,7-iron,attack angle,attack_angle,-3.9,deg,-0.06806784082777885,rad,group_mean,cross_verified,https://www.trackman.com/blog/introducing-updated-tour-averages;https://golf.com/instruction/driving/this-is-how-far-pga-and-lpga-tour-players-hit-it-with-every-club/;https://www.golfmonthly.com/tour/how-far-pga-tour-players-hit-every-club-in-the-bag,
07a72beab6afa4d37b0fff0a,trackman_tour_averages_2023,tour_average,pga_tour,insights_2024_update,TrackMan,2023,7-iron,ball speed,ball_speed,123.0,mph,54.98592,m/s,group_mean,cross_verified,https://www.trackman.com/blog/introducing-updated-tour-averages;https://golf.com/instruction/driving/this-is-how-far-pga-and-lpga-tour-players-hit-it-with-every-club/;https://www.golfmonthly.com/tour/how-far-pga-tour-players-hit-every-club-in-the-bag,
46ba688460c157cfb6855655,trackman_tour_averages_2023,tour_average,pga_tour,insights_2024_update,TrackMan,2023,7-iron,smash factor,smash_factor,1.34,1,1.34,1,group_mean,cross_verified,https://www.trackman.com/blog/introducing-updated-tour-averages;https://golf.com/instruction/driving/this-is-how-far-pga-and-lpga-tour-players-hit-it-with-every-club/;https://www.golfmonthly.com/tour/how-far-pga-tour-players-hit-every-club-in-the-bag,
17cb46b32478fa92bc15364f,trackman_tour_averages_2023,tour_average,pga_tour,insights_2024_update,TrackMan,2023,7-iron,launch angle,launch_angle,16.1,deg,0.28099800957108706,rad,group_mean,cross_verified,https://www.trackman.com/blog/introducing-updated-tour-averages;https://golf.com/instruction/driving/this-is-how-far-pga-and-lpga-tour-players-hit-it-with-every-club/;https://www.golfmonthly.com/tour/how-far-pga-tour-players-hit-every-club-in-the-bag,
f86a84e69aba72abb7487a76,trackman_tour_averages_2023,tour_average,pga_tour,insights_2024_update,TrackMan,2023,7-iron,spin rate,spin_rate,7124.0,rpm,746.0235354724562,rad/s,group_mean,cross_verified,https://www.trackman.com/blog/introducing-updated-tour-averages;https://golf.com/instruction/driving/this-is-how-far-pga-and-lpga-tour-players-hit-it-with-every-club/;https://www.golfmonthly.com/tour/how-far-pga-tour-players-hit-every-club-in-the-bag,
487ff813816d39dc6406fc20,trackman_tour_averages_2023,tour_average,pga_tour,insights_2024_update,TrackMan,2023,7-iron,max height,apex_height,31.0,m,31.0,m,group_mean,cross_verified,https://www.trackman.com/blog/introducing-updated-tour-averages;https://golf.com/instruction/driving/this-is-how-far-pga-and-lpga-tour-players-hit-it-with-every-club/;https://www.golfmonthly.com/tour/how-far-pga-tour-players-hit-every-club-in-the-bag,
845eceb852a2ca44dac9345a,trackman_tour_averages_2023,tour_average,pga_tour,insights_2024_update,TrackMan,2023,7-iron,land angle,descent_angle,51.0,deg,0.8901179185171081,rad,group_mean,cross_verified,https://www.trackman.com/blog/introducing-updated-tour-averages;https://golf.com/instruction/driving/this-is-how-far-pga-and-lpga-tour-players-hit-it-with-every-club/;https://www.golfmonthly.com/tour/how-far-pga-tour-players-hit-every-club-in-the-bag,
d5c32584dad12a875bb8afa9,trackman_tour_averages_2023,tour_average,pga_tour,insights_2024_update,TrackMan,2023,7-iron,carry,carry_distance,161.0,m,161.0,m,group_mean,cross_verified,https://www.trackman.com/blog/introducing-updated-tour-averages;https://golf.com/instruction/driving/this-is-how-far-pga-and-lpga-tour-players-hit-it-with-every-club/;https://www.golfmonthly.com/tour/how-far-pga-tour-players-hit-every-club-in-the-bag,
48086335f6819c625ea35882,trackman_tour_averages_2023,tour_average,pga_tour,insights_2024_update,TrackMan,2023,8-iron,club speed,club_speed,89.0,mph,39.78656,m/s,group_mean,cross_verified,https://www.trackman.com/blog/introducing-updated-tour-averages;https://golf.com/instruction/driving/this-is-how-far-pga-and-lpga-tour-players-hit-it-with-every-club/;https://www.golfmonthly.com/tour/how-far-pga-tour-players-hit-every-club-in-the-bag,
6fda5bfc9718b1832b65f713,trackman_tour_averages_2023,tour_average,pga_tour,insights_2024_update,TrackMan,2023,8-iron,attack angle,attack_angle,-4.2,deg,-0.07330382858376185,rad,group_mean,cross_verified,https://www.trackman.com/blog/introducing-updated-tour-averages;https://golf.com/instruction/driving/this-is-how-far-pga-and-lpga-tour-players-hit-it-with-every-club/;https://www.golfmonthly.com/tour/how-far-pga-tour-players-hit-every-club-in-the-bag,
df45dcabb4553bf983e6b9d7,trackman_tour_averages_2023,tour_average,pga_tour,insights_2024_update,TrackMan,2023,8-iron,ball speed,ball_speed,118.0,mph,52.75072,m/s,group_mean,cross_verified,https://www.trackman.com/blog/introducing-updated-tour-averages;https://golf.com/instruction/driving/this-is-how-far-pga-and-lpga-tour-players-hit-it-with-every-club/;https://www.golfmonthly.com/tour/how-far-pga-tour-players-hit-every-club-in-the-bag,
e8687785f1cf3a230a7deffc,trackman_tour_averages_2023,tour_average,pga_tour,insights_2024_update,TrackMan,2023,8-iron,smash factor,smash_factor,1.33,1,1.33,1,group_mean,cross_verified,https://www.trackman.com/blog/introducing-updated-tour-averages;https://golf.com/instruction/driving/this-is-how-far-pga-and-lpga-tour-players-hit-it-with-every-club/;https://www.golfmonthly.com/tour/how-far-pga-tour-players-hit-every-club-in-the-bag,
fdf2899f90103ed3c3c8c473,trackman_tour_averages_2023,tour_average,pga_tour,insights_2024_update,TrackMan,2023,8-iron,launch angle,launch_angle,17.8,deg,0.31066860685499065,rad,group_mean,cross_verified,https://www.trackman.com/blog/introducing-updated-tour-averages;https://golf.com/instruction/driving/this-is-how-far-pga-and-lpga-tour-players-hit-it-with-every-club/;https://www.golfmonthly.com/tour/how-far-pga-tour-players-hit-every-club-in-the-bag,
adf6c6418397b27e06a354a8,trackman_tour_averages_2023,tour_average,pga_tour,insights_2024_update,TrackMan,2023,8-iron,spin rate,spin_rate,8078.0,rpm,845.9261818566116,rad/s,group_mean,cross_verified,https://www.trackman.com/blog/introducing-updated-tour-averages;https://golf.com/instruction/driving/this-is-how-far-pga-and-lpga-tour-players-hit-it-with-every-club/;https://www.golfmonthly.com/tour/how-far-pga-tour-players-hit-every-club-in-the-bag,
39f57a61e46f8a94bc28aaef,trackman_tour_averages_2023,tour_average,pga_tour,insights_2024_update,TrackMan,2023,8-iron,max height,apex_height,30.0,m,30.0,m,group_mean,cross_verified,https://www.trackman.com/blog/introducing-updated-tour-averages;https://golf.com/instruction/driving/this-is-how-far-pga-and-lpga-tour-players-hit-it-with-every-club/;https://www.golfmonthly.com/tour/how-far-pga-tour-players-hit-every-club-in-the-bag,
6a48ee4c7b71a574569db4af,trackman_tour_averages_2023,tour_average,pga_tour,insights_2024_update,TrackMan,2023,8-iron,land angle,descent_angle,51.0,deg,0.8901179185171081,rad,group_mean,cross_verified,https://www.trackman.com/blog/introducing-updated-tour-averages;https://golf.com/instruction/driving/this-is-how-far-pga-and-lpga-tour-players-hit-it-with-every-club/;https://www.golfmonthly.com/tour/how-far-pga-tour-players-hit-every-club-in-the-bag,
5a3ba1ec2b4a47ea99ca8c2b,trackman_tour_averages_2023,tour_average,pga_tour,insights_2024_update,TrackMan,2023,8-iron,carry,carry_distance,150.0,m,150.0,m,group_mean,cross_verified,https://www.trackman.com/blog/introducing-updated-tour-averages;https://golf.com/instruction/driving/this-is-how-far-pga-and-lpga-tour-players-hit-it-with-every-club/;https://www.golfmonthly.com/tour/how-far-pga-tour-players-hit-every-club-in-the-bag,
6995ec9469c92972566fbb71,trackman_tour_averages_2023,tour_average,pga_tour,insights_2024_update,TrackMan,2023,9-iron,club speed,club_speed,87.0,mph,38.89248,m/s,group_mean,cross_verified,https://www.trackman.com/blog/introducing-updated-tour-averages;https://golf.com/instruction/driving/this-is-how-far-pga-and-lpga-tour-players-hit-it-with-every-club/;https://www.golfmonthly.com/tour/how-far-pga-tour-players-hit-every-club-in-the-bag,
da9192507a823466b9354309,trackman_tour_averages_2023,tour_average,pga_tour,insights_2024_update,TrackMan,2023,9-iron,attack angle,attack_angle,-4.3,deg,-0.07504915783575616,rad,group_mean,cross_verified,https://www.trackman.com/blog/introducing-updated-tour-averages;https://golf.com/instruction/driving/this-is-how-far-pga-and-lpga-tour-players-hit-it-with-every-club/;https://www.golfmonthly.com/tour/how-far-pga-tour-players-hit-every-club-in-the-bag,
19a6864b7b5c82c7e5b821d5,trackman_tour_averages_2023,tour_average,pga_tour,insights_2024_update,TrackMan,2023,9-iron,ball speed,ball_speed,112.0,mph,50.06848,m/s,group_mean,cross_verified,https://www.trackman.com/blog/introducing-updated-tour-averages;https://golf.com/instruction/driving/this-is-how-far-pga-and-lpga-tour-players-hit-it-with-every-club/;https://www.golfmonthly.com/tour/how-far-pga-tour-players-hit-every-club-in-the-bag,
467387e620cc714e27ba9826,trackman_tour_averages_2023,tour_average,pga_tour,insights_2024_update,TrackMan,2023,9-iron,smash factor,smash_factor,1.29,1,1.29,1,group_mean,cross_verified,https://www.trackman.com/blog/introducing-updated-tour-averages;https://golf.com/instruction/driving/this-is-how-far-pga-and-lpga-tour-players-hit-it-with-every-club/;https://www.golfmonthly.com/tour/how-far-pga-tour-players-hit-every-club-in-the-bag,
e54096751646a0008f163ca9,trackman_tour_averages_2023,tour_average,pga_tour,insights_2024_update,TrackMan,2023,9-iron,launch angle,launch_angle,20.0,deg,0.3490658503988659,rad,group_mean,cross_verified,https://www.trackman.com/blog/introducing-updated-tour-averages;https://golf.com/instruction/driving/this-is-how-far-pga-and-lpga-tour-players-hit-it-with-every-club/;https://www.golfmonthly.com/tour/how-far-pga-tour-players-hit-every-club-in-the-bag,
7faa63f783a686ec5c71fcf9,trackman_tour_averages_2023,tour_average,pga_tour,insights_2024_update,TrackMan,2023,9-iron,spin rate,spin_rate,8793.0,rpm,920.8008067671683,rad/s,group_mean,cross_verified,https://www.trackman.com/blog/introducing-updated-tour-averages;https://golf.com/instruction/driving/this-is-how-far-pga-and-lpga-tour-players-hit-it-with-every-club/;https://www.golfmonthly.com/tour/how-far-pga-tour-players-hit-every-club-in-the-bag,
8fffaf62690272ed4c63950b,trackman_tour_averages_2023,tour_average,pga_tour,insights_2024_update,TrackMan,2023,9-iron,max height,apex_height,29.0,m,29.0,m,group_mean,cross_verified,https://www.trackman.com/blog/introducing-updated-tour-averages;https://golf.com/instruction/driving/this-is-how-far-pga-and-lpga-tour-players-hit-it-with-every-club/;https://www.golfmonthly.com/tour/how-far-pga-tour-players-hit-every-club-in-the-bag,
992ce1277b923b97e3bf139a,trackman_tour_averages_2023,tour_average,pga_tour,insights_2024_update,TrackMan,2023,9-iron,land angle,descent_angle,52.0,deg,0.9075712110370514,rad,group_mean,cross_verified,https://www.trackman.com/blog/introducing-updated-tour-averages;https://golf.com/instruction/driving/this-is-how-far-pga-and-lpga-tour-players-hit-it-with-every-club/;https://www.golfmonthly.com/tour/how-far-pga-tour-players-hit-every-club-in-the-bag,
d8c56c45d6319d7b06725f95,trackman_tour_averages_2023,tour_average,pga_tour,insights_2024_update,TrackMan,2023,9-iron,carry,carry_distance,139.0,m,139.0,m,group_mean,cross_verified,https://www.trackman.com/blog/introducing-updated-tour-averages;https://golf.com/instruction/driving/this-is-how-far-pga-and-lpga-tour-players-hit-it-with-every-club/;https://www.golfmonthly.com/tour/how-far-pga-tour-players-hit-every-club-in-the-bag,
9dfa6d1493fb6ed5bbacedc3,trackman_tour_averages_2023,tour_average,pga_tour,insights_2024_update,TrackMan,2023,PW,club speed,club_speed,84.0,mph,37.55136,m/s,group_mean,cross_verified,https://www.trackman.com/blog/introducing-updated-tour-averages;https://golf.com/instruction/driving/this-is-how-far-pga-and-lpga-tour-players-hit-it-with-every-club/;https://www.golfmonthly.com/tour/how-far-pga-tour-players-hit-every-club-in-the-bag,
024d6a64079078a2112720af,trackman_tour_averages_2023,tour_average,pga_tour,insights_2024_update,TrackMan,2023,PW,attack angle,attack_angle,-4.7,deg,-0.08203047484373349,rad,group_mean,cross_verified,https://www.trackman.com/blog/introducing-updated-tour-averages;https://golf.com/instruction/driving/this-is-how-far-pga-and-lpga-tour-players-hit-it-with-every-club/;https://www.golfmonthly.com/tour/how-far-pga-tour-players-hit-every-club-in-the-bag,
01015571025b49e0cacb9f59,trackman_tour_averages_2023,tour_average,pga_tour,insights_2024_update,TrackMan,2023,PW,ball speed,ball_speed,104.0,mph,46.49216,m/s,group_mean,cross_verified,https://www.trackman.com/blog/introducing-updated-tour-averages;https://golf.com/instruction/driving/this-is-how-far-pga-and-lpga-tour-players-hit-it-with-every-club/;https://www.golfmonthly.com/tour/how-far-pga-tour-players-hit-every-club-in-the-bag,
a96af5cda5f507ee2a125812,trackman_tour_averages_2023,tour_average,pga_tour,insights_2024_update,TrackMan,2023,PW,smash factor,smash_factor,1.24,1,1.24,1,group_mean,cross_verified,https://www.trackman.com/blog/introducing-updated-tour-averages;https://golf.com/instruction/driving/this-is-how-far-pga-and-lpga-tour-players-hit-it-with-every-club/;https://www.golfmonthly.com/tour/how-far-pga-tour-players-hit-every-club-in-the-bag,
405e3b0a34850fb4e43ffd55,trackman_tour_averages_2023,tour_average,pga_tour,insights_2024_update,TrackMan,2023,PW,launch angle,launch_angle,23.7,deg,0.41364303272265607,rad,group_mean,cross_verified,https://www.trackman.com/blog/introducing-updated-tour-averages;https://golf.com/instruction/driving/this-is-how-far-pga-and-lpga-tour-players-hit-it-with-every-club/;https://www.golfmonthly.com/tour/how-far-pga-tour-players-hit-every-club-in-the-bag,
a33f2bcb4eb9f1d566bdba2e,trackman_tour_averages_2023,tour_average,pga_tour,insights_2024_update,TrackMan,2023,PW,spin rate,spin_rate,9316.0,rpm,975.5692386947504,rad/s,group_mean,cross_verified,https://www.trackman.com/blog/introducing-updated-tour-averages;https://golf.com/instruction/driving/this-is-how-far-pga-and-lpga-tour-players-hit-it-with-every-club/;https://www.golfmonthly.com/tour/how-far-pga-tour-players-hit-every-club-in-the-bag,
b9d5ca41c5cfc35149fa7506,trackman_tour_averages_2023,tour_average,pga_tour,insights_2024_update,TrackMan,2023,PW,max height,apex_height,29.0,m,29.0,m,group_mean,cross_verified,https://www.trackman.com/blog/introducing-updated-tour-averages;https://golf.com/instruction/driving/this-is-how-far-pga-and-lpga-tour-players-hit-it-with-every-club/;https://www.golfmonthly.com/tour/how-far-pga-tour-players-hit-every-club-in-the-bag,
d216e966b896fe15d3aaa063,trackman_tour_averages_2023,tour_average,pga_tour,insights_2024_update,TrackMan,2023,PW,land angle,descent_angle,52.0,deg,0.9075712110370514,rad,group_mean,cross_verified,https://www.trackman.com/blog/introducing-updated-tour-averages;https://golf.com/instruction/driving/this-is-how-far-pga-and-lpga-tour-players-hit-it-with-every-club/;https://www.golfmonthly.com/tour/how-far-pga-tour-players-hit-every-club-in-the-bag,
7e8f651882a511536255e683,trackman_tour_averages_2023,tour_average,pga_tour,insights_2024_update,TrackMan,2023,PW,carry,carry_distance,130.0,m,130.0,m,group_mean,cross_verified,https://www.trackman.com/blog/introducing-updated-tour-averages;https://golf.com/instruction/driving/this-is-how-far-pga-and-lpga-tour-players-hit-it-with-every-club/;https://www.golfmonthly.com/tour/how-far-pga-tour-players-hit-every-club-in-the-bag,
a3d123f569f2c1434c61da3a,trackman_tour_averages_2023,tour_average,lpga_tour,insights_2024_update,TrackMan,2023,Driver,club speed,club_speed,96.0,mph,42.91584,m/s,group_mean,cross_verified,https://www.trackman.com/blog/introducing-updated-tour-averages;https://www.golfmonthly.com/features/the-game/how-far-lpga-tour-players-hit-every-club-in-the-bag;https://golf.com/instruction/driving/this-is-how-far-pga-and-lpga-tour-players-hit-it-with-every-club/,
17afcf43037feef42c66c9c2,trackman_tour_averages_2023,tour_average,lpga_tour,insights_2024_update,TrackMan,2023,Driver,attack angle,attack_angle,2.8,deg,0.048869219055841226,rad,group_mean,cross_verified,https://www.trackman.com/blog/introducing-updated-tour-averages;https://www.golfmonthly.com/features/the-game/how-far-lpga-tour-players-hit-every-club-in-the-bag;https://golf.com/instruction/driving/this-is-how-far-pga-and-lpga-tour-players-hit-it-with-every-club/,
6337f7b92e1564b02a604b8d,trackman_tour_averages_2023,tour_average,lpga_tour,insights_2024_update,TrackMan,2023,Driver,ball speed,ball_speed,143.0,mph,63.926719999999996,m/s,group_mean,cross_verified,https://www.trackman.com/blog/introducing-updated-tour-averages;https://www.golfmonthly.com/features/the-game/how-far-lpga-tour-players-hit-every-club-in-the-bag;https://golf.com/instruction/driving/this-is-how-far-pga-and-lpga-tour-players-hit-it-with-every-club/,
c03179cc4320356e2561be54,trackman_tour_averages_2023,tour_average,lpga_tour,insights_2024_update,TrackMan,2023,Driver,smash factor,smash_factor,1.49,1,1.49,1,group_mean,cross_verified,https://www.trackman.com/blog/introducing-updated-tour-averages;https://www.golfmonthly.com/features/the-game/how-far-lpga-tour-players-hit-every-club-in-the-bag;https://golf.com/instruction/driving/this-is-how-far-pga-and-lpga-tour-players-hit-it-with-every-club/,
3bd7018c97cce338a85b11cb,trackman_tour_averages_2023,tour_average,lpga_tour,insights_2024_update,TrackMan,2023,Driver,launch angle,launch_angle,12.6,deg,0.21991148575128552,rad,group_mean,cross_verified,https://www.trackman.com/blog/introducing-updated-tour-averages;https://www.golfmonthly.com/features/the-game/how-far-lpga-tour-players-hit-every-club-in-the-bag;https://golf.com/instruction/driving/this-is-how-far-pga-and-lpga-tour-players-hit-it-with-every-club/,
fc87961941c4dfe738038f0f,trackman_tour_averages_2023,tour_average,lpga_tour,insights_2024_update,TrackMan,2023,Driver,spin rate,spin_rate,2506.0,rpm,262.42770632986736,rad/s,group_mean,cross_verified,https://www.trackman.com/blog/introducing-updated-tour-averages;https://www.golfmonthly.com/features/the-game/how-far-lpga-tour-players-hit-every-club-in-the-bag;https://golf.com/instruction/driving/this-is-how-far-pga-and-lpga-tour-players-hit-it-with-every-club/,
6d8a5c3b6e574c8401568a17,trackman_tour_averages_2023,tour_average,lpga_tour,insights_2024_update,TrackMan,2023,Driver,max height,apex_height,24.0,m,24.0,m,group_mean,cross_verified,https://www.trackman.com/blog/introducing-updated-tour-averages;https://www.golfmonthly.com/features/the-game/how-far-lpga-tour-players-hit-every-club-in-the-bag;https://golf.com/instruction/driving/this-is-how-far-pga-and-lpga-tour-players-hit-it-with-every-club/,
7f1e77c665dccad87765585d,trackman_tour_averages_2023,tour_average,lpga_tour,insights_2024_update,TrackMan,2023,Driver,land angle,descent_angle,36.0,deg,0.6283185307179586,rad,group_mean,cross_verified,https://www.trackman.com/blog/introducing-updated-tour-averages;https://www.golfmonthly.com/features/the-game/how-far-lpga-tour-players-hit-every-club-in-the-bag;https://golf.com/instruction/driving/this-is-how-far-pga-and-lpga-tour-players-hit-it-with-every-club/,
6180be2f073e2d96ce0e6b9f,trackman_tour_averages_2023,tour_average,lpga_tour,insights_2024_update,TrackMan,2023,Driver,carry,carry_distance,204.0,m,204.0,m,group_mean,cross_verified,https://www.trackman.com/blog/introducing-updated-tour-averages;https://www.golfmonthly.com/features/the-game/how-far-lpga-tour-players-hit-every-club-in-the-bag;https://golf.com/instruction/driving/this-is-how-far-pga-and-lpga-tour-players-hit-it-with-every-club/,
823a088b54827f3e8f91cfca,trackman_tour_averages_2023,tour_average,lpga_tour,insights_2024_update,TrackMan,2023,3-wood,club speed,club_speed,92.0,mph,41.12768,m/s,group_mean,cross_verified,https://www.trackman.com/blog/introducing-updated-tour-averages;https://www.golfmonthly.com/features/the-game/how-far-lpga-tour-players-hit-every-club-in-the-bag;https://golf.com/instruction/driving/this-is-how-far-pga-and-lpga-tour-players-hit-it-with-every-club/,
72e2670f6848187503e0ef41,trackman_tour_averages_2023,tour_average,lpga_tour,insights_2024_update,TrackMan,2023,3-wood,attack angle,attack_angle,-0.8,deg,-0.013962634015954637,rad,group_mean,cross_verified,https://www.trackman.com/blog/introducing-updated-tour-averages;https://www.golfmonthly.com/features/the-game/how-far-lpga-tour-players-hit-every-club-in-the-bag;https://golf.com/instruction/driving/this-is-how-far-pga-and-lpga-tour-players-hit-it-with-every-club/,
3882d559b70325ef4bbebcb6,trackman_tour_averages_2023,tour_average,lpga_tour,insights_2024_update,TrackMan,2023,3-wood,ball speed,ball_speed,135.0,mph,60.3504,m/s,group_mean,cross_verified,https://www.trackman.com/blog/introducing-updated-tour-averages;https://www.golfmonthly.com/features/the-game/how-far-lpga-tour-players-hit-every-club-in-the-bag;https://golf.com/instruction/driving/this-is-how-far-pga-and-lpga-tour-players-hit-it-with-every-club/,
96617daae89ec67bd3def729,trackman_tour_averages_2023,tour_average,lpga_tour,insights_2024_update,TrackMan,2023,3-wood,smash factor,smash_factor,1.47,1,1.47,1,group_mean,cross_verified,https://www.trackman.com/blog/introducing-updated-tour-averages;https://www.golfmonthly.com/features/the-game/how-far-lpga-tour-players-hit-every-club-in-the-bag;https://golf.com/instruction/driving/this-is-how-far-pga-and-lpga-tour-players-hit-it-with-every-club/,
233d1777d9503d158e47a311,trackman_tour_averages_2023,tour_average,lpga_tour,insights_2024_update,TrackMan,2023,3-wood,launch angle,launch_angle,11.6,deg,0.20245819323134223,rad,group_mean,cross_verified,https://www.trackman.com/blog/introducing-updated-tour-averages;https://www.golfmonthly.com/features/the-game/how-far-lpga-tour-players-hit-every-club-in-the-bag;https://golf.com/instruction/driving/this-is-how-far-pga-and-lpga-tour-players-hit-it-with-every-club/,
1185a470140561eda0bb5360,trackman_tour_averages_2023,tour_average,lpga_tour,insights_2024_update,TrackMan,2023,3-wood,spin rate,spin_rate,2595.0,rpm,271.7477645355171,rad/s,group_mean,cross_verified,https://www.trackman.com/blog/introducing-updated-tour-averages;https://www.golfmonthly.com/features/the-game/how-far-lpga-tour-players-hit-every-club-in-the-bag;https://golf.com/instruction/driving/this-is-how-far-pga-and-lpga-tour-players-hit-it-with-every-club/,single transcription; unusually low versus classic 2704
ba7eaa590ce7a144fad77728,trackman_tour_averages_2023,tour_average,lpga_tour,insights_2024_update,TrackMan,2023,3-wood,max height,apex_height,23.0,m,23.0,m,group_mean,cross_verified,https://www.trackman.com/blog/introducing-updated-tour-averages;https://www.golfmonthly.com/features/the-game/how-far-lpga-tour-players-hit-every-club-in-the-bag;https://golf.com/instruction/driving/this-is-how-far-pga-and-lpga-tour-players-hit-it-with-every-club/,
ee307ebac4f9af3a1a1a03dd,trackman_tour_averages_2023,tour_average,lpga_tour,insights_2024_update,TrackMan,2023,3-wood,land angle,descent_angle,38.0,deg,0.6632251157578453,rad,group_mean,cross_verified,https://www.trackman.com/blog/introducing-updated-tour-averages;https://www.golfmonthly.com/features/the-game/how-far-lpga-tour-players-hit-every-club-in-the-bag;https://golf.com/instruction/driving/this-is-how-far-pga-and-lpga-tour-players-hit-it-with-every-club/,
bb77f854115b7ab34fae142e,trackman_tour_averages_2023,tour_average,lpga_tour,insights_2024_update,TrackMan,2023,3-wood,carry,carry_distance,183.0,m,183.0,m,group_mean,cross_verified,https://www.trackman.com/blog/introducing-updated-tour-averages;https://www.golfmonthly.com/features/the-game/how-far-lpga-tour-players-hit-every-club-in-the-bag;https://golf.com/instruction/driving/this-is-how-far-pga-and-lpga-tour-players-hit-it-with-every-club/,
9a796b6632964e3f80419e0c,trackman_tour_averages_2023,tour_average,lpga_tour,insights_2024_update,TrackMan,2023,5-wood,club speed,club_speed,90.0,mph,40.2336,m/s,group_mean,cross_verified,https://www.trackman.com/blog/introducing-updated-tour-averages;https://www.golfmonthly.com/features/the-game/how-far-lpga-tour-players-hit-every-club-in-the-bag;https://golf.com/instruction/driving/this-is-how-far-pga-and-lpga-tour-players-hit-it-with-every-club/,
c48d0bad119eb3508dc412b4,trackman_tour_averages_2023,tour_average,lpga_tour,insights_2024_update,TrackMan,2023,5-wood,attack angle,attack_angle,-1.6,deg,-0.027925268031909273,rad,group_mean,cross_verified,https://www.trackman.com/blog/introducing-updated-tour-averages;https://www.golfmonthly.com/features/the-game/how-far-lpga-tour-players-hit-every-club-in-the-bag;https://golf.com/instruction/driving/this-is-how-far-pga-and-lpga-tour-players-hit-it-with-every-club/,
0210d473938fcb1beb32f996,trackman_tour_averages_2023,tour_average,lpga_tour,insights_2024_update,TrackMan,2023,5-wood,ball speed,ball_speed,130.0,mph,58.1152,m/s,group_mean,cross_verified,https://www.trackman.com/blog/introducing-updated-tour-averages;https://www.golfmonthly.com/features/the-game/how-far-lpga-tour-players-hit-every-club-in-the-bag;https://golf.com/instruction/driving/this-is-how-far-pga-and-lpga-tour-players-hit-it-with-every-club/,
372d55c1393ae97c86f0f004,trackman_tour_averages_2023,tour_average,lpga_tour,insights_2024_update,TrackMan,2023,5-wood,smash factor,smash_factor,1.46,1,1.46,1,group_mean,cross_verified,https://www.trackman.com/blog/introducing-updated-tour-averages;https://www.golfmonthly.com/features/the-game/how-far-lpga-tour-players-hit-every-club-in-the-bag;https://golf.com/instruction/driving/this-is-how-far-pga-and-lpga-tour-players-hit-it-with-every-club/,
950f6d6c10278f87b8aa460a,trackman_tour_averages_2023,tour_average,lpga_tour,insights_2024_update,TrackMan,2023,5-wood,launch angle,launch_angle,12.3,deg,0.21467549799530256,rad,group_mean,cross_verified,https://www.trackman.com/blog/introducing-updated-tour-averages;https://www.golfmonthly.com/features/the-game/how-far-lpga-tour-players-hit-every-club-in-the-bag;https://golf.com/instruction/driving/this-is-how-far-pga-and-lpga-tour-players-hit-it-with-every-club/,
6187653130a7e7f346aa8f78,trackman_tour_averages_2023,tour_average,lpga_tour,insights_2024_update,TrackMan,2023,5-wood,spin rate,spin_rate,4320.0,rpm,452.3893421169302,rad/s,group_mean,cross_verified,https://www.trackman.com/blog/introducing-updated-tour-averages;https://www.golfmonthly.com/features/the-game/how-far-lpga-tour-players-hit-every-club-in-the-bag;https://golf.com/instruction/driving/this-is-how-far-pga-and-lpga-tour-players-hit-it-with-every-club/,
3d6927780d489371b28ac2cc,trackman_tour_averages_2023,tour_average,lpga_tour,insights_2024_update,TrackMan,2023,5-wood,max height,apex_height,23.0,m,23.0,m,group_mean,cross_verified,https://www.trackman.com/blog/introducing-updated-tour-averages;https://www.golfmonthly.com/features/the-game/how-far-lpga-tour-players-hit-every-club-in-the-bag;https://golf.com/instruction/driving/this-is-how-far-pga-and-lpga-tour-players-hit-it-with-every-club/,
52fdd8db23682e0d5d6535a7,trackman_tour_averages_2023,tour_average,lpga_tour,insights_2024_update,TrackMan,2023,5-wood,land angle,descent_angle,43.0,deg,0.7504915783575618,rad,group_mean,cross_verified,https://www.trackman.com/blog/introducing-updated-tour-averages;https://www.golfmonthly.com/features/the-game/how-far-lpga-tour-players-hit-every-club-in-the-bag;https://golf.com/instruction/driving/this-is-how-far-pga-and-lpga-tour-players-hit-it-with-every-club/,
d17528580e3ee0beacf0f682,trackman_tour_averages_2023,tour_average,lpga_tour,insights_2024_update,TrackMan,2023,5-wood,carry,carry_distance,173.0,m,173.0,m,group_mean,cross_verified,https://www.trackman.com/blog/introducing-updated-tour-averages;https://www.golfmonthly.com/features/the-game/how-far-lpga-tour-players-hit-every-club-in-the-bag;https://golf.com/instruction/driving/this-is-how-far-pga-and-lpga-tour-players-hit-it-with-every-club/,
1c9c54a606ecff2dd1e5f451,trackman_tour_averages_2023,tour_average,lpga_tour,insights_2024_update,TrackMan,2023,Hybrid,club speed,club_speed,87.0,mph,38.89248,m/s,group_mean,cross_verified,https://www.trackman.com/blog/introducing-updated-tour-averages;https://www.golfmonthly.com/features/the-game/how-far-lpga-tour-players-hit-every-club-in-the-bag;https://golf.com/instruction/driving/this-is-how-far-pga-and-lpga-tour-players-hit-it-with-every-club/,
d2b3a576fbb126adcc4c594e,trackman_tour_averages_2023,tour_average,lpga_tour,insights_2024_update,TrackMan,2023,Hybrid,attack angle,attack_angle,-1.9,deg,-0.03316125578789226,rad,group_mean,cross_verified,https://www.trackman.com/blog/introducing-updated-tour-averages;https://www.golfmonthly.com/features/the-game/how-far-lpga-tour-players-hit-every-club-in-the-bag;https://golf.com/instruction/driving/this-is-how-far-pga-and-lpga-tour-players-hit-it-with-every-club/,
c754d9c8eef7ef211a12da85,trackman_tour_averages_2023,tour_average,lpga_tour,insights_2024_update,TrackMan,2023,Hybrid,ball speed,ball_speed,125.0,mph,55.88,m/s,group_mean,cross_verified,https://www.trackman.com/blog/introducing-updated-tour-averages;https://www.golfmonthly.com/features/the-game/how-far-lpga-tour-players-hit-every-club-in-the-bag;https://golf.com/instruction/driving/this-is-how-far-pga-and-lpga-tour-players-hit-it-with-every-club/,
4bb9f33e6f1c04be57c19d96,trackman_tour_averages_2023,tour_average,lpga_tour,insights_2024_update,TrackMan,2023,Hybrid,smash factor,smash_factor,1.44,1,1.44,1,group_mean,cross_verified,https://www.trackman.com/blog/introducing-updated-tour-averages;https://www.golfmonthly.com/features/the-game/how-far-lpga-tour-players-hit-every-club-in-the-bag;https://golf.com/instruction/driving/this-is-how-far-pga-and-lpga-tour-players-hit-it-with-every-club/,
491a3bc1f24d32699e46ccaa,trackman_tour_averages_2023,tour_average,lpga_tour,insights_2024_update,TrackMan,2023,Hybrid,launch angle,launch_angle,13.9,deg,0.2426007660272118,rad,group_mean,cross_verified,https://www.trackman.com/blog/introducing-updated-tour-averages;https://www.golfmonthly.com/features/the-game/how-far-lpga-tour-players-hit-every-club-in-the-bag;https://golf.com/instruction/driving/this-is-how-far-pga-and-lpga-tour-players-hit-it-with-every-club/,
259d3d5629dd8550838f6b2d,trackman_tour_averages_2023,tour_average,lpga_tour,insights_2024_update,TrackMan,2023,Hybrid,spin rate,spin_rate,4504.0,rpm,471.6577770589476,rad/s,group_mean,cross_verified,https://www.trackman.com/blog/introducing-updated-tour-averages;https://www.golfmonthly.com/features/the-game/how-far-lpga-tour-players-hit-every-club-in-the-bag;https://golf.com/instruction/driving/this-is-how-far-pga-and-lpga-tour-players-hit-it-with-every-club/,
90011128b338ad53c7b7493a,trackman_tour_averages_2023,tour_average,lpga_tour,insights_2024_update,TrackMan,2023,Hybrid,max height,apex_height,23.0,m,23.0,m,group_mean,cross_verified,https://www.trackman.com/blog/introducing-updated-tour-averages;https://www.golfmonthly.com/features/the-game/how-far-lpga-tour-players-hit-every-club-in-the-bag;https://golf.com/instruction/driving/this-is-how-far-pga-and-lpga-tour-players-hit-it-with-every-club/,
0e1020bfff8929f5510216e5,trackman_tour_averages_2023,tour_average,lpga_tour,insights_2024_update,TrackMan,2023,Hybrid,land angle,descent_angle,45.0,deg,0.7853981633974483,rad,group_mean,cross_verified,https://www.trackman.com/blog/introducing-updated-tour-averages;https://www.golfmonthly.com/features/the-game/how-far-lpga-tour-players-hit-every-club-in-the-bag;https://golf.com/instruction/driving/this-is-how-far-pga-and-lpga-tour-players-hit-it-with-every-club/,
02d7e4684f21adbd1f38c75d,trackman_tour_averages_2023,tour_average,lpga_tour,insights_2024_update,TrackMan,2023,Hybrid,carry,carry_distance,163.0,m,163.0,m,group_mean,cross_verified,https://www.trackman.com/blog/introducing-updated-tour-averages;https://www.golfmonthly.com/features/the-game/how-far-lpga-tour-players-hit-every-club-in-the-bag;https://golf.com/instruction/driving/this-is-how-far-pga-and-lpga-tour-players-hit-it-with-every-club/,
5a812a8ba142f5e2bc896e06,trackman_tour_averages_2023,tour_average,lpga_tour,insights_2024_update,TrackMan,2023,4-iron,club speed,club_speed,82.0,mph,36.65728,m/s,group_mean,cross_verified,https://www.trackman.com/blog/introducing-updated-tour-averages;https://www.golfmonthly.com/features/the-game/how-far-lpga-tour-players-hit-every-club-in-the-bag;https://golf.com/instruction/driving/this-is-how-far-pga-and-lpga-tour-players-hit-it-with-every-club/,
ff6dff856a879b2884509a6b,trackman_tour_averages_2023,tour_average,lpga_tour,insights_2024_update,TrackMan,2023,4-iron,attack angle,attack_angle,-1.7,deg,-0.029670597283903602,rad,group_mean,cross_verified,https://www.trackman.com/blog/introducing-updated-tour-averages;https://www.golfmonthly.com/features/the-game/how-far-lpga-tour-players-hit-every-club-in-the-bag;https://golf.com/instruction/driving/this-is-how-far-pga-and-lpga-tour-players-hit-it-with-every-club/,
5c884f3821c373744fbf7e03,trackman_tour_averages_2023,tour_average,lpga_tour,insights_2024_update,TrackMan,2023,4-iron,ball speed,ball_speed,118.0,mph,52.75072,m/s,group_mean,cross_verified,https://www.trackman.com/blog/introducing-updated-tour-averages;https://www.golfmonthly.com/features/the-game/how-far-lpga-tour-players-hit-every-club-in-the-bag;https://golf.com/instruction/driving/this-is-how-far-pga-and-lpga-tour-players-hit-it-with-every-club/,
6e365f3f34e35d82dbf26f9f,trackman_tour_averages_2023,tour_average,lpga_tour,insights_2024_update,TrackMan,2023,4-iron,smash factor,smash_factor,1.43,1,1.43,1,group_mean,cross_verified,https://www.trackman.com/blog/introducing-updated-tour-averages;https://www.golfmonthly.com/features/the-game/how-far-lpga-tour-players-hit-every-club-in-the-bag;https://golf.com/instruction/driving/this-is-how-far-pga-and-lpga-tour-players-hit-it-with-every-club/,
b6d909bf21be9c66be9e2855,trackman_tour_averages_2023,tour_average,lpga_tour,insights_2024_update,TrackMan,2023,4-iron,launch angle,launch_angle,13.9,deg,0.2426007660272118,rad,group_mean,cross_verified,https://www.trackman.com/blog/introducing-updated-tour-averages;https://www.golfmonthly.com/features/the-game/how-far-lpga-tour-players-hit-every-club-in-the-bag;https://golf.com/instruction/driving/this-is-how-far-pga-and-lpga-tour-players-hit-it-with-every-club/,
1245af5b5704ea3ed089e80f,trackman_tour_averages_2023,tour_average,lpga_tour,insights_2024_update,TrackMan,2023,4-iron,spin rate,spin_rate,4608.0,rpm,482.5486315913922,rad/s,group_mean,cross_verified,https://www.trackman.com/blog/introducing-updated-tour-averages;https://www.golfmonthly.com/features/the-game/how-far-lpga-tour-players-hit-every-club-in-the-bag;https://golf.com/instruction/driving/this-is-how-far-pga-and-lpga-tour-players-hit-it-with-every-club/,
5b0c822b8e05af37a1461e9b,trackman_tour_averages_2023,tour_average,lpga_tour,insights_2024_update,TrackMan,2023,4-iron,max height,apex_height,23.0,m,23.0,m,group_mean,cross_verified,https://www.trackman.com/blog/introducing-updated-tour-averages;https://www.golfmonthly.com/features/the-game/how-far-lpga-tour-players-hit-every-club-in-the-bag;https://golf.com/instruction/driving/this-is-how-far-pga-and-lpga-tour-players-hit-it-with-every-club/,
e120d568c15645ed540be2a4,trackman_tour_averages_2023,tour_average,lpga_tour,insights_2024_update,TrackMan,2023,4-iron,land angle,descent_angle,43.0,deg,0.7504915783575618,rad,group_mean,cross_verified,https://www.trackman.com/blog/introducing-updated-tour-averages;https://www.golfmonthly.com/features/the-game/how-far-lpga-tour-players-hit-every-club-in-the-bag;https://golf.com/instruction/driving/this-is-how-far-pga-and-lpga-tour-players-hit-it-with-every-club/,
eec138e7bf0139156c16f8f9,trackman_tour_averages_2023,tour_average,lpga_tour,insights_2024_update,TrackMan,2023,4-iron,carry,carry_distance,160.0,m,160.0,m,group_mean,cross_verified,https://www.trackman.com/blog/introducing-updated-tour-averages;https://www.golfmonthly.com/features/the-game/how-far-lpga-tour-players-hit-every-club-in-the-bag;https://golf.com/instruction/driving/this-is-how-far-pga-and-lpga-tour-players-hit-it-with-every-club/,
93058e917c5ffc62511ff342,trackman_tour_averages_2023,tour_average,lpga_tour,insights_2024_update,TrackMan,2023,5-iron,club speed,club_speed,81.0,mph,36.21024,m/s,group_mean,cross_verified,https://www.trackman.com/blog/introducing-updated-tour-averages;https://www.golfmonthly.com/features/the-game/how-far-lpga-tour-players-hit-every-club-in-the-bag;https://golf.com/instruction/driving/this-is-how-far-pga-and-lpga-tour-players-hit-it-with-every-club/,
2d0aec81485e5f95f52df731,trackman_tour_averages_2023,tour_average,lpga_tour,insights_2024_update,TrackMan,2023,5-iron,attack angle,attack_angle,-2.0,deg,-0.03490658503988659,rad,group_mean,cross_verified,https://www.trackman.com/blog/introducing-updated-tour-averages;https://www.golfmonthly.com/features/the-game/how-far-lpga-tour-players-hit-every-club-in-the-bag;https://golf.com/instruction/driving/this-is-how-far-pga-and-lpga-tour-players-hit-it-with-every-club/,
5b5e471a10576240f6bcfd0f,trackman_tour_averages_2023,tour_average,lpga_tour,insights_2024_update,TrackMan,2023,5-iron,ball speed,ball_speed,114.0,mph,50.962559999999996,m/s,group_mean,cross_verified,https://www.trackman.com/blog/introducing-updated-tour-averages;https://www.golfmonthly.com/features/the-game/how-far-lpga-tour-players-hit-every-club-in-the-bag;https://golf.com/instruction/driving/this-is-how-far-pga-and-lpga-tour-players-hit-it-with-every-club/,
9412de18acec9f2d1728047f,trackman_tour_averages_2023,tour_average,lpga_tour,insights_2024_update,TrackMan,2023,5-iron,smash factor,smash_factor,1.42,1,1.42,1,group_mean,cross_verified,https://www.trackman.com/blog/introducing-updated-tour-averages;https://www.golfmonthly.com/features/the-game/how-far-lpga-tour-players-hit-every-club-in-the-bag;https://golf.com/instruction/driving/this-is-how-far-pga-and-lpga-tour-players-hit-it-with-every-club/,
0624dadb6407ea65c6474f60,trackman_tour_averages_2023,tour_average,lpga_tour,insights_2024_update,TrackMan,2023,5-iron,launch angle,launch_angle,14.6,deg,0.25481807079117214,rad,group_mean,cross_verified,https://www.trackman.com/blog/introducing-updated-tour-averages;https://www.golfmonthly.com/features/the-game/how-far-lpga-tour-players-hit-every-club-in-the-bag;https://golf.com/instruction/driving/this-is-how-far-pga-and-lpga-tour-players-hit-it-with-every-club/,
a8cd074359911c7b4967ef90,trackman_tour_averages_2023,tour_average,lpga_tour,insights_2024_update,TrackMan,2023,5-iron,spin rate,spin_rate,4966.0,rpm,520.0383039242304,rad/s,group_mean,cross_verified,https://www.trackman.com/blog/introducing-updated-tour-averages;https://www.golfmonthly.com/features/the-game/how-far-lpga-tour-players-hit-every-club-in-the-bag;https://golf.com/instruction/driving/this-is-how-far-pga-and-lpga-tour-players-hit-it-with-every-club/,
40b2bc61c181e681b98f6ef1,trackman_tour_averages_2023,tour_average,lpga_tour,insights_2024_update,TrackMan,2023,5-iron,max height,apex_height,23.0,m,23.0,m,group_mean,cross_verified,https://www.trackman.com/blog/introducing-updated-tour-averages;https://www.golfmonthly.com/features/the-game/how-far-lpga-tour-players-hit-every-club-in-the-bag;https://golf.com/instruction/driving/this-is-how-far-pga-and-lpga-tour-players-hit-it-with-every-club/,
709f02a8e21d30a600dbd3aa,trackman_tour_averages_2023,tour_average,lpga_tour,insights_2024_update,TrackMan,2023,5-iron,land angle,descent_angle,45.0,deg,0.7853981633974483,rad,group_mean,cross_verified,https://www.trackman.com/blog/introducing-updated-tour-averages;https://www.golfmonthly.com/features/the-game/how-far-lpga-tour-players-hit-every-club-in-the-bag;https://golf.com/instruction/driving/this-is-how-far-pga-and-lpga-tour-players-hit-it-with-every-club/,
2b54aee5aa95cdcb136e38e3,trackman_tour_averages_2023,tour_average,lpga_tour,insights_2024_update,TrackMan,2023,5-iron,carry,carry_distance,152.0,m,152.0,m,group_mean,cross_verified,https://www.trackman.com/blog/introducing-updated-tour-averages;https://www.golfmonthly.com/features/the-game/how-far-lpga-tour-players-hit-every-club-in-the-bag;https://golf.com/instruction/driving/this-is-how-far-pga-and-lpga-tour-players-hit-it-with-every-club/,
6fdb48fc511fe28e8a91af6b,trackman_tour_averages_2023,tour_average,lpga_tour,insights_2024_update,TrackMan,2023,6-iron,club speed,club_speed,80.0,mph,35.7632,m/s,group_mean,cross_verified,https://www.trackman.com/blog/introducing-updated-tour-averages;https://www.golfmonthly.com/features/the-game/how-far-lpga-tour-players-hit-every-club-in-the-bag;https://golf.com/instruction/driving/this-is-how-far-pga-and-lpga-tour-players-hit-it-with-every-club/,
89ea773225db8310551fca5a,trackman_tour_averages_2023,tour_average,lpga_tour,insights_2024_update,TrackMan,2023,6-iron,attack angle,attack_angle,-2.3,deg,-0.04014257279586958,rad,group_mean,cross_verified,https://www.trackman.com/blog/introducing-updated-tour-averages;https://www.golfmonthly.com/features/the-game/how-far-lpga-tour-players-hit-every-club-in-the-bag;https://golf.com/instruction/driving/this-is-how-far-pga-and-lpga-tour-players-hit-it-with-every-club/,
f485bf2fc9586452da3dac48,trackman_tour_averages_2023,tour_average,lpga_tour,insights_2024_update,TrackMan,2023,6-iron,ball speed,ball_speed,111.0,mph,49.62144,m/s,group_mean,cross_verified,https://www.trackman.com/blog/introducing-updated-tour-averages;https://www.golfmonthly.com/features/the-game/how-far-lpga-tour-players-hit-every-club-in-the-bag;https://golf.com/instruction/driving/this-is-how-far-pga-and-lpga-tour-players-hit-it-with-every-club/,
5bedd1321e24dbbe8d72e4a2,trackman_tour_averages_2023,tour_average,lpga_tour,insights_2024_update,TrackMan,2023,6-iron,smash factor,smash_factor,1.41,1,1.41,1,group_mean,cross_verified,https://www.trackman.com/blog/introducing-updated-tour-averages;https://www.golfmonthly.com/features/the-game/how-far-lpga-tour-players-hit-every-club-in-the-bag;https://golf.com/instruction/driving/this-is-how-far-pga-and-lpga-tour-players-hit-it-with-every-club/,
50119132201d0af48d41cda3,trackman_tour_averages_2023,tour_average,lpga_tour,insights_2024_update,TrackMan,2023,6-iron,launch angle,launch_angle,16.7,deg,0.291469985083053,rad,group_mean,cross_verified,https://www.trackman.com/blog/introducing-updated-tour-averages;https://www.golfmonthly.com/features/the-game/how-far-lpga-tour-players-hit-every-club-in-the-bag;https://golf.com/instruction/driving/this-is-how-far-pga-and-lpga-tour-players-hit-it-with-every-club/,
340c1d91910d1212a41c828e,trackman_tour_averages_2023,tour_average,lpga_tour,insights_2024_update,TrackMan,2023,6-iron,spin rate,spin_rate,5904.0,rpm,618.2654342264713,rad/s,group_mean,cross_verified,https://www.trackman.com/blog/introducing-updated-tour-averages;https://www.golfmonthly.com/features/the-game/how-far-lpga-tour-players-hit-every-club-in-the-bag;https://golf.com/instruction/driving/this-is-how-far-pga-and-lpga-tour-players-hit-it-with-every-club/,
d3b75c0837836b949e697503,trackman_tour_averages_2023,tour_average,lpga_tour,insights_2024_update,TrackMan,2023,6-iron,max height,apex_height,23.0,m,23.0,m,group_mean,cross_verified,https://www.trackman.com/blog/introducing-updated-tour-averages;https://www.golfmonthly.com/features/the-game/how-far-lpga-tour-players-hit-every-club-in-the-bag;https://golf.com/instruction/driving/this-is-how-far-pga-and-lpga-tour-players-hit-it-with-every-club/,
30aaa235048481d96492da1a,trackman_tour_averages_2023,tour_average,lpga_tour,insights_2024_update,TrackMan,2023,6-iron,land angle,descent_angle,46.0,deg,0.8028514559173916,rad,group_mean,cross_verified,https://www.trackman.com/blog/introducing-updated-tour-averages;https://www.golfmonthly.com/features/the-game/how-far-lpga-tour-players-hit-every-club-in-the-bag;https://golf.com/instruction/driving/this-is-how-far-pga-and-lpga-tour-players-hit-it-with-every-club/,
1b37ec63456384d18e05cb9d,trackman_tour_averages_2023,tour_average,lpga_tour,insights_2024_update,TrackMan,2023,6-iron,carry,carry_distance,142.0,m,142.0,m,group_mean,cross_verified,https://www.trackman.com/blog/introducing-updated-tour-averages;https://www.golfmonthly.com/features/the-game/how-far-lpga-tour-players-hit-every-club-in-the-bag;https://golf.com/instruction/driving/this-is-how-far-pga-and-lpga-tour-players-hit-it-with-every-club/,
ddaf9a2d870d884174090a98,trackman_tour_averages_2023,tour_average,lpga_tour,insights_2024_update,TrackMan,2023,7-iron,club speed,club_speed,78.0,mph,34.86912,m/s,group_mean,cross_verified,https://www.trackman.com/blog/introducing-updated-tour-averages;https://www.golfmonthly.com/features/the-game/how-far-lpga-tour-players-hit-every-club-in-the-bag;https://golf.com/instruction/driving/this-is-how-far-pga-and-lpga-tour-players-hit-it-with-every-club/,
5e20cf8f129cd3f63c7defa1,trackman_tour_averages_2023,tour_average,lpga_tour,insights_2024_update,TrackMan,2023,7-iron,attack angle,attack_angle,-2.5,deg,-0.04363323129985824,rad,group_mean,cross_verified,https://www.trackman.com/blog/introducing-updated-tour-averages;https://www.golfmonthly.com/features/the-game/how-far-lpga-tour-players-hit-every-club-in-the-bag;https://golf.com/instruction/driving/this-is-how-far-pga-and-lpga-tour-players-hit-it-with-every-club/,
e0a2bf48c1a8d0f75fab443f,trackman_tour_averages_2023,tour_average,lpga_tour,insights_2024_update,TrackMan,2023,7-iron,ball speed,ball_speed,106.0,mph,47.38624,m/s,group_mean,cross_verified,https://www.trackman.com/blog/introducing-updated-tour-averages;https://www.golfmonthly.com/features/the-game/how-far-lpga-tour-players-hit-every-club-in-the-bag;https://golf.com/instruction/driving/this-is-how-far-pga-and-lpga-tour-players-hit-it-with-every-club/,
b3b26fd89a541d3ae563afe6,trackman_tour_averages_2023,tour_average,lpga_tour,insights_2024_update,TrackMan,2023,7-iron,smash factor,smash_factor,1.38,1,1.38,1,group_mean,cross_verified,https://www.trackman.com/blog/introducing-updated-tour-averages;https://www.golfmonthly.com/features/the-game/how-far-lpga-tour-players-hit-every-club-in-the-bag;https://golf.com/instruction/driving/this-is-how-far-pga-and-lpga-tour-players-hit-it-with-every-club/,
3209968c94a78f10c00d606a,trackman_tour_averages_2023,tour_average,lpga_tour,insights_2024_update,TrackMan,2023,7-iron,launch angle,launch_angle,18.5,deg,0.32288591161895097,rad,group_mean,cross_verified,https://www.trackman.com/blog/introducing-updated-tour-averages;https://www.golfmonthly.com/features/the-game/how-far-lpga-tour-players-hit-every-club-in-the-bag;https://golf.com/instruction/driving/this-is-how-far-pga-and-lpga-tour-players-hit-it-with-every-club/,
e38798cf80efb3eac7e110ff,trackman_tour_averages_2023,tour_average,lpga_tour,insights_2024_update,TrackMan,2023,7-iron,spin rate,spin_rate,6630.0,rpm,694.2919764433442,rad/s,group_mean,cross_verified,https://www.trackman.com/blog/introducing-updated-tour-averages;https://www.golfmonthly.com/features/the-game/how-far-lpga-tour-players-hit-every-club-in-the-bag;https://golf.com/instruction/driving/this-is-how-far-pga-and-lpga-tour-players-hit-it-with-every-club/,
835ef5d3b7bf1ea0f555fea8,trackman_tour_averages_2023,tour_average,lpga_tour,insights_2024_update,TrackMan,2023,7-iron,max height,apex_height,24.0,m,24.0,m,group_mean,cross_verified,https://www.trackman.com/blog/introducing-updated-tour-averages;https://www.golfmonthly.com/features/the-game/how-far-lpga-tour-players-hit-every-club-in-the-bag;https://golf.com/instruction/driving/this-is-how-far-pga-and-lpga-tour-players-hit-it-with-every-club/,
b78e1bb6ab12845fa314342e,trackman_tour_averages_2023,tour_average,lpga_tour,insights_2024_update,TrackMan,2023,7-iron,land angle,descent_angle,47.0,deg,0.8203047484373349,rad,group_mean,cross_verified,https://www.trackman.com/blog/introducing-updated-tour-averages;https://www.golfmonthly.com/features/the-game/how-far-lpga-tour-players-hit-every-club-in-the-bag;https://golf.com/instruction/driving/this-is-how-far-pga-and-lpga-tour-players-hit-it-with-every-club/,
1980192f58db9acc9b7fe259,trackman_tour_averages_2023,tour_average,lpga_tour,insights_2024_update,TrackMan,2023,7-iron,carry,carry_distance,131.0,m,131.0,m,group_mean,cross_verified,https://www.trackman.com/blog/introducing-updated-tour-averages;https://www.golfmonthly.com/features/the-game/how-far-lpga-tour-players-hit-every-club-in-the-bag;https://golf.com/instruction/driving/this-is-how-far-pga-and-lpga-tour-players-hit-it-with-every-club/,
cab8c1986ae42e204438c486,trackman_tour_averages_2023,tour_average,lpga_tour,insights_2024_update,TrackMan,2023,8-iron,club speed,club_speed,76.0,mph,33.97504,m/s,group_mean,cross_verified,https://www.trackman.com/blog/introducing-updated-tour-averages;https://www.golfmonthly.com/features/the-game/how-far-lpga-tour-players-hit-every-club-in-the-bag;https://golf.com/instruction/driving/this-is-how-far-pga-and-lpga-tour-players-hit-it-with-every-club/,
3afb8ab16f3d5181a41e9ac0,trackman_tour_averages_2023,tour_average,lpga_tour,insights_2024_update,TrackMan,2023,8-iron,attack angle,attack_angle,-2.8,deg,-0.048869219055841226,rad,group_mean,cross_verified,https://www.trackman.com/blog/introducing-updated-tour-averages;https://www.golfmonthly.com/features/the-game/how-far-lpga-tour-players-hit-every-club-in-the-bag;https://golf.com/instruction/driving/this-is-how-far-pga-and-lpga-tour-players-hit-it-with-every-club/,
f0892c04df4eab8d46b915ad,trackman_tour_averages_2023,tour_average,lpga_tour,insights_2024_update,TrackMan,2023,8-iron,ball speed,ball_speed,102.0,mph,45.598079999999996,m/s,group_mean,cross_verified,https://www.trackman.com/blog/introducing-updated-tour-averages;https://www.golfmonthly.com/features/the-game/how-far-lpga-tour-players-hit-every-club-in-the-bag;https://golf.com/instruction/driving/this-is-how-far-pga-and-lpga-tour-players-hit-it-with-every-club/,
827b56880306f1fc638c3b4f,trackman_tour_averages_2023,tour_average,lpga_tour,insights_2024_update,TrackMan,2023,8-iron,smash factor,smash_factor,1.36,1,1.36,1,group_mean,cross_verified,https://www.trackman.com/blog/introducing-updated-tour-averages;https://www.golfmonthly.com/features/the-game/how-far-lpga-tour-players-hit-every-club-in-the-bag;https://golf.com/instruction/driving/this-is-how-far-pga-and-lpga-tour-players-hit-it-with-every-club/,
3661897caecf48df3ecca8be,trackman_tour_averages_2023,tour_average,lpga_tour,insights_2024_update,TrackMan,2023,8-iron,launch angle,launch_angle,20.8,deg,0.36302848441482055,rad,group_mean,cross_verified,https://www.trackman.com/blog/introducing-updated-tour-averages;https://www.golfmonthly.com/features/the-game/how-far-lpga-tour-players-hit-every-club-in-the-bag;https://golf.com/instruction/driving/this-is-how-far-pga-and-lpga-tour-players-hit-it-with-every-club/,
cfa10b82b0fc0209bc019c12,trackman_tour_averages_2023,tour_average,lpga_tour,insights_2024_update,TrackMan,2023,8-iron,spin rate,spin_rate,7413.0,rpm,776.2875447020378,rad/s,group_mean,cross_verified,https://www.trackman.com/blog/introducing-updated-tour-averages;https://www.golfmonthly.com/features/the-game/how-far-lpga-tour-players-hit-every-club-in-the-bag;https://golf.com/instruction/driving/this-is-how-far-pga-and-lpga-tour-players-hit-it-with-every-club/,
0438863ca53bbeb3109f8c9b,trackman_tour_averages_2023,tour_average,lpga_tour,insights_2024_update,TrackMan,2023,8-iron,max height,apex_height,25.0,m,25.0,m,group_mean,cross_verified,https://www.trackman.com/blog/introducing-updated-tour-averages;https://www.golfmonthly.com/features/the-game/how-far-lpga-tour-players-hit-every-club-in-the-bag;https://golf.com/instruction/driving/this-is-how-far-pga-and-lpga-tour-players-hit-it-with-every-club/,
de3e5d1af2bbb536b049d27a,trackman_tour_averages_2023,tour_average,lpga_tour,insights_2024_update,TrackMan,2023,8-iron,land angle,descent_angle,47.0,deg,0.8203047484373349,rad,group_mean,cross_verified,https://www.trackman.com/blog/introducing-updated-tour-averages;https://www.golfmonthly.com/features/the-game/how-far-lpga-tour-players-hit-every-club-in-the-bag;https://golf.com/instruction/driving/this-is-how-far-pga-and-lpga-tour-players-hit-it-with-every-club/,
387d397557935b10492786dd,trackman_tour_averages_2023,tour_average,lpga_tour,insights_2024_update,TrackMan,2023,8-iron,carry,carry_distance,122.0,m,122.0,m,group_mean,cross_verified,https://www.trackman.com/blog/introducing-updated-tour-averages;https://www.golfmonthly.com/features/the-game/how-far-lpga-tour-players-hit-every-club-in-the-bag;https://golf.com/instruction/driving/this-is-how-far-pga-and-lpga-tour-players-hit-it-with-every-club/,
d9eacf15c9a01e9127bac38e,trackman_tour_averages_2023,tour_average,lpga_tour,insights_2024_update,TrackMan,2023,9-iron,club speed,club_speed,74.0,mph,33.08096,m/s,group_mean,cross_verified,https://www.trackman.com/blog/introducing-updated-tour-averages;https://www.golfmonthly.com/features/the-game/how-far-lpga-tour-players-hit-every-club-in-the-bag;https://golf.com/instruction/driving/this-is-how-far-pga-and-lpga-tour-players-hit-it-with-every-club/,
8b7a1499aa5ec0c7cf59e6ae,trackman_tour_averages_2023,tour_average,lpga_tour,insights_2024_update,TrackMan,2023,9-iron,attack angle,attack_angle,-3.2,deg,-0.05585053606381855,rad,group_mean,cross_verified,https://www.trackman.com/blog/introducing-updated-tour-averages;https://www.golfmonthly.com/features/the-game/how-far-lpga-tour-players-hit-every-club-in-the-bag;https://golf.com/instruction/driving/this-is-how-far-pga-and-lpga-tour-players-hit-it-with-every-club/,
c2a2e40bcac79cb7ac9881a4,trackman_tour_averages_2023,tour_average,lpga_tour,insights_2024_update,TrackMan,2023,9-iron,ball speed,ball_speed,95.0,mph,42.4688,m/s,group_mean,cross_verified,https://www.trackman.com/blog/introducing-updated-tour-averages;https://www.golfmonthly.com/features/the-game/how-far-lpga-tour-players-hit-every-club-in-the-bag;https://golf.com/instruction/driving/this-is-how-far-pga-and-lpga-tour-players-hit-it-with-every-club/,
57a66e4df6c619b09ff14433,trackman_tour_averages_2023,tour_average,lpga_tour,insights_2024_update,TrackMan,2023,9-iron,smash factor,smash_factor,1.3,1,1.3,1,group_mean,cross_verified,https://www.trackman.com/blog/introducing-updated-tour-averages;https://www.golfmonthly.com/features/the-game/how-far-lpga-tour-players-hit-every-club-in-the-bag;https://golf.com/instruction/driving/this-is-how-far-pga-and-lpga-tour-players-hit-it-with-every-club/,
91060e2035252bb3ece2054c,trackman_tour_averages_2023,tour_average,lpga_tour,insights_2024_update,TrackMan,2023,9-iron,launch angle,launch_angle,23.5,deg,0.41015237421866746,rad,group_mean,cross_verified,https://www.trackman.com/blog/introducing-updated-tour-averages;https://www.golfmonthly.com/features/the-game/how-far-lpga-tour-players-hit-every-club-in-the-bag;https://golf.com/instruction/driving/this-is-how-far-pga-and-lpga-tour-players-hit-it-with-every-club/,
50f5e97ffee51a83e95a8c0d,trackman_tour_averages_2023,tour_average,lpga_tour,insights_2024_update,TrackMan,2023,9-iron,spin rate,spin_rate,7605.0,rpm,796.3937376850125,rad/s,group_mean,cross_verified,https://www.trackman.com/blog/introducing-updated-tour-averages;https://www.golfmonthly.com/features/the-game/how-far-lpga-tour-players-hit-every-club-in-the-bag;https://golf.com/instruction/driving/this-is-how-far-pga-and-lpga-tour-players-hit-it-with-every-club/,
01ed9d7e3daa12039efa7111,trackman_tour_averages_2023,tour_average,lpga_tour,insights_2024_update,TrackMan,2023,9-iron,max height,apex_height,25.0,m,25.0,m,group_mean,cross_verified,https://www.trackman.com/blog/introducing-updated-tour-averages;https://www.golfmonthly.com/features/the-game/how-far-lpga-tour-players-hit-every-club-in-the-bag;https://golf.com/instruction/driving/this-is-how-far-pga-and-lpga-tour-players-hit-it-with-every-club/,
dfc92f925d15b015424802f9,trackman_tour_averages_2023,tour_average,lpga_tour,insights_2024_update,TrackMan,2023,9-iron,land angle,descent_angle,48.0,deg,0.8377580409572782,rad,group_mean,cross_verified,https://www.trackman.com/blog/introducing-updated-tour-averages;https://www.golfmonthly.com/features/the-game/how-far-lpga-tour-players-hit-every-club-in-the-bag;https://golf.com/instruction/driving/this-is-how-far-pga-and-lpga-tour-players-hit-it-with-every-club/,
063c244e9782a31ef7802a22,trackman_tour_averages_2023,tour_average,lpga_tour,insights_2024_update,TrackMan,2023,9-iron,carry,carry_distance,112.0,m,112.0,m,group_mean,cross_verified,https://www.trackman.com/blog/introducing-updated-tour-averages;https://www.golfmonthly.com/features/the-game/how-far-lpga-tour-players-hit-every-club-in-the-bag;https://golf.com/instruction/driving/this-is-how-far-pga-and-lpga-tour-players-hit-it-with-every-club/,
2327586a624dda0ef9a6ed88,trackman_tour_averages_2023,tour_average,lpga_tour,insights_2024_update,TrackMan,2023,PW,club speed,club_speed,72.0,mph,32.18688,m/s,group_mean,cross_verified,https://www.trackman.com/blog/introducing-updated-tour-averages;https://www.golfmonthly.com/features/the-game/how-far-lpga-tour-players-hit-every-club-in-the-bag;https://golf.com/instruction/driving/this-is-how-far-pga-and-lpga-tour-players-hit-it-with-every-club/,
20be8345f96ba02ec77afe33,trackman_tour_averages_2023,tour_average,lpga_tour,insights_2024_update,TrackMan,2023,PW,attack angle,attack_angle,-3.2,deg,-0.05585053606381855,rad,group_mean,cross_verified,https://www.trackman.com/blog/introducing-updated-tour-averages;https://www.golfmonthly.com/features/the-game/how-far-lpga-tour-players-hit-every-club-in-the-bag;https://golf.com/instruction/driving/this-is-how-far-pga-and-lpga-tour-players-hit-it-with-every-club/,
1d07e9007f4c297f31e74c9c,trackman_tour_averages_2023,tour_average,lpga_tour,insights_2024_update,TrackMan,2023,PW,ball speed,ball_speed,88.0,mph,39.33952,m/s,group_mean,cross_verified,https://www.trackman.com/blog/introducing-updated-tour-averages;https://www.golfmonthly.com/features/the-game/how-far-lpga-tour-players-hit-every-club-in-the-bag;https://golf.com/instruction/driving/this-is-how-far-pga-and-lpga-tour-players-hit-it-with-every-club/,
f956d2e291d16d9547147d8a,trackman_tour_averages_2023,tour_average,lpga_tour,insights_2024_update,TrackMan,2023,PW,smash factor,smash_factor,1.25,1,1.25,1,group_mean,cross_verified,https://www.trackman.com/blog/introducing-updated-tour-averages;https://www.golfmonthly.com/features/the-game/how-far-lpga-tour-players-hit-every-club-in-the-bag;https://golf.com/instruction/driving/this-is-how-far-pga-and-lpga-tour-players-hit-it-with-every-club/,
fcc69f71c28e3ebce988c76d,trackman_tour_averages_2023,tour_average,lpga_tour,insights_2024_update,TrackMan,2023,PW,launch angle,launch_angle,25.2,deg,0.43982297150257105,rad,group_mean,cross_verified,https://www.trackman.com/blog/introducing-updated-tour-averages;https://www.golfmonthly.com/features/the-game/how-far-lpga-tour-players-hit-every-club-in-the-bag;https://golf.com/instruction/driving/this-is-how-far-pga-and-lpga-tour-players-hit-it-with-every-club/,
ba2883bf0fba125fd6016d5f,trackman_tour_averages_2023,tour_average,lpga_tour,insights_2024_update,TrackMan,2023,PW,spin rate,spin_rate,8465.0,rpm,886.4527270879199,rad/s,group_mean,cross_verified,https://www.trackman.com/blog/introducing-updated-tour-averages;https://www.golfmonthly.com/features/the-game/how-far-lpga-tour-players-hit-every-club-in-the-bag;https://golf.com/instruction/driving/this-is-how-far-pga-and-lpga-tour-players-hit-it-with-every-club/,
eab1b5179b214a8b44e2abab,trackman_tour_averages_2023,tour_average,lpga_tour,insights_2024_update,TrackMan,2023,PW,max height,apex_height,25.0,m,25.0,m,group_mean,cross_verified,https://www.trackman.com/blog/introducing-updated-tour-averages;https://www.golfmonthly.com/features/the-game/how-far-lpga-tour-players-hit-every-club-in-the-bag;https://golf.com/instruction/driving/this-is-how-far-pga-and-lpga-tour-players-hit-it-with-every-club/,
c015265dab650d8e210cbc13,trackman_tour_averages_2023,tour_average,lpga_tour,insights_2024_update,TrackMan,2023,PW,land angle,descent_angle,48.0,deg,0.8377580409572782,rad,group_mean,cross_verified,https://www.trackman.com/blog/introducing-updated-tour-averages;https://www.golfmonthly.com/features/the-game/how-far-lpga-tour-players-hit-every-club-in-the-bag;https://golf.com/instruction/driving/this-is-how-far-pga-and-lpga-tour-players-hit-it-with-every-club/,
c3576b4c867ed5eec3e64022,trackman_tour_averages_2023,tour_average,lpga_tour,insights_2024_update,TrackMan,2023,PW,carry,carry_distance,101.0,m,101.0,m,group_mean,cross_verified,https://www.trackman.com/blog/introducing-updated-tour-averages;https://www.golfmonthly.com/features/the-game/how-far-lpga-tour-players-hit-every-club-in-the-bag;https://golf.com/instruction/driving/this-is-how-far-pga-and-lpga-tour-players-hit-it-with-every-club/,
82e89e5ba27e60c8e5ec5d95,trackman_average_male_amateur,amateur_average,male_amateur,combine_derived_10000_plus,TrackMan,,Driver,club speed,club_speed,93.4,mph,41.753536000000004,m/s,group_mean,cross_verified,https://blog.trackmangolf.jp/performance-of-the-average-male-amateur/;https://golf.com/instruction/how-fast-swing-driver-based-handicap/;https://golfingfocus.com/the-full-guide-to-what-is-a-good-ball-speed-for-a-driver/,
5c3a1f600c0f71a8b9dbb3fe,trackman_average_male_amateur,amateur_average,male_amateur,combine_derived_10000_plus,TrackMan,,Driver,attack angle,attack_angle,-1.6,deg,-0.027925268031909273,rad,group_mean,cross_verified,https://blog.trackmangolf.jp/performance-of-the-average-male-amateur/;https://golf.com/instruction/how-fast-swing-driver-based-handicap/;https://golfingfocus.com/the-full-guide-to-what-is-a-good-ball-speed-for-a-driver/,
43a1c6923d2d8b352ce09401,trackman_average_male_amateur,amateur_average,male_amateur,combine_derived_10000_plus,TrackMan,,Driver,ball speed,ball_speed,132.6,mph,59.27750399999999,m/s,group_mean,cross_verified,https://blog.trackmangolf.jp/performance-of-the-average-male-amateur/;https://golf.com/instruction/how-fast-swing-driver-based-handicap/;https://golfingfocus.com/the-full-guide-to-what-is-a-good-ball-speed-for-a-driver/,
12a9ec7bac3607254b4e2945,trackman_average_male_amateur,amateur_average,male_amateur,combine_derived_10000_plus,TrackMan,,Driver,smash factor,smash_factor,1.42,1,1.42,1,group_mean,cross_verified,https://blog.trackmangolf.jp/performance-of-the-average-male-amateur/;https://golf.com/instruction/how-fast-swing-driver-based-handicap/;https://golfingfocus.com/the-full-guide-to-what-is-a-good-ball-speed-for-a-driver/,
e4c7f18ce92989efc618a8fb,trackman_average_male_amateur,amateur_average,male_amateur,combine_derived_10000_plus,TrackMan,,Driver,spin rate,spin_rate,3275.0,rpm,342.95719801688574,rad/s,group_mean,cross_verified,https://blog.trackmangolf.jp/performance-of-the-average-male-amateur/;https://golf.com/instruction/how-fast-swing-driver-based-handicap/;https://golfingfocus.com/the-full-guide-to-what-is-a-good-ball-speed-for-a-driver/,
29ecfe46a70c84fd1ddc5b85,trackman_average_male_amateur,amateur_average,male_amateur,combine_derived_10000_plus,TrackMan,,Driver,launch angle,launch_angle,12.6,deg,0.21991148575128552,rad,group_mean,single_source,https://blog.trackmangolf.jp/performance-of-the-average-male-amateur/;https://golf.com/instruction/how-fast-swing-driver-based-handicap/;https://golfingfocus.com/the-full-guide-to-what-is-a-good-ball-speed-for-a-driver/,widely cited but only weakly confirmed
9aff3d7da1a3bb4abbc20285,trackman_average_male_amateur,amateur_average,male_amateur,combine_derived_10000_plus,TrackMan,,Driver,carry,carry_distance,204.0,yd,186.5376,m,group_mean,cross_verified,https://blog.trackmangolf.jp/performance-of-the-average-male-amateur/;https://golf.com/instruction/how-fast-swing-driver-based-handicap/;https://golfingfocus.com/the-full-guide-to-what-is-a-good-ball-speed-for-a-driver/,
512995eec1f162fe8af15eef,trackman_average_male_amateur,amateur_average,male_amateur,combine_derived_10000_plus,TrackMan,,Driver,total distance,total_distance,214.0,yd,195.6816,m,group_mean,cross_verified,https://blog.trackmangolf.jp/performance-of-the-average-male-amateur/;https://golf.com/instruction/how-fast-swing-driver-based-handicap/;https://golfingfocus.com/the-full-guide-to-what-is-a-good-ball-speed-for-a-driver/,
f3093624412e24f3892e8ddd,trackman_average_male_amateur,amateur_average,female_amateur,combine_derived,TrackMan,,Driver,club speed,club_speed,78.0,mph,34.86912,m/s,group_mean,anecdotal_rounded,https://blog.trackmangolf.jp/performance-of-the-average-male-amateur/;https://golf.com/instruction/how-fast-swing-driver-based-handicap/;https://golfingfocus.com/the-full-guide-to-what-is-a-good-ball-speed-for-a-driver/,
f6c7a913491182bdddb5ed6f,trackman_average_male_amateur,amateur_average,female_amateur,combine_derived,TrackMan,,Driver,driving distance,total_distance,167.0,yd,152.7048,m,group_mean,anecdotal_rounded,https://blog.trackmangolf.jp/performance-of-the-average-male-amateur/;https://golf.com/instruction/how-fast-swing-driver-based-handicap/;https://golfingfocus.com/the-full-guide-to-what-is-a-good-ball-speed-for-a-driver/,
38ca9797326a0158c5b50eab,trackman_handicap_speed_chart,handicap_group,male_scratch,driver_speed_by_handicap,TrackMan,,Driver,club speed,club_speed,106.0,mph,47.38624,m/s,group_mean,anecdotal_rounded,https://golf.com/instruction/how-fast-swing-driver-based-handicap/;https://www.trackman.com/blog/golf/what-is-club-speed;https://golfingfocus.com/average-driver-swingspeeds-complete-guide-by-age-handicap-etc/,
d35b82dd9e2753ea5913b0ef,trackman_handicap_speed_chart,handicap_group,male_5_handicap,driver_speed_by_handicap,TrackMan,,Driver,club speed,club_speed,101.0,mph,45.15104,m/s,group_mean,anecdotal_rounded,https://golf.com/instruction/how-fast-swing-driver-based-handicap/;https://www.trackman.com/blog/golf/what-is-club-speed;https://golfingfocus.com/average-driver-swingspeeds-complete-guide-by-age-handicap-etc/,tension with the 6-handicap figure; curve is approximate
8722fdaf45c3c7047f8be94b,trackman_handicap_speed_chart,handicap_group,male_6_handicap,driver_speed_by_handicap,TrackMan,,Driver,club speed,club_speed,97.0,mph,43.36288,m/s,group_mean,anecdotal_rounded,https://golf.com/instruction/how-fast-swing-driver-based-handicap/;https://www.trackman.com/blog/golf/what-is-club-speed;https://golfingfocus.com/average-driver-swingspeeds-complete-guide-by-age-handicap-etc/,tension with the 5-handicap figure; curve is approximate
abe9d5ae10e3be8cd81efac5,trackman_handicap_speed_chart,handicap_group,female_scratch_or_better,driver_speed_by_handicap,TrackMan,,Driver,club speed,club_speed,90.0,mph,40.2336,m/s,group_mean,anecdotal_rounded,https://golf.com/instruction/how-fast-swing-driver-based-handicap/;https://www.trackman.com/blog/golf/what-is-club-speed;https://golfingfocus.com/average-driver-swingspeeds-complete-guide-by-age-handicap-etc/,
fd4ed8028e6099108fd6d93c,trackman_handicap_speed_chart,handicap_group,female_5_handicap,driver_speed_by_handicap,TrackMan,,Driver,club speed,club_speed,87.0,mph,38.89248,m/s,group_mean,anecdotal_rounded,https://golf.com/instruction/how-fast-swing-driver-based-handicap/;https://www.trackman.com/blog/golf/what-is-club-speed;https://golfingfocus.com/average-driver-swingspeeds-complete-guide-by-age-handicap-etc/,
080d104f89bad7dbf9a34d8b,trackman_handicap_speed_chart,handicap_group,female_10_handicap,driver_speed_by_handicap,TrackMan,,Driver,club speed,club_speed,83.0,mph,37.10432,m/s,group_mean,anecdotal_rounded,https://golf.com/instruction/how-fast-swing-driver-based-handicap/;https://www.trackman.com/blog/golf/what-is-club-speed;https://golfingfocus.com/average-driver-swingspeeds-complete-guide-by-age-handicap-etc/,
a3ae515c5a877b4c3f1f506b,trackman_handicap_speed_chart,handicap_group,female_15_handicap,driver_speed_by_handicap,TrackMan,,Driver,club speed,club_speed,79.0,mph,35.316159999999996,m/s,group_mean,anecdotal_rounded,https://golf.com/instruction/how-fast-swing-driver-based-handicap/;https://www.trackman.com/blog/golf/what-is-club-speed;https://golfingfocus.com/average-driver-swingspeeds-complete-guide-by-age-handicap-etc/,
75dc498393303e23bb80fc92,trackman_combine_benchmarks,combine_benchmark,all_amateurs,trackman_combine_60_shot_test,TrackMan,,all,combine score,,63.9,score,,,benchmark,cross_verified,https://georgepinnell.com/files/2013/02/TrackMan-Combine-brochure.pdf;https://www.dlancegolf.com/tour-news/trackman-combine-results-tour-pro-vs-amateur-golfer/;http://www.derekwrightgolf.co.uk/Trackman_Combine.html,0-100 scale over the 60-shot Combine format
5dc862dcfe1a8b0bd58f20c9,trackman_combine_benchmarks,combine_benchmark,tour_players,trackman_combine_60_shot_test,TrackMan,,all,combine score,,82.9,score,,,benchmark,cross_verified,https://georgepinnell.com/files/2013/02/TrackMan-Combine-brochure.pdf;https://www.dlancegolf.com/tour-news/trackman-combine-results-tour-pro-vs-amateur-golfer/;http://www.derekwrightgolf.co.uk/Trackman_Combine.html,0-100 scale over the 60-shot Combine format
e672e46e2e0c4728c2dbb962,trackman_combine_benchmarks,combine_benchmark,highest_recorded_pro,trackman_combine_60_shot_test,TrackMan,,all,combine score,,89.8,score,,,benchmark,cross_verified,https://georgepinnell.com/files/2013/02/TrackMan-Combine-brochure.pdf;https://www.dlancegolf.com/tour-news/trackman-combine-results-tour-pro-vs-amateur-golfer/;http://www.derekwrightgolf.co.uk/Trackman_Combine.html,0-100 scale over the 60-shot Combine format
d053f801a5ea56bb765d81cd,press_player_launch_numbers,player,player:tiger_woods,trackman_tour_testing,TrackMan,2008,Driver,club speed,club_speed,124.6,mph,55.701184,m/s,session_mean,cross_verified,https://rotaryswing.com/golf-instruction/golfequipment/bombyourdriver/tiger-woods-inefficient-driver,
6da61d6ac9809dbff38111d6,press_player_launch_numbers,player,player:tiger_woods,trackman_tour_testing,TrackMan,2008,Driver,ball speed,ball_speed,182.69,mph,81.66973759999999,m/s,session_mean,cross_verified,https://rotaryswing.com/golf-instruction/golfequipment/bombyourdriver/tiger-woods-inefficient-driver,
3c8b2766983fb3b439146ea6,press_player_launch_numbers,player,player:tiger_woods,trackman_tour_testing,TrackMan,2008,Driver,launch angle,launch_angle,7.96,deg,0.13892820845874862,rad,session_mean,cross_verified,https://rotaryswing.com/golf-instruction/golfequipment/bombyourdriver/tiger-woods-inefficient-driver,
ac0288addb207fcfb512de9f,press_player_launch_numbers,player,player:tiger_woods,trackman_tour_testing,TrackMan,2008,Driver,spin rate,spin_rate,3118.0,rpm,326.51619646309916,rad/s,session_mean,cross_verified,https://rotaryswing.com/golf-instruction/golfequipment/bombyourdriver/tiger-woods-inefficient-driver,
fe4d4d765e28c51d85891da0,press_player_launch_numbers,player,player:tiger_woods,wells_fargo_hole16_12_swings,TrackMan,2009,Driver,club speed,club_speed,118.0,mph,52.75072,m/s,session_mean,single_source,https://www.golfwrx.com/23260/tiger-woods-trackman-numbers-from-quail-hollow/,
e0b0b078118e18e77236bd0e,press_player_launch_numbers,player,player:tiger_woods,wells_fargo_hole16_12_swings,TrackMan,2009,Driver,ball speed,ball_speed,175.0,mph,78.232,m/s,session_mean,single_source,https://www.golfwrx.com/23260/tiger-woods-trackman-numbers-from-quail-hollow/,
d028368cee6ef4692f4eb064,press_player_launch_numbers,player,player:rory_mcilroy,practice_session,TrackMan,2015,Driver,club speed,club_speed,118.6,mph,53.018944,m/s,session_mean,cross_verified,http://3jack.blogspot.com/2015/06/rory-mcirloys-trackman-numbers.html;https://thebrassie.com/what-are-rory-mcilroy-trackman-numbers/,
444ac18e49a04b09d3df10d3,press_player_launch_numbers,player,player:rory_mcilroy,practice_session,TrackMan,2015,Driver,ball speed,ball_speed,179.2,mph,80.109568,m/s,session_mean,cross_verified,http://3jack.blogspot.com/2015/06/rory-mcirloys-trackman-numbers.html;https://thebrassie.com/what-are-rory-mcilroy-trackman-numbers/,
90cfc7b11df8cd621ef76bfa,press_player_launch_numbers,player,player:rory_mcilroy,practice_session,TrackMan,2015,Driver,spin rate,spin_rate,2297.0,rpm,240.54127750985847,rad/s,session_mean,cross_verified,http://3jack.blogspot.com/2015/06/rory-mcirloys-trackman-numbers.html;https://thebrassie.com/what-are-rory-mcilroy-trackman-numbers/,
f257640584a6a151ebd2299b,press_player_launch_numbers,player,player:rory_mcilroy,tour_season_radar,TrackMan,2013,Driver,club speed,club_speed,121.3,mph,54.225952,m/s,season_mean,cross_verified,http://3jack.blogspot.com/2015/06/rory-mcirloys-trackman-numbers.html;https://thebrassie.com/what-are-rory-mcilroy-trackman-numbers/,
7afc458e085306771e12fcd2,press_player_launch_numbers,player,player:rory_mcilroy,tour_season_radar,TrackMan,2014,Driver,club speed,club_speed,121.6,mph,54.360063999999994,m/s,season_mean,cross_verified,http://3jack.blogspot.com/2015/06/rory-mcirloys-trackman-numbers.html;https://thebrassie.com/what-are-rory-mcilroy-trackman-numbers/,
64a9c61aba2f3399f18f4fd2,press_player_launch_numbers,player,player:rory_mcilroy,tour_season_radar,TrackMan,2015,Driver,club speed,club_speed,119.7,mph,53.510688,m/s,season_mean,cross_verified,http://3jack.blogspot.com/2015/06/rory-mcirloys-trackman-numbers.html;https://thebrassie.com/what-are-rory-mcilroy-trackman-numbers/,
331c8303f3e41a0c5e9ef699,press_player_launch_numbers,player,player:rory_mcilroy,tour_season_radar,TrackMan,2013,Driver,ball speed,ball_speed,179.9,mph,80.422496,m/s,season_mean,cross_verified,http://3jack.blogspot.com/2015/06/rory-mcirloys-trackman-numbers.html;https://thebrassie.com/what-are-rory-mcilroy-trackman-numbers/,
15273db19593ae9b11cd78d4,press_player_launch_numbers,player,player:rory_mcilroy,tour_season_radar,TrackMan,2014,Driver,ball speed,ball_speed,179.7,mph,80.33308799999999,m/s,season_mean,cross_verified,http://3jack.blogspot.com/2015/06/rory-mcirloys-trackman-numbers.html;https://thebrassie.com/what-are-rory-mcilroy-trackman-numbers/,
fd9a583e2a73396bfb3566cc,press_player_launch_numbers,player,player:rory_mcilroy,fitting_normalized,TrackMan,,Driver,carry,carry_distance,317.0,yd,289.8648,m,session_mean,single_source,https://www.golfmonthly.com/features/the-game/rory-mcilroy-launch-monitor-data-revealed-159905,
96a9a4105c87e96633fa8e1a,press_player_launch_numbers,player,player:bryson_dechambeau,cobra_media_event,TrackMan,2021,Driver,ball speed,ball_speed,221.5,mph,99.01935999999999,m/s,max_record,cross_verified,https://golf.com/gear/bryson-dechambeau-fastest-ball-speed-221-unreleased-cobra-driver/;https://www.golfmonthly.com/tour/what-is-bryson-dechambeaus-ball-speed,
40f53c9d771c11d0e6424ad0,press_player_launch_numbers,player,player:bryson_dechambeau,world_long_drive,TrackMan,2021,Driver,ball speed,ball_speed,219.0,mph,97.90176,m/s,max_record,cross_verified,https://golf.com/gear/bryson-dechambeau-fastest-ball-speed-221-unreleased-cobra-driver/;https://www.golfmonthly.com/tour/what-is-bryson-dechambeaus-ball-speed,
e3bb436ea7bb08f4a476c76d,press_player_launch_numbers,player,player:bryson_dechambeau,speed_training,TrackMan,2021,Driver,club speed,club_speed,146.9,mph,65.670176,m/s,max_record,cross_verified,https://golf.com/gear/bryson-dechambeau-fastest-ball-speed-221-unreleased-cobra-driver/;https://www.golfmonthly.com/tour/what-is-bryson-dechambeaus-ball-speed,
140518de4f5a87b1a7fd51c8,press_player_launch_numbers,player,player:bryson_dechambeau,tour_season_radar,TrackMan,2021,Driver,ball speed,ball_speed,190.94,mph,85.3578176,m/s,season_mean,cross_verified,https://www.golfdigest.com/story/stat-reveals-bryson-dechambeau-one-of-the-least-efficient-drivers-in-golf,
92935f8b93fc3a2ca650d2ba,press_player_launch_numbers,player,player:bryson_dechambeau,tour_season_radar,TrackMan,2021,Driver,club speed,club_speed,132.89,mph,59.40714559999999,m/s,season_mean,cross_verified,https://www.golfdigest.com/story/stat-reveals-bryson-dechambeau-one-of-the-least-efficient-drivers-in-golf,
cb5f60599f664db3c995020c,press_player_launch_numbers,player,player:kyle_berkshire,training_session_record,TrackMan,2023,Driver,ball speed,ball_speed,236.2,mph,105.590848,m/s,max_record,cross_verified,https://www.golfmonthly.com/news/kyle-berkshire-sets-new-ball-speed-record-of-2362mph;https://golf.com/news/kyle-berkshire-ball-speed-record/,
93d6e1c3b7bdcc5c6eda3a1a,press_player_launch_numbers,player,player:kyle_berkshire,world_record,TrackMan,2023,Driver,ball speed,ball_speed,241.6,mph,108.004864,m/s,max_record,cross_verified,https://en.wikipedia.org/wiki/Kyle_Berkshire;https://www.sportskeeda.com/golf/watch-kyle-berkshire-sets-new-ball-speed-world-record-astonishing-241-6-mph-2,
97fd3ce18287424b78c137ed,press_player_launch_numbers,player,player:dustin_johnson,floridian_practice,TrackMan,2016,Driver,ball speed,ball_speed,186.5,mph,83.37295999999999,m/s,single_shot,cross_verified,https://www.golfdigest.com/story/these-dustin-johnson-launch-monitor-numbers-are-absolutely-ridiculous,
0b41fc3ebf9c0877d8a4cad8,press_player_launch_numbers,player,player:dustin_johnson,floridian_practice,TrackMan,2016,Driver,carry,carry_distance,333.7,yd,305.13527999999997,m,single_shot,cross_verified,https://www.golfdigest.com/story/these-dustin-johnson-launch-monitor-numbers-are-absolutely-ridiculous,
1529406a6d06e37971962178,press_player_launch_numbers,player,player:dustin_johnson,taylormade_distance_chart,TrackMan,2017,Driver,carry,carry_distance,312.0,yd,285.2928,m,stock_reported,single_source,https://golfwrx.com/441424/his-2-iron-goes-how-far-dustin-johnsons-distance-chart-is-impressive/,"TaylorMade-published averages, rounded"
9ae8da94f394ff28e42c8869,press_player_launch_numbers,player,player:dustin_johnson,taylormade_distance_chart,TrackMan,2017,3-wood,carry,carry_distance,282.0,yd,257.8608,m,stock_reported,single_source,https://golfwrx.com/441424/his-2-iron-goes-how-far-dustin-johnsons-distance-chart-is-impressive/,"TaylorMade-published averages, rounded"
51a14deb38f595991eb1f796,press_player_launch_numbers,player,player:dustin_johnson,taylormade_distance_chart,TrackMan,2017,5-wood,carry,carry_distance,267.0,yd,244.1448,m,stock_reported,single_source,https://golfwrx.com/441424/his-2-iron-goes-how-far-dustin-johnsons-distance-chart-is-impressive/,"TaylorMade-published averages, rounded"
c09876f866bdac7ece7a7f8b,press_player_launch_numbers,player,player:dustin_johnson,taylormade_distance_chart,TrackMan,2017,2-iron UDI,carry,carry_distance,261.0,yd,238.6584,m,stock_reported,single_source,https://golfwrx.com/441424/his-2-iron-goes-how-far-dustin-johnsons-distance-chart-is-impressive/,"TaylorMade-published averages, rounded"
6480566084389ebb49972272,press_player_launch_numbers,player,player:dustin_johnson,taylormade_distance_chart,TrackMan,2017,4-iron,carry,carry_distance,236.0,yd,215.7984,m,stock_reported,single_source,https://golfwrx.com/441424/his-2-iron-goes-how-far-dustin-johnsons-distance-chart-is-impressive/,"TaylorMade-published averages, rounded"
786077c38f656c6f391d6297,press_player_launch_numbers,player,player:dustin_johnson,taylormade_distance_chart,TrackMan,2017,5-iron,carry,carry_distance,225.0,yd,205.74,m,stock_reported,single_source,https://golfwrx.com/441424/his-2-iron-goes-how-far-dustin-johnsons-distance-chart-is-impressive/,"TaylorMade-published averages, rounded"
d3ea424781bd64b262cc4dbd,press_player_launch_numbers,player,player:dustin_johnson,taylormade_distance_chart,TrackMan,2017,6-iron,carry,carry_distance,212.0,yd,193.8528,m,stock_reported,single_source,https://golfwrx.com/441424/his-2-iron-goes-how-far-dustin-johnsons-distance-chart-is-impressive/,"TaylorMade-published averages, rounded"
d34dfa8264e0ed3e30bc79ce,press_player_launch_numbers,player,player:dustin_johnson,taylormade_distance_chart,TrackMan,2017,7-iron,carry,carry_distance,200.0,yd,182.88,m,stock_reported,single_source,https://golfwrx.com/441424/his-2-iron-goes-how-far-dustin-johnsons-distance-chart-is-impressive/,"TaylorMade-published averages, rounded"
324ef92ac45d90a8859eedb6,press_player_launch_numbers,player,player:dustin_johnson,taylormade_distance_chart,TrackMan,2017,8-iron,carry,carry_distance,186.0,yd,170.0784,m,stock_reported,single_source,https://golfwrx.com/441424/his-2-iron-goes-how-far-dustin-johnsons-distance-chart-is-impressive/,"TaylorMade-published averages, rounded"
055e2d50a9c47d76fd58d51e,press_player_launch_numbers,player,player:dustin_johnson,taylormade_distance_chart,TrackMan,2017,9-iron,carry,carry_distance,172.0,yd,157.2768,m,stock_reported,single_source,https://golfwrx.com/441424/his-2-iron-goes-how-far-dustin-johnsons-distance-chart-is-impressive/,"TaylorMade-published averages, rounded"
8d250f9701bc29795959d2c2,press_player_launch_numbers,player,player:dustin_johnson,taylormade_distance_chart,TrackMan,2017,PW,carry,carry_distance,158.0,yd,144.4752,m,stock_reported,single_source,https://golfwrx.com/441424/his-2-iron-goes-how-far-dustin-johnsons-distance-chart-is-impressive/,"TaylorMade-published averages, rounded"
28d2e16a7f18fc1d906eab9f,press_player_launch_numbers,player,player:jon_rahm,trackman_blog_feature,TrackMan,2017,Driver,attack angle,attack_angle,5.2,deg,0.09075712110370514,rad,session_mean,cross_verified,https://forums.golfwrx.com/topic/1529300-john-rahm-trackman-numbers/,
09f102aa6128918eeb2abb0e,press_player_launch_numbers,player,player:jon_rahm,trackman_blog_feature,TrackMan,2017,Driver,spin rate,spin_rate,1645.0,rpm,172.26399717184032,rad/s,single_shot,single_source,https://forums.golfwrx.com/topic/1529300-john-rahm-trackman-numbers/,single swing seen in feature
23c86ca314f1894270ad9546,press_player_launch_numbers,player,player:scottie_scheffler,taylormade_season_summary,TrackMan,2022,Driver,ball speed,ball_speed,177.4,mph,79.304896,m/s,season_mean,single_source,https://www.taylormadegolf.com/clubhouse/423624-scotties-season-revisited-how-the-scheff-cooked-to-pga-tour-player-of-the-year-honors-in-2022.html,manufacturer-published
a3b93b5b7f1557985c99fedd,press_player_launch_numbers,player,player:collin_morikawa,presidents_cup_practice_quail_hollow_13,TrackMan,2022,Driver,ball speed,ball_speed,167.0,mph,74.65568,m/s,single_shot,single_source,https://golfwrx.com/697837/inside-the-numbers-a-look-at-the-launch-monitor-results-for-3-different-pga-tour-players/,
70d0ca8179fbc0a3172ccd5e,press_player_launch_numbers,player,player:collin_morikawa,presidents_cup_practice_quail_hollow_13,TrackMan,2022,Driver,carry,carry_distance,298.0,yd,272.4912,m,single_shot,single_source,https://golfwrx.com/697837/inside-the-numbers-a-look-at-the-launch-monitor-results-for-3-different-pga-tour-players/,
f3ec5185b25a477fab11c722,press_player_launch_numbers,player,player:collin_morikawa,presidents_cup_practice_quail_hollow_13,TrackMan,2022,Driver,launch angle,launch_angle,12.0,deg,0.20943951023931956,rad,single_shot,single_source,https://golfwrx.com/697837/inside-the-numbers-a-look-at-the-launch-monitor-results-for-3-different-pga-tour-players/,
7158a6b034d027a33fe86710,press_player_launch_numbers,player,player:collin_morikawa,presidents_cup_practice_quail_hollow_13,TrackMan,2022,Driver,spin rate,spin_rate,2099.0,rpm,219.80676599616584,rad/s,single_shot,single_source,https://golfwrx.com/697837/inside-the-numbers-a-look-at-the-launch-monitor-results-for-3-different-pga-tour-players/,
d35b84ade9516bf3ebfad8fc,press_player_launch_numbers,player,player:max_homa,presidents_cup_practice_quail_hollow_13,TrackMan,2022,Driver,ball speed,ball_speed,176.0,mph,78.67904,m/s,single_shot,single_source,https://golfwrx.com/697837/inside-the-numbers-a-look-at-the-launch-monitor-results-for-3-different-pga-tour-players/,
410c74a55a18866895509534,press_player_launch_numbers,player,player:max_homa,presidents_cup_practice_quail_hollow_13,TrackMan,2022,Driver,carry,carry_distance,299.0,yd,273.4056,m,single_shot,single_source,https://golfwrx.com/697837/inside-the-numbers-a-look-at-the-launch-monitor-results-for-3-different-pga-tour-players/,
e0f0aa839640e604392ef67a,press_player_launch_numbers,player,player:max_homa,presidents_cup_practice_quail_hollow_13,TrackMan,2022,Driver,launch angle,launch_angle,10.7,deg,0.18675022996339324,rad,single_shot,single_source,https://golfwrx.com/697837/inside-the-numbers-a-look-at-the-launch-monitor-results-for-3-different-pga-tour-players/,
d7d766e3770735d3d914e6ac,press_player_launch_numbers,player,player:max_homa,presidents_cup_practice_quail_hollow_13,TrackMan,2022,Driver,spin rate,spin_rate,2885.0,rpm,302.1164935202184,rad/s,single_shot,single_source,https://golfwrx.com/697837/inside-the-numbers-a-look-at-the-launch-monitor-results-for-3-different-pga-tour-players/,
2ef33cd0277b180d69c78a74,press_player_launch_numbers,player,player:nelly_korda,titleist_tsr1_fitting,unstated,2022,Driver,ball speed,ball_speed,154.0,mph,68.84416,m/s,session_mean,single_source,https://golf.com/gear/drivers/nelly-korda-titleist-tsr-driver-wall-to-wall/,fitting data; monitor not stated
a7153cb31419b3202062198a,press_player_launch_numbers,player,player:anne_van_dam,trackman_posted_session,TrackMan,2020,Driver,attack angle,attack_angle,3.6,deg,0.06283185307179587,rad,session_mean,single_source,https://www.facebook.com/TrackManGolf/posts/have-a-look-at-anne-van-dams-driver-attack-angle-36-degspin-rate-2482-rpmball-sp/10158456240237610/,primary TrackMan-published row
17c65015d5b7dd907dc430e9,press_player_launch_numbers,player,player:anne_van_dam,trackman_posted_session,TrackMan,2020,Driver,spin rate,spin_rate,2482.0,rpm,259.9144322069955,rad/s,session_mean,single_source,https://www.facebook.com/TrackManGolf/posts/have-a-look-at-anne-van-dams-driver-attack-angle-36-degspin-rate-2482-rpmball-sp/10158456240237610/,primary TrackMan-published row
bba6446b4f873c323eb15482,press_player_launch_numbers,player,player:anne_van_dam,trackman_posted_session,TrackMan,2020,Driver,ball speed,ball_speed,159.0,mph,71.07936,m/s,session_mean,single_source,https://www.facebook.com/TrackManGolf/posts/have-a-look-at-anne-van-dams-driver-attack-angle-36-degspin-rate-2482-rpmball-sp/10158456240237610/,primary TrackMan-published row
1b4ae32cf225d7b23cc14116,press_player_launch_numbers,player,player:cameron_champ,rookie_season_practice,TrackMan,2018,Driver,club speed,club_speed,129.66,mph,57.9632064,m/s,session_mean,cross_verified,https://golf.com/news/pga-tour-rookie-cameron-champ-trackman-stats/;https://www.golfmagic.com/equipment-news/forget-dj-rory-and-bubba-cameron-champ-new-boomer-watch,
0a0e3723d3dcb40cc387e98c,press_player_launch_numbers,player,player:cameron_champ,rookie_season_practice,TrackMan,2018,Driver,ball speed,ball_speed,192.67,mph,86.1311968,m/s,session_mean,cross_verified,https://golf.com/news/pga-tour-rookie-cameron-champ-trackman-stats/;https://www.golfmagic.com/equipment-news/forget-dj-rory-and-bubba-cameron-champ-new-boomer-watch,
95a16775228bf372e1183dd2,press_player_launch_numbers,player,player:cameron_champ,tour_season_radar,TrackMan,2024,Driver,club speed,club_speed,126.64,mph,56.6131456,m/s,season_mean,cross_verified,https://www.golfmonthly.com/features/who-has-the-highest-and-lowest-ball-speed-on-the-pga-tour,
60dc579a191844a5d1e033ab,press_player_launch_numbers,player,player:cameron_champ,tour_season_radar,TrackMan,2024,Driver,ball speed,ball_speed,190.12,mph,84.9912448,m/s,season_mean,cross_verified,https://www.golfmonthly.com/features/who-has-the-highest-and-lowest-ball-speed-on-the-pga-tour,
99fa36edca7d6f721c956519,press_player_launch_numbers,player,player:tony_finau,practice_max,TrackMan,,Driver,ball speed,ball_speed,206.0,mph,92.09024,m/s,max_record,cross_verified,https://www.golfwrx.com/620998/what-golfwrxers-are-saying-about-tony-finaus-206mph-ball-speed/,
c18857ab9b684c649a63437f,press_player_launch_numbers,player,player:tony_finau,practice_max,TrackMan,,Driver,carry,carry_distance,383.0,yd,350.2152,m,max_record,cross_verified,https://www.golfwrx.com/620998/what-golfwrxers-are-saying-about-tony-finaus-206mph-ball-speed/,
feb77a0ac01606c376cf983a,press_player_launch_numbers,player,player:tony_finau,ping_fitter_reported,TrackMan,2023,Driver,club speed,club_speed,138.0,mph,61.69152,m/s,max_record,single_source,https://golf.com/gear/drivers/tony-finau-driver-distance-ping-kenton-oates/,
e5372507f70304c6024b9412,press_player_launch_numbers,player,player:brooks_koepka,coaching_analysis,TrackMan,2019,Driver,club speed,club_speed,121.0,mph,54.09184,m/s,session_mean,anecdotal_rounded,https://golf.com/instruction/driving/brooks-koepka-trackman-stats/;https://hititlonger.com/brooks-koepka-the-swing-and-the-numbers/,
5c5af6f15af7053a7918ee92,press_player_launch_numbers,player,player:jordan_spieth,tour_season_radar,TrackMan,2013,Driver,ball speed,ball_speed,166.08,mph,74.24440320000001,m/s,season_mean,single_source,https://x.com/Fit_For_Golf/status/1611530962294435841,aggregated official radar data; 2023 partial (52 drives)
23c951f5ce84d3bec47799e6,press_player_launch_numbers,player,player:jordan_spieth,tour_season_radar,TrackMan,2014,Driver,ball speed,ball_speed,165.55,mph,74.007472,m/s,season_mean,single_source,https://x.com/Fit_For_Golf/status/1611530962294435841,aggregated official radar data; 2023 partial (52 drives)
d9fc7a85f019126ff068b56c,press_player_launch_numbers,player,player:jordan_spieth,tour_season_radar,TrackMan,2015,Driver,ball speed,ball_speed,168.77,mph,75.44694080000001,m/s,season_mean,single_source,https://x.com/Fit_For_Golf/status/1611530962294435841,aggregated official radar data; 2023 partial (52 drives)
56897ab72aa9f4047c402c2a,press_player_launch_numbers,player,player:jordan_spieth,tour_season_radar,TrackMan,2016,Driver,ball speed,ball_speed,168.42,mph,75.2904768,m/s,season_mean,single_source,https://x.com/Fit_For_Golf/status/1611530962294435841,aggregated official radar data; 2023 partial (52 drives)
0fb43b17721d3adcfd8e8e51,press_player_launch_numbers,player,player:jordan_spieth,tour_season_radar,TrackMan,2017,Driver,ball speed,ball_speed,169.18,mph,75.63022720000001,m/s,season_mean,single_source,https://x.com/Fit_For_Golf/status/1611530962294435841,aggregated official radar data; 2023 partial (52 drives)
884b2a4481fef961e5f42745,press_player_launch_numbers,player,player:jordan_spieth,tour_season_radar,TrackMan,2018,Driver,ball speed,ball_speed,170.46,mph,76.2024384,m/s,season_mean,single_source,https://x.com/Fit_For_Golf/status/1611530962294435841,aggregated official radar data; 2023 partial (52 drives)
bb20531b05f50a06739088de,press_player_launch_numbers,player,player:jordan_spieth,tour_season_radar,TrackMan,2019,Driver,ball speed,ball_speed,170.53,mph,76.2337312,m/s,season_mean,single_source,https://x.com/Fit_For_Golf/status/1611530962294435841,aggregated official radar data; 2023 partial (52 drives)
c4b58e3ae39bbbb170558b37,press_player_launch_numbers,player,player:jordan_spieth,tour_season_radar,TrackMan,2020,Driver,ball speed,ball_speed,172.47,mph,77.1009888,m/s,season_mean,single_source,https://x.com/Fit_For_Golf/status/1611530962294435841,aggregated official radar data; 2023 partial (52 drives)
68f461b8069bc609b0a49f47,press_player_launch_numbers,player,player:jordan_spieth,tour_season_radar,TrackMan,2021,Driver,ball speed,ball_speed,172.66,mph,77.1859264,m/s,season_mean,single_source,https://x.com/Fit_For_Golf/status/1611530962294435841,aggregated official radar data; 2023 partial (52 drives)
ea1dccc285da63a4b4c812f4,press_player_launch_numbers,player,player:jordan_spieth,tour_season_radar,TrackMan,2022,Driver,ball speed,ball_speed,175.67,mph,78.53151679999999,m/s,season_mean,single_source,https://x.com/Fit_For_Golf/status/1611530962294435841,aggregated official radar data; 2023 partial (52 drives)
bfd573f5202bd9a13bd87768,press_player_launch_numbers,player,player:jordan_spieth,tour_season_radar,TrackMan,2023,Driver,ball speed,ball_speed,177.07,mph,79.15737279999999,m/s,season_mean,single_source,https://x.com/Fit_For_Golf/status/1611530962294435841,aggregated official radar data; 2023 partial (52 drives)
1235e426c7ebf2964ca70052,press_player_launch_numbers,player,player:tim_burke,documented_409yd_drive,TrackMan,2016,Driver,club speed,club_speed,141.3,mph,63.166752,m/s,single_shot,single_source,https://golf.com/instruction/driving/long-drive-champ-golfer-trackman-numbers/,
b9fb935b0ad58c12348a2171,press_player_launch_numbers,player,player:tim_burke,documented_409yd_drive,TrackMan,2016,Driver,ball speed,ball_speed,211.0,mph,94.32544,m/s,single_shot,single_source,https://golf.com/instruction/driving/long-drive-champ-golfer-trackman-numbers/,
573aab178fd3ce09fd628cad,press_player_launch_numbers,player,player:tim_burke,documented_409yd_drive,TrackMan,2016,Driver,smash factor,smash_factor,1.5,1,1.5,1,single_shot,single_source,https://golf.com/instruction/driving/long-drive-champ-golfer-trackman-numbers/,
5f09ec83116a87f7161c60b2,press_player_launch_numbers,player,player:tim_burke,documented_409yd_drive,TrackMan,2016,Driver,total distance,total_distance,409.0,yd,373.9896,m,single_shot,single_source,https://golf.com/instruction/driving/long-drive-champ-golfer-trackman-numbers/,
a631c327817c839672f62db5,press_player_launch_numbers,player,player:rickie_fowler,persimmon_driver_test,TrackMan,2017,Persimmon driver,carry,carry_distance,274.7,yd,251.18568,m,single_shot,cross_verified,https://www.golfdigest.com/story/rickie-fowler-shows-hes-a-long-hitter-in-any-era-by-smashing-a-persimmon-wood;http://golfweek.com/2017/01/13/video-rickie-fowler-shows-off-power-with-persimmon-driver/,
c03bb89d067616dbbe8f8013,press_player_launch_numbers,player,player:rickie_fowler,persimmon_driver_test,TrackMan,2017,Persimmon driver,total distance,total_distance,292.1,yd,267.09624,m,single_shot,cross_verified,https://www.golfdigest.com/story/rickie-fowler-shows-hes-a-long-hitter-in-any-era-by-smashing-a-persimmon-wood;http://golfweek.com/2017/01/13/video-rickie-fowler-shows-off-power-with-persimmon-driver/,
2ba906474603751889c87eac,press_player_launch_numbers,player,player:rickie_fowler,persimmon_driver_test,TrackMan,2017,Persimmon driver,smash factor,smash_factor,1.49,1,1.49,1,single_shot,cross_verified,https://www.golfdigest.com/story/rickie-fowler-shows-hes-a-long-hitter-in-any-era-by-smashing-a-persimmon-wood;http://golfweek.com/2017/01/13/video-rickie-fowler-shows-off-power-with-persimmon-driver/,
f78c8be3c4be79311de5fb8b,press_player_launch_numbers,player,player:brandon_matthews,tour_season_radar,TrackMan,2023,Driver,ball speed,ball_speed,190.2,mph,85.027008,m/s,season_mean,cross_verified,https://www.golfmonthly.com/features/who-has-the-highest-and-lowest-ball-speed-on-the-pga-tour;https://golf.com/gear/drivers/drivers-top-5-fastest-golfers-pga-tour/,led PGA Tour 2022-23
5154dbbfe884ec62e2ff4ffc,press_player_launch_numbers,player,player:brandon_matthews,tour_season_radar,TrackMan,2023,Driver,club speed,club_speed,126.51,mph,56.5550304,m/s,season_mean,cross_verified,https://www.golfmonthly.com/features/who-has-the-highest-and-lowest-ball-speed-on-the-pga-tour;https://golf.com/gear/drivers/drivers-top-5-fastest-golfers-pga-tour/,
1e79dcb17266c1e6841e0b7f,press_player_launch_numbers,player,player:xander_schauffele,callaway_fitting_bag_harmony,unstated,2025,3-wood 16.5deg,club speed,club_speed,114.0,mph,50.962559999999996,m/s,session_mean,cross_verified,https://golf.com/gear/xander-schauffele-numbers-bag-harmony/;https://irishgolfer.ie/latest-golf-news/2025/10/17/xander-schauffele-by-the-numbers-what-bag-harmony-looks-like/,Elyte TD HL 16.5 deg fairway wood at 15.4; fitting data; monitor not stated
2bb2588ba4263d837f106ee0,press_player_launch_numbers,player,player:xander_schauffele,callaway_fitting_bag_harmony,unstated,2025,3-wood 16.5deg,attack angle,attack_angle,-2.5,deg,-0.04363323129985824,rad,session_mean,cross_verified,https://golf.com/gear/xander-schauffele-numbers-bag-harmony/;https://irishgolfer.ie/latest-golf-news/2025/10/17/xander-schauffele-by-the-numbers-what-bag-harmony-looks-like/,Elyte TD HL 16.5 deg fairway wood at 15.4; fitting data; monitor not stated
f2ad38bfe94d7ebb5df1d5f1,press_player_launch_numbers,player,player:xander_schauffele,callaway_fitting_bag_harmony,unstated,2025,3-wood 16.5deg,ball speed,ball_speed,170.5,mph,76.22032,m/s,session_mean,cross_verified,https://golf.com/gear/xander-schauffele-numbers-bag-harmony/;https://irishgolfer.ie/latest-golf-news/2025/10/17/xander-schauffele-by-the-numbers-what-bag-harmony-looks-like/,Elyte TD HL 16.5 deg fairway wood at 15.4; fitting data; monitor not stated
d81f5d798fb84779dc636b82,press_player_launch_numbers,player,player:xander_schauffele,callaway_fitting_bag_harmony,unstated,2025,3-wood 16.5deg,spin rate,spin_rate,3683.0,rpm,385.68285810570694,rad/s,session_mean,cross_verified,https://golf.com/gear/xander-schauffele-numbers-bag-harmony/;https://irishgolfer.ie/latest-golf-news/2025/10/17/xander-schauffele-by-the-numbers-what-bag-harmony-looks-like/,Elyte TD HL 16.5 deg fairway wood at 15.4; fitting data; monitor not stated
3008e71796a46687217cc199,press_player_launch_numbers,player,player:xander_schauffele,callaway_fitting_bag_harmony,unstated,2025,3-wood 16.5deg,carry,carry_distance,272.3,yd,248.99112,m,session_mean,cross_verified,https://golf.com/gear/xander-schauffele-numbers-bag-harmony/;https://irishgolfer.ie/latest-golf-news/2025/10/17/xander-schauffele-by-the-numbers-what-bag-harmony-looks-like/,Elyte TD HL 16.5 deg fairway wood at 15.4; fitting data; monitor not stated
e9e607456c03ee67b8517c4f,press_player_launch_numbers,player,player:viktor_hovland,ping_g440_fitting,TrackMan,2025,Driver,launch angle,launch_angle,10.0,deg,0.17453292519943295,rad,session_mean,anecdotal_rounded,https://golf.com/gear/drivers/viktor-hovland-ping-driver-incredible-transformation/;https://golfwrx.com/780850/details-on-viktor-hovlands-driver-change/,
b4bff57904e4b45ffe8ca9d2,press_player_launch_numbers,player,player:viktor_hovland,ping_g440_fitting,TrackMan,2025,Driver,spin rate,spin_rate,2500.0,rpm,261.79938779914943,rad/s,session_mean,anecdotal_rounded,https://golf.com/gear/drivers/viktor-hovland-ping-driver-incredible-transformation/;https://golfwrx.com/780850/details-on-viktor-hovlands-driver-change/,
aedd62843c64611c7ea76aec,press_player_launch_numbers,player,player:bubba_watson,ping_g30_fitting,TrackMan,2014,Driver,ball speed,ball_speed,194.0,mph,86.72576,m/s,session_mean,single_source,https://www.mygolfway.com/en/ping-bubba-watson-changes-to-the-new-g30-an-even-faster-driver/,Ping promotional fitting
e14f83b67056be80762c89d5,press_player_launch_numbers,player,player:bubba_watson,ping_g30_fitting,TrackMan,2014,Driver,club speed,club_speed,125.0,mph,55.88,m/s,session_mean,anecdotal_rounded,https://www.mygolfway.com/en/ping-bubba-watson-changes-to-the-new-g30-an-even-faster-driver/,Ping promotional fitting
50e6bdd49b77647e3849c9de,press_player_launch_numbers,player,player:bubba_watson,ping_g30_fitting,TrackMan,2014,Driver,spin rate,spin_rate,1865.0,rpm,195.30234329816545,rad/s,session_mean,single_source,https://www.mygolfway.com/en/ping-bubba-watson-changes-to-the-new-g30-an-even-faster-driver/,Ping promotional fitting
641313ec3cc7ca6c6e5c54db,press_player_launch_numbers,player,player:phil_mickelson,season_start_measurement,TrackMan,2018,Driver,club speed,club_speed,120.92,mph,54.0560768,m/s,session_mean,cross_verified,https://www.golfwrx.com/544832/at-48-phil-mickelsons-driver-swing-speed-rises-6-mph-overnight-hes-outdriving-some-of-the-longest-hitters-on-tour/,age 48
1785385074c51301ab67916d,press_player_launch_numbers,player,player:phil_mickelson,speed_training,TrackMan,2021,Driver,ball speed,ball_speed,180.0,mph,80.4672,m/s,max_record,cross_verified,https://www.golfwrx.com/643728/phil-mickelsons-speed-training-continues-reaches-180mph-ball-speed-using-fujikura-ventus/,age 50
b72fd296cef6850c392ce60c,press_player_launch_numbers,player,player:charley_hull,trackman_posted_range_session,TrackMan,2021,7-iron,club speed,club_speed,85.4,mph,38.177216,m/s,session_mean,single_source,https://x.com/TrackManGolf/status/1390613191324049408,primary TrackMan-published row
170da216b8b9f6293f69b25f,press_player_launch_numbers,player,player:charley_hull,trackman_posted_range_session,TrackMan,2021,7-iron,ball speed,ball_speed,114.3,mph,51.096672,m/s,session_mean,single_source,https://x.com/TrackManGolf/status/1390613191324049408,primary TrackMan-published row
94a4c94cdc47f596e867581b,press_player_launch_numbers,player,player:charley_hull,trackman_posted_range_session,TrackMan,2021,7-iron,carry,carry_distance,158.9,yd,145.29816,m,session_mean,single_source,https://x.com/TrackManGolf/status/1390613191324049408,primary TrackMan-published row
ddaa957392a8172a02b069d7,press_player_launch_numbers,player,player:charley_hull,trackman_posted_range_session,TrackMan,2021,7-iron,spin rate,spin_rate,6563.0,rpm,687.2757528503271,rad/s,session_mean,single_source,https://x.com/TrackManGolf/status/1390613191324049408,primary TrackMan-published row
d90540549d0ba8a2b5daabf1,press_player_launch_numbers,player,player:adam_scott,published_dataset_early_era,TrackMan,,Driver,club speed,club_speed,121.0,mph,54.09184,m/s,session_mean,single_source,https://www.tomfieldinggolf.net/trackman-definitive-answers-at-impact-and-more.html,"older dataset; implied smash 1.40 is low for tour, flagged low confidence"
29b95d08e8c4848de378c5a4,press_player_launch_numbers,player,player:adam_scott,published_dataset_early_era,TrackMan,,Driver,ball speed,ball_speed,170.0,mph,75.9968,m/s,session_mean,single_source,https://www.tomfieldinggolf.net/trackman-definitive-answers-at-impact-and-more.html,"older dataset; implied smash 1.40 is low for tour, flagged low confidence"
062a2f8622cdd657fa3fb330,press_player_launch_numbers,player,player:adam_scott,published_dataset_early_era,TrackMan,,Driver,launch angle,launch_angle,12.0,deg,0.20943951023931956,rad,session_mean,single_source,https://www.tomfieldinggolf.net/trackman-definitive-answers-at-impact-and-more.html,"older dataset; implied smash 1.40 is low for tour, flagged low confidence"
732efe4a4c21db33e15c6c8d,press_player_launch_numbers,player,player:matt_fitzpatrick,fastest_tour_week_average,TrackMan,2023,Driver,club speed,club_speed,121.3,mph,54.225952,m/s,season_mean,cross_verified,https://holetheputt.com/matthew-fitzpatrick-driving-distance/;https://www.golfdigest.com/story/matt-fitzpatrick-us-open-the-stack-system-speed-training-aid,Sony Open week average after Stack System training
09df82c190752326a4aa4c7b,press_player_launch_numbers,player,player:padraig_harrington,champions_tour_year_max,TrackMan,2025,Driver,ball speed,ball_speed,189.0,mph,84.49056,m/s,max_record,cross_verified,https://www.golfwrx.com/756789/padraig-harrington-discusses-speed-training-and-his-impressive-maximum-ball-speed/,age 53
c7161f774022f4931510ba62,press_player_launch_numbers,player,player:min_woo_lee,profile_reading,TrackMan,2023,Driver,ball speed,ball_speed,193.0,mph,86.27871999999999,m/s,single_shot,single_source,https://hypebeast.com/2023/7/min-woo-lee-interview-pga-tour-golf,
