source_id,population_type,population,context,monitor,year,club,metric_native,metric,value,source_unit,value_type,confidence,citation_urls,notes
trackman_tour_averages_classic,tour_average,pga_tour,classic_data_sheet,TrackMan,2010,Driver,club speed,club_speed,113,mph,group_mean,cross_verified,https://teeituprva.com/wp-content/uploads/2019/03/PGA-AVERAGES-INTERACTIVE.pdf;http://3jack.blogspot.com/2010/02/trackman-pga-lpga-tour-averages.html;https://hititlonger.com/trackman-data-pga-tour-averages/,
trackman_tour_averages_classic,tour_average,pga_tour,classic_data_sheet,TrackMan,2010,Driver,attack angle,attack_angle,-1.3,deg,group_mean,cross_verified,https://teeituprva.com/wp-content/uploads/2019/03/PGA-AVERAGES-INTERACTIVE.pdf;http://3jack.blogspot.com/2010/02/trackman-pga-lpga-tour-averages.html;https://hititlonger.com/trackman-data-pga-tour-averages/,
trackman_tour_averages_classic,tour_average,pga_tour,classic_data_sheet,TrackMan,2010,Driver,ball speed,ball_speed,167,mph,group_mean,cross_verified,https://teeituprva.com/wp-content/uploads/2019/03/PGA-AVERAGES-INTERACTIVE.pdf;http://3jack.blogspot.com/2010/02/trackman-pga-lpga-tour-averages.html;https://hititlonger.com/trackman-data-pga-tour-averages/,
trackman_tour_averages_classic,tour_average,pga_tour,classic_data_sheet,TrackMan,2010,Driver,smash factor,smash_factor,1.48,1,group_mean,cross_verified,https://teeituprva.com/wp-content/uploads/2019/03/PGA-AVERAGES-INTERACTIVE.pdf;http://3jack.blogspot.com/2010/02/trackman-pga-lpga-tour-averages.html;https://hititlonger.com/trackman-data-pga-tour-averages/,
trackman_tour_averages_classic,tour_average,pga_tour,classic_data_sheet,TrackMan,2010,Driver,launch angle,launch_angle,10.9,deg,group_mean,cross_verified,https://teeituprva.com/wp-content/uploads/2019/03/PGA-AVERAGES-INTERACTIVE.pdf;http://3jack.blogspot.com/2010/02/trackman-pga-lpga-tour-averages.html;https://hititlonger.com/trackman-data-pga-tour-averages/,
trackman_tour_averages_classic,tour_average,pga_tour,classic_data_sheet,TrackMan,2010,Driver,spin rate,spin_rate,2686,rpm,group_mean,cross_verified,https://teeituprva.com/wp-content/uploads/2019/03/PGA-AVERAGES-INTERACTIVE.pdf;http://3jack.blogspot.com/2010/02/trackman-pga-lpga-tour-averages.html;https://hititlonger.com/trackman-data-pga-tour-averages/,
trackman_tour_averages_classic,tour_average,pga_tour,classic_data_sheet,TrackMan,2010,Driver,max height,apex_height,32,yd,group_mean,cross_verified,https://teeituprva.com/wp-content/uploads/2019/03/PGA-AVERAGES-INTERACTIVE.pdf;http://3jack.blogspot.com/2010/02/trackman-pga-lpga-tour-averages.html;https://hititlonger.com/trackman-data-pga-tour-averages/,
trackman_tour_averages_classic,tour_average,pga_tour,classic_data_sheet,TrackMan,2010,Driver,land angle,descent_angle,38,deg,group_mean,cross_verified,https://teeituprva.com/wp-content/uploads/2019/03/PGA-AVERAGES-INTERACTIVE.pdf;http://3jack.blogspot.com/2010/02/trackman-pga-lpga-tour-averages.html;https://hititlonger.com/trackman-data-pga-tour-averages/,
trackman_tour_averages_classic,tour_average,pga_tour,classic_data_sheet,TrackMan,2010,Driver,carry,carry_distance,275,yd,group_mean,cross_verified,https://teeituprva.com/wp-content/uploads/2019/03/PGA-AVERAGES-INTERACTIVE.pdf;http://3jack.blogspot.com/2010/02/trackman-pga-lpga-tour-averages.html;https://hititlonger.com/trackman-data-pga-tour-averages/,
trackman_tour_averages_classic,tour_average,pga_tour,classic_data_sheet,TrackMan,2010,3-wood,club speed,club_speed,107,mph,group_mean,cross_verified,https://teeituprva.com/wp-content/uploads/2019/03/PGA-AVERAGES-INTERACTIVE.pdf;http://3jack.blogspot.com/2010/02/trackman-pga-lpga-tour-averages.html;https://hititlonger.com/trackman-data-pga-tour-averages/,
trackman_tour_averages_classic,tour_average,pga_tour,classic_data_sheet,TrackMan,2010,3-wood,attack angle,attack_angle,-2.9,deg,group_mean,cross_verified,https://teeituprva.com/wp-content/uploads/2019/03/PGA-AVERAGES-INTERACTIVE.pdf;http://3jack.blogspot.com/2010/02/trackman-pga-lpga-tour-averages.html;https://hititlonger.com/trackman-data-pga-tour-averages/,
trackman_tour_averages_classic,tour_average,pga_tour,classic_data_sheet,TrackMan,2010,3-wood,ball speed,ball_speed,158,mph,group_mean,cross_verified,https://teeituprva.com/wp-content/uploads/2019/03/PGA-AVERAGES-INTERACTIVE.pdf;http://3jack.blogspot.com/2010/02/trackman-pga-lpga-tour-averages.html;https://hititlonger.com/trackman-data-pga-tour-averages/,
trackman_tour_averages_classic,tour_average,pga_tour,classic_data_sheet,TrackMan,2010,3-wood,smash factor,smash_factor,1.48,1,group_mean,cross_verified,https://teeituprva.com/wp-content/uploads/2019/03/PGA-AVERAGES-INTERACTIVE.pdf;http://3jack.blogspot.com/2010/02/trackman-pga-lpga-tour-averages.html;https://hititlonger.com/trackman-data-pga-tour-averages/,
trackman_tour_averages_classic,tour_average,pga_tour,classic_data_sheet,TrackMan,2010,3-wood,launch angle,launch_angle,9.2,deg,group_mean,cross_verified,https://teeituprva.com/wp-content/uploads/2019/03/PGA-AVERAGES-INTERACTIVE.pdf;http://3jack.blogspot.com/2010/02/trackman-pga-lpga-tour-averages.html;https://hititlonger.com/trackman-data-pga-tour-averages/,
trackman_tour_averages_classic,tour_average,pga_tour,classic_data_sheet,TrackMan,2010,3-wood,spin rate,spin_rate,3655,rpm,group_mean,cross_verified,https://teeituprva.com/wp-content/uploads/2019/03/PGA-AVERAGES-INTERACTIVE.pdf;http://3jack.blogspot.com/2010/02/trackman-pga-lpga-tour-averages.html;https://hititlonger.com/trackman-data-pga-tour-averages/,
trackman_tour_averages_classic,tour_average,pga_tour,classic_data_sheet,TrackMan,2010,3-wood,max height,apex_height,30,yd,group_mean,cross_verified,https://teeituprva.com/wp-content/uploads/2019/03/PGA-AVERAGES-INTERACTIVE.pdf;http://3jack.blogspot.com/2010/02/trackman-pga-lpga-tour-averages.html;https://hititlonger.com/trackman-data-pga-tour-averages/,
trackman_tour_averages_classic,tour_average,pga_tour,classic_data_sheet,TrackMan,2010,3-wood,land angle,descent_angle,43,deg,group_mean,cross_verified,https://teeituprva.com/wp-content/uploads/2019/03/PGA-AVERAGES-INTERACTIVE.pdf;http://3jack.blogspot.com/2010/02/trackman-pga-lpga-tour-averages.html;https://hititlonger.com/trackman-data-pga-tour-averages/,
trackman_tour_averages_classic,tour_average,pga_tour,classic_data_sheet,TrackMan,2010,3-wood,carry,carry_distance,243,yd,group_mean,cross_verified,https://teeituprva.com/wp-content/uploads/2019/03/PGA-AVERAGES-INTERACTIVE.pdf;http://3jack.blogspot.com/2010/02/trackman-pga-lpga-tour-averages.html;https://hititlonger.com/trackman-data-pga-tour-averages/,
trackman_tour_averages_classic,tour_average,pga_tour,classic_data_sheet,TrackMan,2010,5-wood,club speed,club_speed,103,mph,group_mean,cross_verified,https://teeituprva.com/wp-content/uploads/2019/03/PGA-AVERAGES-INTERACTIVE.pdf;http://3jack.blogspot.com/2010/02/trackman-pga-lpga-tour-averages.html;https://hititlonger.com/trackman-data-pga-tour-averages/,
trackman_tour_averages_classic,tour_average,pga_tour,classic_data_sheet,TrackMan,2010,5-wood,attack angle,attack_angle,-3.3,deg,group_mean,cross_verified,https://teeituprva.com/wp-content/uploads/2019/03/PGA-AVERAGES-INTERACTIVE.pdf;http://3jack.blogspot.com/2010/02/trackman-pga-lpga-tour-averages.html;https://hititlonger.com/trackman-data-pga-tour-averages/,
trackman_tour_averages_classic,tour_average,pga_tour,classic_data_sheet,TrackMan,2010,5-wood,ball speed,ball_speed,152,mph,group_mean,cross_verified,https://teeituprva.com/wp-content/uploads/2019/03/PGA-AVERAGES-INTERACTIVE.pdf;http://3jack.blogspot.com/2010/02/trackman-pga-lpga-tour-averages.html;https://hititlonger.com/trackman-data-pga-tour-averages/,
trackman_tour_averages_classic,tour_average,pga_tour,classic_data_sheet,TrackMan,2010,5-wood,smash factor,smash_factor,1.47,1,group_mean,cross_verified,https://teeituprva.com/wp-content/uploads/2019/03/PGA-AVERAGES-INTERACTIVE.pdf;http://3jack.blogspot.com/2010/02/trackman-pga-lpga-tour-averages.html;https://hititlonger.com/trackman-data-pga-tour-averages/,
trackman_tour_averages_classic,tour_average,pga_tour,classic_data_sheet,TrackMan,2010,5-wood,launch angle,launch_angle,9.4,deg,group_mean,cross_verified,https://teeituprva.com/wp-content/uploads/2019/03/PGA-AVERAGES-INTERACTIVE.pdf;http://3jack.blogspot.com/2010/02/trackman-pga-lpga-tour-averages.html;https://hititlonger.com/trackman-data-pga-tour-averages/,
trackman_tour_averages_classic,tour_average,pga_tour,classic_data_sheet,TrackMan,2010,5-wood,spin rate,spin_rate,4350,rpm,group_mean,cross_verified,https://teeituprva.com/wp-content/uploads/2019/03/PGA-AVERAGES-INTERACTIVE.pdf;http://3jack.blogspot.com/2010/02/trackman-pga-lpga-tour-averages.html;https://hititlonger.com/trackman-data-pga-tour-averages/,
trackman_tour_averages_classic,tour_average,pga_tour,classic_data_sheet,TrackMan,2010,5-wood,max height,apex_height,31,yd,group_mean,cross_verified,https://teeituprva.com/wp-content/uploads/2019/03/PGA-AVERAGES-INTERACTIVE.pdf;http://3jack.blogspot.com/2010/02/trackman-pga-lpga-tour-averages.html;https://hititlonger.com/trackman-data-pga-tour-averages/,
trackman_tour_averages_classic,tour_average,pga_tour,classic_data_sheet,TrackMan,2010,5-wood,land angle,descent_angle,47,deg,group_mean,cross_verified,https://teeituprva.com/wp-content/uploads/2019/03/PGA-AVERAGES-INTERACTIVE.pdf;http://3jack.blogspot.com/2010/02/trackman-pga-lpga-tour-averages.html;https://hititlonger.com/trackman-data-pga-tour-averages/,
trackman_tour_averages_classic,tour_average,pga_tour,classic_data_sheet,TrackMan,2010,5-wood,carry,carry_distance,230,yd,group_mean,cross_verified,https://teeituprva.com/wp-content/uploads/2019/03/PGA-AVERAGES-INTERACTIVE.pdf;http://3jack.blogspot.com/2010/02/trackman-pga-lpga-tour-averages.html;https://hititlonger.com/trackman-data-pga-tour-averages/,
trackman_tour_averages_classic,tour_average,pga_tour,classic_data_sheet,TrackMan,2010,Hybrid 15-18deg,club speed,club_speed,100,mph,group_mean,cross_verified,https://teeituprva.com/wp-content/uploads/2019/03/PGA-AVERAGES-INTERACTIVE.pdf;http://3jack.blogspot.com/2010/02/trackman-pga-lpga-tour-averages.html;https://hititlonger.com/trackman-data-pga-tour-averages/,
trackman_tour_averages_classic,tour_average,pga_tour,classic_data_sheet,TrackMan,2010,Hybrid 15-18deg,attack angle,attack_angle,-3.5,deg,group_mean,cross_verified,https://teeituprva.com/wp-content/uploads/2019/03/PGA-AVERAGES-INTERACTIVE.pdf;http://3jack.blogspot.com/2010/02/trackman-pga-lpga-tour-averages.html;https://hititlonger.com/trackman-data-pga-tour-averages/,2010 circulation lists -3.3; later official PDF lists -3.5
trackman_tour_averages_classic,tour_average,pga_tour,classic_data_sheet,TrackMan,2010,Hybrid 15-18deg,ball speed,ball_speed,146,mph,group_mean,cross_verified,https://teeituprva.com/wp-content/uploads/2019/03/PGA-AVERAGES-INTERACTIVE.pdf;http://3jack.blogspot.com/2010/02/trackman-pga-lpga-tour-averages.html;https://hititlonger.com/trackman-data-pga-tour-averages/,
trackman_tour_averages_classic,tour_average,pga_tour,classic_data_sheet,TrackMan,2010,Hybrid 15-18deg,smash factor,smash_factor,1.46,1,group_mean,cross_verified,https://teeituprva.com/wp-content/uploads/2019/03/PGA-AVERAGES-INTERACTIVE.pdf;http://3jack.blogspot.com/2010/02/trackman-pga-lpga-tour-averages.html;https://hititlonger.com/trackman-data-pga-tour-averages/,
trackman_tour_averages_classic,tour_average,pga_tour,classic_data_sheet,TrackMan,2010,Hybrid 15-18deg,launch angle,launch_angle,10.2,deg,group_mean,cross_verified,https://teeituprva.com/wp-content/uploads/2019/03/PGA-AVERAGES-INTERACTIVE.pdf;http://3jack.blogspot.com/2010/02/trackman-pga-lpga-tour-averages.html;https://hititlonger.com/trackman-data-pga-tour-averages/,
trackman_tour_averages_classic,tour_average,pga_tour,classic_data_sheet,TrackMan,2010,Hybrid 15-18deg,spin rate,spin_rate,4437,rpm,group_mean,cross_verified,https://teeituprva.com/wp-content/uploads/2019/03/PGA-AVERAGES-INTERACTIVE.pdf;http://3jack.blogspot.com/2010/02/trackman-pga-lpga-tour-averages.html;https://hititlonger.com/trackman-data-pga-tour-averages/,
trackman_tour_averages_classic,tour_average,pga_tour,classic_data_sheet,TrackMan,2010,Hybrid 15-18deg,max height,apex_height,29,yd,group_mean,cross_verified,https://teeituprva.com/wp-content/uploads/2019/03/PGA-AVERAGES-INTERACTIVE.pdf;http://3jack.blogspot.com/2010/02/trackman-pga-lpga-tour-averages.html;https://hititlonger.com/trackman-data-pga-tour-averages/,
trackman_tour_averages_classic,tour_average,pga_tour,classic_data_sheet,TrackMan,2010,Hybrid 15-18deg,land angle,descent_angle,47,deg,group_mean,cross_verified,https://teeituprva.com/wp-content/uploads/2019/03/PGA-AVERAGES-INTERACTIVE.pdf;http://3jack.blogspot.com/2010/02/trackman-pga-lpga-tour-averages.html;https://hititlonger.com/trackman-data-pga-tour-averages/,
trackman_tour_averages_classic,tour_average,pga_tour,classic_data_sheet,TrackMan,2010,Hybrid 15-18deg,carry,carry_distance,225,yd,group_mean,cross_verified,https://teeituprva.com/wp-content/uploads/2019/03/PGA-AVERAGES-INTERACTIVE.pdf;http://3jack.blogspot.com/2010/02/trackman-pga-lpga-tour-averages.html;https://hititlonger.com/trackman-data-pga-tour-averages/,
trackman_tour_averages_classic,tour_average,pga_tour,classic_data_sheet,TrackMan,2010,3-iron,club speed,club_speed,98,mph,group_mean,cross_verified,https://teeituprva.com/wp-content/uploads/2019/03/PGA-AVERAGES-INTERACTIVE.pdf;http://3jack.blogspot.com/2010/02/trackman-pga-lpga-tour-averages.html;https://hititlonger.com/trackman-data-pga-tour-averages/,
trackman_tour_averages_classic,tour_average,pga_tour,classic_data_sheet,TrackMan,2010,3-iron,attack angle,attack_angle,-3.1,deg,group_mean,cross_verified,https://teeituprva.com/wp-content/uploads/2019/03/PGA-AVERAGES-INTERACTIVE.pdf;http://3jack.blogspot.com/2010/02/trackman-pga-lpga-tour-averages.html;https://hititlonger.com/trackman-data-pga-tour-averages/,
trackman_tour_averages_classic,tour_average,pga_tour,classic_data_sheet,TrackMan,2010,3-iron,ball speed,ball_speed,142,mph,group_mean,cross_verified,https://teeituprva.com/wp-content/uploads/2019/03/PGA-AVERAGES-INTERACTIVE.pdf;http://3jack.blogspot.com/2010/02/trackman-pga-lpga-tour-averages.html;https://hititlonger.com/trackman-data-pga-tour-averages/,
trackman_tour_averages_classic,tour_average,pga_tour,classic_data_sheet,TrackMan,2010,3-iron,smash factor,smash_factor,1.45,1,group_mean,cross_verified,https://teeituprva.com/wp-content/uploads/2019/03/PGA-AVERAGES-INTERACTIVE.pdf;http://3jack.blogspot.com/2010/02/trackman-pga-lpga-tour-averages.html;https://hititlonger.com/trackman-data-pga-tour-averages/,
trackman_tour_averages_classic,tour_average,pga_tour,classic_data_sheet,TrackMan,2010,3-iron,launch angle,launch_angle,10.4,deg,group_mean,cross_verified,https://teeituprva.com/wp-content/uploads/2019/03/PGA-AVERAGES-INTERACTIVE.pdf;http://3jack.blogspot.com/2010/02/trackman-pga-lpga-tour-averages.html;https://hititlonger.com/trackman-data-pga-tour-averages/,
trackman_tour_averages_classic,tour_average,pga_tour,classic_data_sheet,TrackMan,2010,3-iron,spin rate,spin_rate,4630,rpm,group_mean,cross_verified,https://teeituprva.com/wp-content/uploads/2019/03/PGA-AVERAGES-INTERACTIVE.pdf;http://3jack.blogspot.com/2010/02/trackman-pga-lpga-tour-averages.html;https://hititlonger.com/trackman-data-pga-tour-averages/,2010 circulation lists 4640; later official PDF lists 4630
trackman_tour_averages_classic,tour_average,pga_tour,classic_data_sheet,TrackMan,2010,3-iron,max height,apex_height,27,yd,group_mean,cross_verified,https://teeituprva.com/wp-content/uploads/2019/03/PGA-AVERAGES-INTERACTIVE.pdf;http://3jack.blogspot.com/2010/02/trackman-pga-lpga-tour-averages.html;https://hititlonger.com/trackman-data-pga-tour-averages/,
trackman_tour_averages_classic,tour_average,pga_tour,classic_data_sheet,TrackMan,2010,3-iron,land angle,descent_angle,46,deg,group_mean,cross_verified,https://teeituprva.com/wp-content/uploads/2019/03/PGA-AVERAGES-INTERACTIVE.pdf;http://3jack.blogspot.com/2010/02/trackman-pga-lpga-tour-averages.html;https://hititlonger.com/trackman-data-pga-tour-averages/,
trackman_tour_averages_classic,tour_average,pga_tour,classic_data_sheet,TrackMan,2010,3-iron,carry,carry_distance,212,yd,group_mean,cross_verified,https://teeituprva.com/wp-content/uploads/2019/03/PGA-AVERAGES-INTERACTIVE.pdf;http://3jack.blogspot.com/2010/02/trackman-pga-lpga-tour-averages.html;https://hititlonger.com/trackman-data-pga-tour-averages/,
trackman_tour_averages_classic,tour_average,pga_tour,classic_data_sheet,TrackMan,2010,4-iron,club speed,club_speed,96,mph,group_mean,cross_verified,https://teeituprva.com/wp-content/uploads/2019/03/PGA-AVERAGES-INTERACTIVE.pdf;http://3jack.blogspot.com/2010/02/trackman-pga-lpga-tour-averages.html;https://hititlonger.com/trackman-data-pga-tour-averages/,
trackman_tour_averages_classic,tour_average,pga_tour,classic_data_sheet,TrackMan,2010,4-iron,attack angle,attack_angle,-3.4,deg,group_mean,cross_verified,https://teeituprva.com/wp-content/uploads/2019/03/PGA-AVERAGES-INTERACTIVE.pdf;http://3jack.blogspot.com/2010/02/trackman-pga-lpga-tour-averages.html;https://hititlonger.com/trackman-data-pga-tour-averages/,
trackman_tour_averages_classic,tour_average,pga_tour,classic_data_sheet,TrackMan,2010,4-iron,ball speed,ball_speed,137,mph,group_mean,cross_verified,https://teeituprva.com/wp-content/uploads/2019/03/PGA-AVERAGES-INTERACTIVE.pdf;http://3jack.blogspot.com/2010/02/trackman-pga-lpga-tour-averages.html;https://hititlonger.com/trackman-data-pga-tour-averages/,
trackman_tour_averages_classic,tour_average,pga_tour,classic_data_sheet,TrackMan,2010,4-iron,smash factor,smash_factor,1.43,1,group_mean,cross_verified,https://teeituprva.com/wp-content/uploads/2019/03/PGA-AVERAGES-INTERACTIVE.pdf;http://3jack.blogspot.com/2010/02/trackman-pga-lpga-tour-averages.html;https://hititlonger.com/trackman-data-pga-tour-averages/,
trackman_tour_averages_classic,tour_average,pga_tour,classic_data_sheet,TrackMan,2010,4-iron,launch angle,launch_angle,11.0,deg,group_mean,cross_verified,https://teeituprva.com/wp-content/uploads/2019/03/PGA-AVERAGES-INTERACTIVE.pdf;http://3jack.blogspot.com/2010/02/trackman-pga-lpga-tour-averages.html;https://hititlonger.com/trackman-data-pga-tour-averages/,
trackman_tour_averages_classic,tour_average,pga_tour,classic_data_sheet,TrackMan,2010,4-iron,spin rate,spin_rate,4836,rpm,group_mean,cross_verified,https://teeituprva.com/wp-content/uploads/2019/03/PGA-AVERAGES-INTERACTIVE.pdf;http://3jack.blogspot.com/2010/02/trackman-pga-lpga-tour-averages.html;https://hititlonger.com/trackman-data-pga-tour-averages/,
trackman_tour_averages_classic,tour_average,pga_tour,classic_data_sheet,TrackMan,2010,4-iron,max height,apex_height,28,yd,group_mean,cross_verified,https://teeituprva.com/wp-content/uploads/2019/03/PGA-AVERAGES-INTERACTIVE.pdf;http://3jack.blogspot.com/2010/02/trackman-pga-lpga-tour-averages.html;https://hititlonger.com/trackman-data-pga-tour-averages/,
trackman_tour_averages_classic,tour_average,pga_tour,classic_data_sheet,TrackMan,2010,4-iron,land angle,descent_angle,48,deg,group_mean,cross_verified,https://teeituprva.com/wp-content/uploads/2019/03/PGA-AVERAGES-INTERACTIVE.pdf;http://3jack.blogspot.com/2010/02/trackman-pga-lpga-tour-averages.html;https://hititlonger.com/trackman-data-pga-tour-averages/,
trackman_tour_averages_classic,tour_average,pga_tour,classic_data_sheet,TrackMan,2010,4-iron,carry,carry_distance,203,yd,group_mean,cross_verified,https://teeituprva.com/wp-content/uploads/2019/03/PGA-AVERAGES-INTERACTIVE.pdf;http://3jack.blogspot.com/2010/02/trackman-pga-lpga-tour-averages.html;https://hititlonger.com/trackman-data-pga-tour-averages/,
trackman_tour_averages_classic,tour_average,pga_tour,classic_data_sheet,TrackMan,2010,5-iron,club speed,club_speed,94,mph,group_mean,cross_verified,https://teeituprva.com/wp-content/uploads/2019/03/PGA-AVERAGES-INTERACTIVE.pdf;http://3jack.blogspot.com/2010/02/trackman-pga-lpga-tour-averages.html;https://hititlonger.com/trackman-data-pga-tour-averages/,
trackman_tour_averages_classic,tour_average,pga_tour,classic_data_sheet,TrackMan,2010,5-iron,attack angle,attack_angle,-3.7,deg,group_mean,cross_verified,https://teeituprva.com/wp-content/uploads/2019/03/PGA-AVERAGES-INTERACTIVE.pdf;http://3jack.blogspot.com/2010/02/trackman-pga-lpga-tour-averages.html;https://hititlonger.com/trackman-data-pga-tour-averages/,
trackman_tour_averages_classic,tour_average,pga_tour,classic_data_sheet,TrackMan,2010,5-iron,ball speed,ball_speed,132,mph,group_mean,cross_verified,https://teeituprva.com/wp-content/uploads/2019/03/PGA-AVERAGES-INTERACTIVE.pdf;http://3jack.blogspot.com/2010/02/trackman-pga-lpga-tour-averages.html;https://hititlonger.com/trackman-data-pga-tour-averages/,
trackman_tour_averages_classic,tour_average,pga_tour,classic_data_sheet,TrackMan,2010,5-iron,smash factor,smash_factor,1.41,1,group_mean,cross_verified,https://teeituprva.com/wp-content/uploads/2019/03/PGA-AVERAGES-INTERACTIVE.pdf;http://3jack.blogspot.com/2010/02/trackman-pga-lpga-tour-averages.html;https://hititlonger.com/trackman-data-pga-tour-averages/,
trackman_tour_averages_classic,tour_average,pga_tour,classic_data_sheet,TrackMan,2010,5-iron,launch angle,launch_angle,12.1,deg,group_mean,cross_verified,https://teeituprva.com/wp-content/uploads/2019/03/PGA-AVERAGES-INTERACTIVE.pdf;http://3jack.blogspot.com/2010/02/trackman-pga-lpga-tour-averages.html;https://hititlonger.com/trackman-data-pga-tour-averages/,
trackman_tour_averages_classic,tour_average,pga_tour,classic_data_sheet,TrackMan,2010,5-iron,spin rate,spin_rate,5361,rpm,group_mean,cross_verified,https://teeituprva.com/wp-content/uploads/2019/03/PGA-AVERAGES-INTERACTIVE.pdf;http://3jack.blogspot.com/2010/02/trackman-pga-lpga-tour-averages.html;https://hititlonger.com/trackman-data-pga-tour-averages/,
trackman_tour_averages_classic,tour_average,pga_tour,classic_data_sheet,TrackMan,2010,5-iron,max height,apex_height,31,yd,group_mean,cross_verified,https://teeituprva.com/wp-content/uploads/2019/03/PGA-AVERAGES-INTERACTIVE.pdf;http://3jack.blogspot.com/2010/02/trackman-pga-lpga-tour-averages.html;https://hititlonger.com/trackman-data-pga-tour-averages/,
trackman_tour_averages_classic,tour_average,pga_tour,classic_data_sheet,TrackMan,2010,5-iron,land angle,descent_angle,49,deg,group_mean,cross_verified,https://teeituprva.com/wp-content/uploads/2019/03/PGA-AVERAGES-INTERACTIVE.pdf;http://3jack.blogspot.com/2010/02/trackman-pga-lpga-tour-averages.html;https://hititlonger.com/trackman-data-pga-tour-averages/,
trackman_tour_averages_classic,tour_average,pga_tour,classic_data_sheet,TrackMan,2010,5-iron,carry,carry_distance,194,yd,group_mean,cross_verified,https://teeituprva.com/wp-content/uploads/2019/03/PGA-AVERAGES-INTERACTIVE.pdf;http://3jack.blogspot.com/2010/02/trackman-pga-lpga-tour-averages.html;https://hititlonger.com/trackman-data-pga-tour-averages/,
trackman_tour_averages_classic,tour_average,pga_tour,classic_data_sheet,TrackMan,2010,6-iron,club speed,club_speed,92,mph,group_mean,cross_verified,https://teeituprva.com/wp-content/uploads/2019/03/PGA-AVERAGES-INTERACTIVE.pdf;http://3jack.blogspot.com/2010/02/trackman-pga-lpga-tour-averages.html;https://hititlonger.com/trackman-data-pga-tour-averages/,
trackman_tour_averages_classic,tour_average,pga_tour,classic_data_sheet,TrackMan,2010,6-iron,attack angle,attack_angle,-4.1,deg,group_mean,cross_verified,https://teeituprva.com/wp-content/uploads/2019/03/PGA-AVERAGES-INTERACTIVE.pdf;http://3jack.blogspot.com/2010/02/trackman-pga-lpga-tour-averages.html;https://hititlonger.com/trackman-data-pga-tour-averages/,
trackman_tour_averages_classic,tour_average,pga_tour,classic_data_sheet,TrackMan,2010,6-iron,ball speed,ball_speed,127,mph,group_mean,cross_verified,https://teeituprva.com/wp-content/uploads/2019/03/PGA-AVERAGES-INTERACTIVE.pdf;http://3jack.blogspot.com/2010/02/trackman-pga-lpga-tour-averages.html;https://hititlonger.com/trackman-data-pga-tour-averages/,
trackman_tour_averages_classic,tour_average,pga_tour,classic_data_sheet,TrackMan,2010,6-iron,smash factor,smash_factor,1.38,1,group_mean,cross_verified,https://teeituprva.com/wp-content/uploads/2019/03/PGA-AVERAGES-INTERACTIVE.pdf;http://3jack.blogspot.com/2010/02/trackman-pga-lpga-tour-averages.html;https://hititlonger.com/trackman-data-pga-tour-averages/,
trackman_tour_averages_classic,tour_average,pga_tour,classic_data_sheet,TrackMan,2010,6-iron,launch angle,launch_angle,14.1,deg,group_mean,cross_verified,https://teeituprva.com/wp-content/uploads/2019/03/PGA-AVERAGES-INTERACTIVE.pdf;http://3jack.blogspot.com/2010/02/trackman-pga-lpga-tour-averages.html;https://hititlonger.com/trackman-data-pga-tour-averages/,
trackman_tour_averages_classic,tour_average,pga_tour,classic_data_sheet,TrackMan,2010,6-iron,spin rate,spin_rate,6231,rpm,group_mean,cross_verified,https://teeituprva.com/wp-content/uploads/2019/03/PGA-AVERAGES-INTERACTIVE.pdf;http://3jack.blogspot.com/2010/02/trackman-pga-lpga-tour-averages.html;https://hititlonger.com/trackman-data-pga-tour-averages/,
trackman_tour_averages_classic,tour_average,pga_tour,classic_data_sheet,TrackMan,2010,6-iron,max height,apex_height,30,yd,group_mean,cross_verified,https://teeituprva.com/wp-content/uploads/2019/03/PGA-AVERAGES-INTERACTIVE.pdf;http://3jack.blogspot.com/2010/02/trackman-pga-lpga-tour-averages.html;https://hititlonger.com/trackman-data-pga-tour-averages/,
trackman_tour_averages_classic,tour_average,pga_tour,classic_data_sheet,TrackMan,2010,6-iron,land angle,descent_angle,50,deg,group_mean,cross_verified,https://teeituprva.com/wp-content/uploads/2019/03/PGA-AVERAGES-INTERACTIVE.pdf;http://3jack.blogspot.com/2010/02/trackman-pga-lpga-tour-averages.html;https://hititlonger.com/trackman-data-pga-tour-averages/,
trackman_tour_averages_classic,tour_average,pga_tour,classic_data_sheet,TrackMan,2010,6-iron,carry,carry_distance,183,yd,group_mean,cross_verified,https://teeituprva.com/wp-content/uploads/2019/03/PGA-AVERAGES-INTERACTIVE.pdf;http://3jack.blogspot.com/2010/02/trackman-pga-lpga-tour-averages.html;https://hititlonger.com/trackman-data-pga-tour-averages/,
trackman_tour_averages_classic,tour_average,pga_tour,classic_data_sheet,TrackMan,2010,7-iron,club speed,club_speed,90,mph,group_mean,cross_verified,https://teeituprva.com/wp-content/uploads/2019/03/PGA-AVERAGES-INTERACTIVE.pdf;http://3jack.blogspot.com/2010/02/trackman-pga-lpga-tour-averages.html;https://hititlonger.com/trackman-data-pga-tour-averages/,
trackman_tour_averages_classic,tour_average,pga_tour,classic_data_sheet,TrackMan,2010,7-iron,attack angle,attack_angle,-4.3,deg,group_mean,cross_verified,https://teeituprva.com/wp-content/uploads/2019/03/PGA-AVERAGES-INTERACTIVE.pdf;http://3jack.blogspot.com/2010/02/trackman-pga-lpga-tour-averages.html;https://hititlonger.com/trackman-data-pga-tour-averages/,
trackman_tour_averages_classic,tour_average,pga_tour,classic_data_sheet,TrackMan,2010,7-iron,ball speed,ball_speed,120,mph,group_mean,cross_verified,https://teeituprva.com/wp-content/uploads/2019/03/PGA-AVERAGES-INTERACTIVE.pdf;http://3jack.blogspot.com/2010/02/trackman-pga-lpga-tour-averages.html;https://hititlonger.com/trackman-data-pga-tour-averages/,
trackman_tour_averages_classic,tour_average,pga_tour,classic_data_sheet,TrackMan,2010,7-iron,smash factor,smash_factor,1.33,1,group_mean,cross_verified,https://teeituprva.com/wp-content/uploads/2019/03/PGA-AVERAGES-INTERACTIVE.pdf;http://3jack.blogspot.com/2010/02/trackman-pga-lpga-tour-averages.html;https://hititlonger.com/trackman-data-pga-tour-averages/,
trackman_tour_averages_classic,tour_average,pga_tour,classic_data_sheet,TrackMan,2010,7-iron,launch angle,launch_angle,16.3,deg,group_mean,cross_verified,https://teeituprva.com/wp-content/uploads/2019/03/PGA-AVERAGES-INTERACTIVE.pdf;http://3jack.blogspot.com/2010/02/trackman-pga-lpga-tour-averages.html;https://hititlonger.com/trackman-data-pga-tour-averages/,
trackman_tour_averages_classic,tour_average,pga_tour,classic_data_sheet,TrackMan,2010,7-iron,spin rate,spin_rate,7097,rpm,group_mean,cross_verified,https://teeituprva.com/wp-content/uploads/2019/03/PGA-AVERAGES-INTERACTIVE.pdf;http://3jack.blogspot.com/2010/02/trackman-pga-lpga-tour-averages.html;https://hititlonger.com/trackman-data-pga-tour-averages/,
trackman_tour_averages_classic,tour_average,pga_tour,classic_data_sheet,TrackMan,2010,7-iron,max height,apex_height,32,yd,group_mean,cross_verified,https://teeituprva.com/wp-content/uploads/2019/03/PGA-AVERAGES-INTERACTIVE.pdf;http://3jack.blogspot.com/2010/02/trackman-pga-lpga-tour-averages.html;https://hititlonger.com/trackman-data-pga-tour-averages/,
trackman_tour_averages_classic,tour_average,pga_tour,classic_data_sheet,TrackMan,2010,7-iron,land angle,descent_angle,50,deg,group_mean,cross_verified,https://teeituprva.com/wp-content/uploads/2019/03/PGA-AVERAGES-INTERACTIVE.pdf;http://3jack.blogspot.com/2010/02/trackman-pga-lpga-tour-averages.html;https://hititlonger.com/trackman-data-pga-tour-averages/,
trackman_tour_averages_classic,tour_average,pga_tour,classic_data_sheet,TrackMan,2010,7-iron,carry,carry_distance,172,yd,group_mean,cross_verified,https://teeituprva.com/wp-content/uploads/2019/03/PGA-AVERAGES-INTERACTIVE.pdf;http://3jack.blogspot.com/2010/02/trackman-pga-lpga-tour-averages.html;https://hititlonger.com/trackman-data-pga-tour-averages/,
trackman_tour_averages_classic,tour_average,pga_tour,classic_data_sheet,TrackMan,2010,8-iron,club speed,club_speed,87,mph,group_mean,cross_verified,https://teeituprva.com/wp-content/uploads/2019/03/PGA-AVERAGES-INTERACTIVE.pdf;http://3jack.blogspot.com/2010/02/trackman-pga-lpga-tour-averages.html;https://hititlonger.com/trackman-data-pga-tour-averages/,
trackman_tour_averages_classic,tour_average,pga_tour,classic_data_sheet,TrackMan,2010,8-iron,attack angle,attack_angle,-4.5,deg,group_mean,cross_verified,https://teeituprva.com/wp-content/uploads/2019/03/PGA-AVERAGES-INTERACTIVE.pdf;http://3jack.blogspot.com/2010/02/trackman-pga-lpga-tour-averages.html;https://hititlonger.com/trackman-data-pga-tour-averages/,
trackman_tour_averages_classic,tour_average,pga_tour,classic_data_sheet,TrackMan,2010,8-iron,ball speed,ball_speed,115,mph,group_mean,cross_verified,https://teeituprva.com/wp-content/uploads/2019/03/PGA-AVERAGES-INTERACTIVE.pdf;http://3jack.blogspot.com/2010/02/trackman-pga-lpga-tour-averages.html;https://hititlonger.com/trackman-data-pga-tour-averages/,
trackman_tour_averages_classic,tour_average,pga_tour,classic_data_sheet,TrackMan,2010,8-iron,smash factor,smash_factor,1.32,1,group_mean,cross_verified,https://teeituprva.com/wp-content/uploads/2019/03/PGA-AVERAGES-INTERACTIVE.pdf;http://3jack.blogspot.com/2010/02/trackman-pga-lpga-tour-averages.html;https://hititlonger.com/trackman-data-pga-tour-averages/,
trackman_tour_averages_classic,tour_average,pga_tour,classic_data_sheet,TrackMan,2010,8-iron,launch angle,launch_angle,18.1,deg,group_mean,cross_verified,https://teeituprva.com/wp-content/uploads/2019/03/PGA-AVERAGES-INTERACTIVE.pdf;http://3jack.blogspot.com/2010/02/trackman-pga-lpga-tour-averages.html;https://hititlonger.com/trackman-data-pga-tour-averages/,
trackman_tour_averages_classic,tour_average,pga_tour,classic_data_sheet,TrackMan,2010,8-iron,spin rate,spin_rate,7998,rpm,group_mean,cross_verified,https://teeituprva.com/wp-content/uploads/2019/03/PGA-AVERAGES-INTERACTIVE.pdf;http://3jack.blogspot.com/2010/02/trackman-pga-lpga-tour-averages.html;https://hititlonger.com/trackman-data-pga-tour-averages/,
trackman_tour_averages_classic,tour_average,pga_tour,classic_data_sheet,TrackMan,2010,8-iron,max height,apex_height,31,yd,group_mean,cross_verified,https://teeituprva.com/wp-content/uploads/2019/03/PGA-AVERAGES-INTERACTIVE.pdf;http://3jack.blogspot.com/2010/02/trackman-pga-lpga-tour-averages.html;https://hititlonger.com/trackman-data-pga-tour-averages/,
trackman_tour_averages_classic,tour_average,pga_tour,classic_data_sheet,TrackMan,2010,8-iron,land angle,descent_angle,50,deg,group_mean,cross_verified,https://teeituprva.com/wp-content/uploads/2019/03/PGA-AVERAGES-INTERACTIVE.pdf;http://3jack.blogspot.com/2010/02/trackman-pga-lpga-tour-averages.html;https://hititlonger.com/trackman-data-pga-tour-averages/,one republication reads 51
trackman_tour_averages_classic,tour_average,pga_tour,classic_data_sheet,TrackMan,2010,8-iron,carry,carry_distance,160,yd,group_mean,cross_verified,https://teeituprva.com/wp-content/uploads/2019/03/PGA-AVERAGES-INTERACTIVE.pdf;http://3jack.blogspot.com/2010/02/trackman-pga-lpga-tour-averages.html;https://hititlonger.com/trackman-data-pga-tour-averages/,
trackman_tour_averages_classic,tour_average,pga_tour,classic_data_sheet,TrackMan,2010,9-iron,club speed,club_speed,85,mph,group_mean,cross_verified,https://teeituprva.com/wp-content/uploads/2019/03/PGA-AVERAGES-INTERACTIVE.pdf;http://3jack.blogspot.com/2010/02/trackman-pga-lpga-tour-averages.html;https://hititlonger.com/trackman-data-pga-tour-averages/,
trackman_tour_averages_classic,tour_average,pga_tour,classic_data_sheet,TrackMan,2010,9-iron,attack angle,attack_angle,-4.7,deg,group_mean,cross_verified,https://teeituprva.com/wp-content/uploads/2019/03/PGA-AVERAGES-INTERACTIVE.pdf;http://3jack.blogspot.com/2010/02/trackman-pga-lpga-tour-averages.html;https://hititlonger.com/trackman-data-pga-tour-averages/,
trackman_tour_averages_classic,tour_average,pga_tour,classic_data_sheet,TrackMan,2010,9-iron,ball speed,ball_speed,109,mph,group_mean,cross_verified,https://teeituprva.com/wp-content/uploads/2019/03/PGA-AVERAGES-INTERACTIVE.pdf;http://3jack.blogspot.com/2010/02/trackman-pga-lpga-tour-averages.html;https://hititlonger.com/trackman-data-pga-tour-averages/,
trackman_tour_averages_classic,tour_average,pga_tour,classic_data_sheet,TrackMan,2010,9-iron,smash factor,smash_factor,1.28,1,group_mean,cross_verified,https://teeituprva.com/wp-content/uploads/2019/03/PGA-AVERAGES-INTERACTIVE.pdf;http://3jack.blogspot.com/2010/02/trackman-pga-lpga-tour-averages.html;https://hititlonger.com/trackman-data-pga-tour-averages/,
trackman_tour_averages_classic,tour_average,pga_tour,classic_data_sheet,TrackMan,2010,9-iron,launch angle,launch_angle,20.4,deg,group_mean,cross_verified,https://teeituprva.com/wp-content/uploads/2019/03/PGA-AVERAGES-INTERACTIVE.pdf;http://3jack.blogspot.com/2010/02/trackman-pga-lpga-tour-averages.html;https://hititlonger.com/trackman-data-pga-tour-averages/,
trackman_tour_averages_classic,tour_average,pga_tour,classic_data_sheet,TrackMan,2010,9-iron,spin rate,spin_rate,8647,rpm,group_mean,cross_verified,https://teeituprva.com/wp-content/uploads/2019/03/PGA-AVERAGES-INTERACTIVE.pdf;http://3jack.blogspot.com/2010/02/trackman-pga-lpga-tour-averages.html;https://hititlonger.com/trackman-data-pga-tour-averages/,
trackman_tour_averages_classic,tour_average,pga_tour,classic_data_sheet,TrackMan,2010,9-iron,max height,apex_height,30,yd,group_mean,cross_verified,https://teeituprva.com/wp-content/uploads/2019/03/PGA-AVERAGES-INTERACTIVE.pdf;http://3jack.blogspot.com/2010/02/trackman-pga-lpga-tour-averages.html;https://hititlonger.com/trackman-data-pga-tour-averages/,
trackman_tour_averages_classic,tour_average,pga_tour,classic_data_sheet,TrackMan,2010,9-iron,land angle,descent_angle,51,deg,group_mean,cross_verified,https://teeituprva.com/wp-content/uploads/2019/03/PGA-AVERAGES-INTERACTIVE.pdf;http://3jack.blogspot.com/2010/02/trackman-pga-lpga-tour-averages.html;https://hititlonger.com/trackman-data-pga-tour-averages/,
trackman_tour_averages_classic,tour_average,pga_tour,classic_data_sheet,TrackMan,2010,9-iron,carry,carry_distance,148,yd,group_mean,cross_verified,https://teeituprva.com/wp-content/uploads/2019/03/PGA-AVERAGES-INTERACTIVE.pdf;http://3jack.blogspot.com/2010/02/trackman-pga-lpga-tour-averages.html;https://hititlonger.com/trackman-data-pga-tour-averages/,
trackman_tour_averages_classic,tour_average,pga_tour,classic_data_sheet,TrackMan,2010,PW,club speed,club_speed,83,mph,group_mean,cross_verified,https://teeituprva.com/wp-content/uploads/2019/03/PGA-AVERAGES-INTERACTIVE.pdf;http://3jack.blogspot.com/2010/02/trackman-pga-lpga-tour-averages.html;https://hititlonger.com/trackman-data-pga-tour-averages/,
trackman_tour_averages_classic,tour_average,pga_tour,classic_data_sheet,TrackMan,2010,PW,attack angle,attack_angle,-5.0,deg,group_mean,cross_verified,https://teeituprva.com/wp-content/uploads/2019/03/PGA-AVERAGES-INTERACTIVE.pdf;http://3jack.blogspot.com/2010/02/trackman-pga-lpga-tour-averages.html;https://hititlonger.com/trackman-data-pga-tour-averages/,
trackman_tour_averages_classic,tour_average,pga_tour,classic_data_sheet,TrackMan,2010,PW,ball speed,ball_speed,102,mph,group_mean,cross_verified,https://teeituprva.com/wp-content/uploads/2019/03/PGA-AVERAGES-INTERACTIVE.pdf;http://3jack.blogspot.com/2010/02/trackman-pga-lpga-tour-averages.html;https://hititlonger.com/trackman-data-pga-tour-averages/,
trackman_tour_averages_classic,tour_average,pga_tour,classic_data_sheet,TrackMan,2010,PW,smash factor,smash_factor,1.23,1,group_mean,cross_verified,https://teeituprva.com/wp-content/uploads/2019/03/PGA-AVERAGES-INTERACTIVE.pdf;http://3jack.blogspot.com/2010/02/trackman-pga-lpga-tour-averages.html;https://hititlonger.com/trackman-data-pga-tour-averages/,
trackman_tour_averages_classic,tour_average,pga_tour,classic_data_sheet,TrackMan,2010,PW,launch angle,launch_angle,24.2,deg,group_mean,cross_verified,https://teeituprva.com/wp-content/uploads/2019/03/PGA-AVERAGES-INTERACTIVE.pdf;http://3jack.blogspot.com/2010/02/trackman-pga-lpga-tour-averages.html;https://hititlonger.com/trackman-data-pga-tour-averages/,
trackman_tour_averages_classic,tour_average,pga_tour,classic_data_sheet,TrackMan,2010,PW,spin rate,spin_rate,9304,rpm,group_mean,cross_verified,https://teeituprva.com/wp-content/uploads/2019/03/PGA-AVERAGES-INTERACTIVE.pdf;http://3jack.blogspot.com/2010/02/trackman-pga-lpga-tour-averages.html;https://hititlonger.com/trackman-data-pga-tour-averages/,
trackman_tour_averages_classic,tour_average,pga_tour,classic_data_sheet,TrackMan,2010,PW,max height,apex_height,29,yd,group_mean,cross_verified,https://teeituprva.com/wp-content/uploads/2019/03/PGA-AVERAGES-INTERACTIVE.pdf;http://3jack.blogspot.com/2010/02/trackman-pga-lpga-tour-averages.html;https://hititlonger.com/trackman-data-pga-tour-averages/,
trackman_tour_averages_classic,tour_average,pga_tour,classic_data_sheet,TrackMan,2010,PW,land angle,descent_angle,52,deg,group_mean,cross_verified,https://teeituprva.com/wp-content/uploads/2019/03/PGA-AVERAGES-INTERACTIVE.pdf;http://3jack.blogspot.com/2010/02/trackman-pga-lpga-tour-averages.html;https://hititlonger.com/trackman-data-pga-tour-averages/,
trackman_tour_averages_classic,tour_average,pga_tour,classic_data_sheet,TrackMan,2010,PW,carry,carry_distance,136,yd,group_mean,cross_verified,https://teeituprva.com/wp-content/uploads/2019/03/PGA-AVERAGES-INTERACTIVE.pdf;http://3jack.blogspot.com/2010/02/trackman-pga-lpga-tour-averages.html;https://hititlonger.com/trackman-data-pga-tour-averages/,
trackman_tour_averages_classic,tour_average,lpga_tour,classic_data_sheet,TrackMan,2010,Driver,club speed,club_speed,94,mph,group_mean,cross_verified,https://teeituprva.com/wp-content/uploads/2019/03/LPGA-AVERAGES-INTERACTIVE.pdf;http://3jack.blogspot.com/2010/02/trackman-pga-lpga-tour-averages.html;https://thegolfmine.com/lpga-trackman-averages/,
trackman_tour_averages_classic,tour_average,lpga_tour,classic_data_sheet,TrackMan,2010,Driver,attack angle,attack_angle,3.0,deg,group_mean,cross_verified,https://teeituprva.com/wp-content/uploads/2019/03/LPGA-AVERAGES-INTERACTIVE.pdf;http://3jack.blogspot.com/2010/02/trackman-pga-lpga-tour-averages.html;https://thegolfmine.com/lpga-trackman-averages/,
trackman_tour_averages_classic,tour_average,lpga_tour,classic_data_sheet,TrackMan,2010,Driver,ball speed,ball_speed,140,mph,group_mean,cross_verified,https://teeituprva.com/wp-content/uploads/2019/03/LPGA-AVERAGES-INTERACTIVE.pdf;http://3jack.blogspot.com/2010/02/trackman-pga-lpga-tour-averages.html;https://thegolfmine.com/lpga-trackman-averages/,
trackman_tour_averages_classic,tour_average,lpga_tour,classic_data_sheet,TrackMan,2010,Driver,smash factor,smash_factor,1.48,1,group_mean,cross_verified,https://teeituprva.com/wp-content/uploads/2019/03/LPGA-AVERAGES-INTERACTIVE.pdf;http://3jack.blogspot.com/2010/02/trackman-pga-lpga-tour-averages.html;https://thegolfmine.com/lpga-trackman-averages/,
trackman_tour_averages_classic,tour_average,lpga_tour,classic_data_sheet,TrackMan,2010,Driver,launch angle,launch_angle,13.2,deg,group_mean,cross_verified,https://teeituprva.com/wp-content/uploads/2019/03/LPGA-AVERAGES-INTERACTIVE.pdf;http://3jack.blogspot.com/2010/02/trackman-pga-lpga-tour-averages.html;https://thegolfmine.com/lpga-trackman-averages/,
trackman_tour_averages_classic,tour_average,lpga_tour,classic_data_sheet,TrackMan,2010,Driver,spin rate,spin_rate,2611,rpm,group_mean,cross_verified,https://teeituprva.com/wp-content/uploads/2019/03/LPGA-AVERAGES-INTERACTIVE.pdf;http://3jack.blogspot.com/2010/02/trackman-pga-lpga-tour-averages.html;https://thegolfmine.com/lpga-trackman-averages/,
trackman_tour_averages_classic,tour_average,lpga_tour,classic_data_sheet,TrackMan,2010,Driver,max height,apex_height,25,yd,group_mean,cross_verified,https://teeituprva.com/wp-content/uploads/2019/03/LPGA-AVERAGES-INTERACTIVE.pdf;http://3jack.blogspot.com/2010/02/trackman-pga-lpga-tour-averages.html;https://thegolfmine.com/lpga-trackman-averages/,
trackman_tour_averages_classic,tour_average,lpga_tour,classic_data_sheet,TrackMan,2010,Driver,land angle,descent_angle,37,deg,group_mean,cross_verified,https://teeituprva.com/wp-content/uploads/2019/03/LPGA-AVERAGES-INTERACTIVE.pdf;http://3jack.blogspot.com/2010/02/trackman-pga-lpga-tour-averages.html;https://thegolfmine.com/lpga-trackman-averages/,
trackman_tour_averages_classic,tour_average,lpga_tour,classic_data_sheet,TrackMan,2010,Driver,carry,carry_distance,218,yd,group_mean,cross_verified,https://teeituprva.com/wp-content/uploads/2019/03/LPGA-AVERAGES-INTERACTIVE.pdf;http://3jack.blogspot.com/2010/02/trackman-pga-lpga-tour-averages.html;https://thegolfmine.com/lpga-trackman-averages/,
trackman_tour_averages_classic,tour_average,lpga_tour,classic_data_sheet,TrackMan,2010,3-wood,club speed,club_speed,90,mph,group_mean,cross_verified,https://teeituprva.com/wp-content/uploads/2019/03/LPGA-AVERAGES-INTERACTIVE.pdf;http://3jack.blogspot.com/2010/02/trackman-pga-lpga-tour-averages.html;https://thegolfmine.com/lpga-trackman-averages/,
trackman_tour_averages_classic,tour_average,lpga_tour,classic_data_sheet,TrackMan,2010,3-wood,attack angle,attack_angle,-0.9,deg,group_mean,cross_verified,https://teeituprva.com/wp-content/uploads/2019/03/LPGA-AVERAGES-INTERACTIVE.pdf;http://3jack.blogspot.com/2010/02/trackman-pga-lpga-tour-averages.html;https://thegolfmine.com/lpga-trackman-averages/,
trackman_tour_averages_classic,tour_average,lpga_tour,classic_data_sheet,TrackMan,2010,3-wood,ball speed,ball_speed,132,mph,group_mean,cross_verified,https://teeituprva.com/wp-content/uploads/2019/03/LPGA-AVERAGES-INTERACTIVE.pdf;http://3jack.blogspot.com/2010/02/trackman-pga-lpga-tour-averages.html;https://thegolfmine.com/lpga-trackman-averages/,
trackman_tour_averages_classic,tour_average,lpga_tour,classic_data_sheet,TrackMan,2010,3-wood,smash factor,smash_factor,1.47,1,group_mean,cross_verified,https://teeituprva.com/wp-content/uploads/2019/03/LPGA-AVERAGES-INTERACTIVE.pdf;http://3jack.blogspot.com/2010/02/trackman-pga-lpga-tour-averages.html;https://thegolfmine.com/lpga-trackman-averages/,one snippet rendered 1.48
trackman_tour_averages_classic,tour_average,lpga_tour,classic_data_sheet,TrackMan,2010,3-wood,launch angle,launch_angle,11.2,deg,group_mean,cross_verified,https://teeituprva.com/wp-content/uploads/2019/03/LPGA-AVERAGES-INTERACTIVE.pdf;http://3jack.blogspot.com/2010/02/trackman-pga-lpga-tour-averages.html;https://thegolfmine.com/lpga-trackman-averages/,
trackman_tour_averages_classic,tour_average,lpga_tour,classic_data_sheet,TrackMan,2010,3-wood,spin rate,spin_rate,2704,rpm,group_mean,cross_verified,https://teeituprva.com/wp-content/uploads/2019/03/LPGA-AVERAGES-INTERACTIVE.pdf;http://3jack.blogspot.com/2010/02/trackman-pga-lpga-tour-averages.html;https://thegolfmine.com/lpga-trackman-averages/,
trackman_tour_averages_classic,tour_average,lpga_tour,classic_data_sheet,TrackMan,2010,3-wood,max height,apex_height,23,yd,group_mean,single_source,https://teeituprva.com/wp-content/uploads/2019/03/LPGA-AVERAGES-INTERACTIVE.pdf;http://3jack.blogspot.com/2010/02/trackman-pga-lpga-tour-averages.html;https://thegolfmine.com/lpga-trackman-averages/,
trackman_tour_averages_classic,tour_average,lpga_tour,classic_data_sheet,TrackMan,2010,3-wood,land angle,descent_angle,39,deg,group_mean,cross_verified,https://teeituprva.com/wp-content/uploads/2019/03/LPGA-AVERAGES-INTERACTIVE.pdf;http://3jack.blogspot.com/2010/02/trackman-pga-lpga-tour-averages.html;https://thegolfmine.com/lpga-trackman-averages/,
trackman_tour_averages_classic,tour_average,lpga_tour,classic_data_sheet,TrackMan,2010,3-wood,carry,carry_distance,195,yd,group_mean,cross_verified,https://teeituprva.com/wp-content/uploads/2019/03/LPGA-AVERAGES-INTERACTIVE.pdf;http://3jack.blogspot.com/2010/02/trackman-pga-lpga-tour-averages.html;https://thegolfmine.com/lpga-trackman-averages/,
trackman_tour_averages_classic,tour_average,lpga_tour,classic_data_sheet,TrackMan,2010,5-wood,club speed,club_speed,88,mph,group_mean,cross_verified,https://teeituprva.com/wp-content/uploads/2019/03/LPGA-AVERAGES-INTERACTIVE.pdf;http://3jack.blogspot.com/2010/02/trackman-pga-lpga-tour-averages.html;https://thegolfmine.com/lpga-trackman-averages/,
trackman_tour_averages_classic,tour_average,lpga_tour,classic_data_sheet,TrackMan,2010,5-wood,attack angle,attack_angle,-1.8,deg,group_mean,cross_verified,https://teeituprva.com/wp-content/uploads/2019/03/LPGA-AVERAGES-INTERACTIVE.pdf;http://3jack.blogspot.com/2010/02/trackman-pga-lpga-tour-averages.html;https://thegolfmine.com/lpga-trackman-averages/,
trackman_tour_averages_classic,tour_average,lpga_tour,classic_data_sheet,TrackMan,2010,5-wood,ball speed,ball_speed,128,mph,group_mean,cross_verified,https://teeituprva.com/wp-content/uploads/2019/03/LPGA-AVERAGES-INTERACTIVE.pdf;http://3jack.blogspot.com/2010/02/trackman-pga-lpga-tour-averages.html;https://thegolfmine.com/lpga-trackman-averages/,
trackman_tour_averages_classic,tour_average,lpga_tour,classic_data_sheet,TrackMan,2010,5-wood,smash factor,smash_factor,1.47,1,group_mean,single_source,https://teeituprva.com/wp-content/uploads/2019/03/LPGA-AVERAGES-INTERACTIVE.pdf;http://3jack.blogspot.com/2010/02/trackman-pga-lpga-tour-averages.html;https://thegolfmine.com/lpga-trackman-averages/,
trackman_tour_averages_classic,tour_average,lpga_tour,classic_data_sheet,TrackMan,2010,5-wood,launch angle,launch_angle,12.1,deg,group_mean,single_source,https://teeituprva.com/wp-content/uploads/2019/03/LPGA-AVERAGES-INTERACTIVE.pdf;http://3jack.blogspot.com/2010/02/trackman-pga-lpga-tour-averages.html;https://thegolfmine.com/lpga-trackman-averages/,
trackman_tour_averages_classic,tour_average,lpga_tour,classic_data_sheet,TrackMan,2010,5-wood,spin rate,spin_rate,4501,rpm,group_mean,cross_verified,https://teeituprva.com/wp-content/uploads/2019/03/LPGA-AVERAGES-INTERACTIVE.pdf;http://3jack.blogspot.com/2010/02/trackman-pga-lpga-tour-averages.html;https://thegolfmine.com/lpga-trackman-averages/,
trackman_tour_averages_classic,tour_average,lpga_tour,classic_data_sheet,TrackMan,2010,5-wood,max height,apex_height,26,yd,group_mean,single_source,https://teeituprva.com/wp-content/uploads/2019/03/LPGA-AVERAGES-INTERACTIVE.pdf;http://3jack.blogspot.com/2010/02/trackman-pga-lpga-tour-averages.html;https://thegolfmine.com/lpga-trackman-averages/,
trackman_tour_averages_classic,tour_average,lpga_tour,classic_data_sheet,TrackMan,2010,5-wood,land angle,descent_angle,43,deg,group_mean,single_source,https://teeituprva.com/wp-content/uploads/2019/03/LPGA-AVERAGES-INTERACTIVE.pdf;http://3jack.blogspot.com/2010/02/trackman-pga-lpga-tour-averages.html;https://thegolfmine.com/lpga-trackman-averages/,
trackman_tour_averages_classic,tour_average,lpga_tour,classic_data_sheet,TrackMan,2010,5-wood,carry,carry_distance,185,yd,group_mean,cross_verified,https://teeituprva.com/wp-content/uploads/2019/03/LPGA-AVERAGES-INTERACTIVE.pdf;http://3jack.blogspot.com/2010/02/trackman-pga-lpga-tour-averages.html;https://thegolfmine.com/lpga-trackman-averages/,
trackman_tour_averages_classic,tour_average,lpga_tour,classic_data_sheet,TrackMan,2010,7-wood,club speed,club_speed,85,mph,group_mean,cross_verified,https://teeituprva.com/wp-content/uploads/2019/03/LPGA-AVERAGES-INTERACTIVE.pdf;http://3jack.blogspot.com/2010/02/trackman-pga-lpga-tour-averages.html;https://thegolfmine.com/lpga-trackman-averages/,
trackman_tour_averages_classic,tour_average,lpga_tour,classic_data_sheet,TrackMan,2010,7-wood,attack angle,attack_angle,-3.0,deg,group_mean,cross_verified,https://teeituprva.com/wp-content/uploads/2019/03/LPGA-AVERAGES-INTERACTIVE.pdf;http://3jack.blogspot.com/2010/02/trackman-pga-lpga-tour-averages.html;https://thegolfmine.com/lpga-trackman-averages/,
trackman_tour_averages_classic,tour_average,lpga_tour,classic_data_sheet,TrackMan,2010,7-wood,ball speed,ball_speed,123,mph,group_mean,cross_verified,https://teeituprva.com/wp-content/uploads/2019/03/LPGA-AVERAGES-INTERACTIVE.pdf;http://3jack.blogspot.com/2010/02/trackman-pga-lpga-tour-averages.html;https://thegolfmine.com/lpga-trackman-averages/,
trackman_tour_averages_classic,tour_average,lpga_tour,classic_data_sheet,TrackMan,2010,7-wood,smash factor,smash_factor,1.45,1,group_mean,cross_verified,https://teeituprva.com/wp-content/uploads/2019/03/LPGA-AVERAGES-INTERACTIVE.pdf;http://3jack.blogspot.com/2010/02/trackman-pga-lpga-tour-averages.html;https://thegolfmine.com/lpga-trackman-averages/,one snippet rendered 1.46; 123/85 computes 1.447
trackman_tour_averages_classic,tour_average,lpga_tour,classic_data_sheet,TrackMan,2010,7-wood,launch angle,launch_angle,12.7,deg,group_mean,cross_verified,https://teeituprva.com/wp-content/uploads/2019/03/LPGA-AVERAGES-INTERACTIVE.pdf;http://3jack.blogspot.com/2010/02/trackman-pga-lpga-tour-averages.html;https://thegolfmine.com/lpga-trackman-averages/,
trackman_tour_averages_classic,tour_average,lpga_tour,classic_data_sheet,TrackMan,2010,7-wood,spin rate,spin_rate,4693,rpm,group_mean,cross_verified,https://teeituprva.com/wp-content/uploads/2019/03/LPGA-AVERAGES-INTERACTIVE.pdf;http://3jack.blogspot.com/2010/02/trackman-pga-lpga-tour-averages.html;https://thegolfmine.com/lpga-trackman-averages/,
trackman_tour_averages_classic,tour_average,lpga_tour,classic_data_sheet,TrackMan,2010,7-wood,max height,apex_height,25,yd,group_mean,cross_verified,https://teeituprva.com/wp-content/uploads/2019/03/LPGA-AVERAGES-INTERACTIVE.pdf;http://3jack.blogspot.com/2010/02/trackman-pga-lpga-tour-averages.html;https://thegolfmine.com/lpga-trackman-averages/,
trackman_tour_averages_classic,tour_average,lpga_tour,classic_data_sheet,TrackMan,2010,7-wood,land angle,descent_angle,46,deg,group_mean,cross_verified,https://teeituprva.com/wp-content/uploads/2019/03/LPGA-AVERAGES-INTERACTIVE.pdf;http://3jack.blogspot.com/2010/02/trackman-pga-lpga-tour-averages.html;https://thegolfmine.com/lpga-trackman-averages/,
trackman_tour_averages_classic,tour_average,lpga_tour,classic_data_sheet,TrackMan,2010,7-wood,carry,carry_distance,174,yd,group_mean,cross_verified,https://teeituprva.com/wp-content/uploads/2019/03/LPGA-AVERAGES-INTERACTIVE.pdf;http://3jack.blogspot.com/2010/02/trackman-pga-lpga-tour-averages.html;https://thegolfmine.com/lpga-trackman-averages/,
trackman_tour_averages_classic,tour_average,lpga_tour,classic_data_sheet,TrackMan,2010,4-iron,club speed,club_speed,80,mph,group_mean,cross_verified,https://teeituprva.com/wp-content/uploads/2019/03/LPGA-AVERAGES-INTERACTIVE.pdf;http://3jack.blogspot.com/2010/02/trackman-pga-lpga-tour-averages.html;https://thegolfmine.com/lpga-trackman-averages/,
trackman_tour_averages_classic,tour_average,lpga_tour,classic_data_sheet,TrackMan,2010,4-iron,attack angle,attack_angle,-1.7,deg,group_mean,cross_verified,https://teeituprva.com/wp-content/uploads/2019/03/LPGA-AVERAGES-INTERACTIVE.pdf;http://3jack.blogspot.com/2010/02/trackman-pga-lpga-tour-averages.html;https://thegolfmine.com/lpga-trackman-averages/,
trackman_tour_averages_classic,tour_average,lpga_tour,classic_data_sheet,TrackMan,2010,4-iron,ball speed,ball_speed,116,mph,group_mean,cross_verified,https://teeituprva.com/wp-content/uploads/2019/03/LPGA-AVERAGES-INTERACTIVE.pdf;http://3jack.blogspot.com/2010/02/trackman-pga-lpga-tour-averages.html;https://thegolfmine.com/lpga-trackman-averages/,
trackman_tour_averages_classic,tour_average,lpga_tour,classic_data_sheet,TrackMan,2010,4-iron,smash factor,smash_factor,1.45,1,group_mean,single_source,https://teeituprva.com/wp-content/uploads/2019/03/LPGA-AVERAGES-INTERACTIVE.pdf;http://3jack.blogspot.com/2010/02/trackman-pga-lpga-tour-averages.html;https://thegolfmine.com/lpga-trackman-averages/,
trackman_tour_averages_classic,tour_average,lpga_tour,classic_data_sheet,TrackMan,2010,4-iron,launch angle,launch_angle,14.3,deg,group_mean,cross_verified,https://teeituprva.com/wp-content/uploads/2019/03/LPGA-AVERAGES-INTERACTIVE.pdf;http://3jack.blogspot.com/2010/02/trackman-pga-lpga-tour-averages.html;https://thegolfmine.com/lpga-trackman-averages/,
trackman_tour_averages_classic,tour_average,lpga_tour,classic_data_sheet,TrackMan,2010,4-iron,spin rate,spin_rate,4801,rpm,group_mean,cross_verified,https://teeituprva.com/wp-content/uploads/2019/03/LPGA-AVERAGES-INTERACTIVE.pdf;http://3jack.blogspot.com/2010/02/trackman-pga-lpga-tour-averages.html;https://thegolfmine.com/lpga-trackman-averages/,
trackman_tour_averages_classic,tour_average,lpga_tour,classic_data_sheet,TrackMan,2010,4-iron,max height,apex_height,24,yd,group_mean,single_source,https://teeituprva.com/wp-content/uploads/2019/03/LPGA-AVERAGES-INTERACTIVE.pdf;http://3jack.blogspot.com/2010/02/trackman-pga-lpga-tour-averages.html;https://thegolfmine.com/lpga-trackman-averages/,
trackman_tour_averages_classic,tour_average,lpga_tour,classic_data_sheet,TrackMan,2010,4-iron,land angle,descent_angle,43,deg,group_mean,single_source,https://teeituprva.com/wp-content/uploads/2019/03/LPGA-AVERAGES-INTERACTIVE.pdf;http://3jack.blogspot.com/2010/02/trackman-pga-lpga-tour-averages.html;https://thegolfmine.com/lpga-trackman-averages/,
trackman_tour_averages_classic,tour_average,lpga_tour,classic_data_sheet,TrackMan,2010,4-iron,carry,carry_distance,169,yd,group_mean,cross_verified,https://teeituprva.com/wp-content/uploads/2019/03/LPGA-AVERAGES-INTERACTIVE.pdf;http://3jack.blogspot.com/2010/02/trackman-pga-lpga-tour-averages.html;https://thegolfmine.com/lpga-trackman-averages/,
trackman_tour_averages_classic,tour_average,lpga_tour,classic_data_sheet,TrackMan,2010,5-iron,club speed,club_speed,79,mph,group_mean,cross_verified,https://teeituprva.com/wp-content/uploads/2019/03/LPGA-AVERAGES-INTERACTIVE.pdf;http://3jack.blogspot.com/2010/02/trackman-pga-lpga-tour-averages.html;https://thegolfmine.com/lpga-trackman-averages/,
trackman_tour_averages_classic,tour_average,lpga_tour,classic_data_sheet,TrackMan,2010,5-iron,attack angle,attack_angle,-1.9,deg,group_mean,cross_verified,https://teeituprva.com/wp-content/uploads/2019/03/LPGA-AVERAGES-INTERACTIVE.pdf;http://3jack.blogspot.com/2010/02/trackman-pga-lpga-tour-averages.html;https://thegolfmine.com/lpga-trackman-averages/,
trackman_tour_averages_classic,tour_average,lpga_tour,classic_data_sheet,TrackMan,2010,5-iron,ball speed,ball_speed,112,mph,group_mean,cross_verified,https://teeituprva.com/wp-content/uploads/2019/03/LPGA-AVERAGES-INTERACTIVE.pdf;http://3jack.blogspot.com/2010/02/trackman-pga-lpga-tour-averages.html;https://thegolfmine.com/lpga-trackman-averages/,
trackman_tour_averages_classic,tour_average,lpga_tour,classic_data_sheet,TrackMan,2010,5-iron,smash factor,smash_factor,1.42,1,group_mean,single_source,https://teeituprva.com/wp-content/uploads/2019/03/LPGA-AVERAGES-INTERACTIVE.pdf;http://3jack.blogspot.com/2010/02/trackman-pga-lpga-tour-averages.html;https://thegolfmine.com/lpga-trackman-averages/,
trackman_tour_averages_classic,tour_average,lpga_tour,classic_data_sheet,TrackMan,2010,5-iron,launch angle,launch_angle,14.8,deg,group_mean,cross_verified,https://teeituprva.com/wp-content/uploads/2019/03/LPGA-AVERAGES-INTERACTIVE.pdf;http://3jack.blogspot.com/2010/02/trackman-pga-lpga-tour-averages.html;https://thegolfmine.com/lpga-trackman-averages/,
trackman_tour_averages_classic,tour_average,lpga_tour,classic_data_sheet,TrackMan,2010,5-iron,spin rate,spin_rate,5081,rpm,group_mean,cross_verified,https://teeituprva.com/wp-content/uploads/2019/03/LPGA-AVERAGES-INTERACTIVE.pdf;http://3jack.blogspot.com/2010/02/trackman-pga-lpga-tour-averages.html;https://thegolfmine.com/lpga-trackman-averages/,
trackman_tour_averages_classic,tour_average,lpga_tour,classic_data_sheet,TrackMan,2010,5-iron,max height,apex_height,23,yd,group_mean,single_source,https://teeituprva.com/wp-content/uploads/2019/03/LPGA-AVERAGES-INTERACTIVE.pdf;http://3jack.blogspot.com/2010/02/trackman-pga-lpga-tour-averages.html;https://thegolfmine.com/lpga-trackman-averages/,
trackman_tour_averages_classic,tour_average,lpga_tour,classic_data_sheet,TrackMan,2010,5-iron,land angle,descent_angle,45,deg,group_mean,single_source,https://teeituprva.com/wp-content/uploads/2019/03/LPGA-AVERAGES-INTERACTIVE.pdf;http://3jack.blogspot.com/2010/02/trackman-pga-lpga-tour-averages.html;https://thegolfmine.com/lpga-trackman-averages/,
trackman_tour_averages_classic,tour_average,lpga_tour,classic_data_sheet,TrackMan,2010,5-iron,carry,carry_distance,161,yd,group_mean,cross_verified,https://teeituprva.com/wp-content/uploads/2019/03/LPGA-AVERAGES-INTERACTIVE.pdf;http://3jack.blogspot.com/2010/02/trackman-pga-lpga-tour-averages.html;https://thegolfmine.com/lpga-trackman-averages/,
trackman_tour_averages_classic,tour_average,lpga_tour,classic_data_sheet,TrackMan,2010,6-iron,club speed,club_speed,78,mph,group_mean,cross_verified,https://teeituprva.com/wp-content/uploads/2019/03/LPGA-AVERAGES-INTERACTIVE.pdf;http://3jack.blogspot.com/2010/02/trackman-pga-lpga-tour-averages.html;https://thegolfmine.com/lpga-trackman-averages/,
trackman_tour_averages_classic,tour_average,lpga_tour,classic_data_sheet,TrackMan,2010,6-iron,attack angle,attack_angle,-2.3,deg,group_mean,cross_verified,https://teeituprva.com/wp-content/uploads/2019/03/LPGA-AVERAGES-INTERACTIVE.pdf;http://3jack.blogspot.com/2010/02/trackman-pga-lpga-tour-averages.html;https://thegolfmine.com/lpga-trackman-averages/,
trackman_tour_averages_classic,tour_average,lpga_tour,classic_data_sheet,TrackMan,2010,6-iron,ball speed,ball_speed,109,mph,group_mean,cross_verified,https://teeituprva.com/wp-content/uploads/2019/03/LPGA-AVERAGES-INTERACTIVE.pdf;http://3jack.blogspot.com/2010/02/trackman-pga-lpga-tour-averages.html;https://thegolfmine.com/lpga-trackman-averages/,
trackman_tour_averages_classic,tour_average,lpga_tour,classic_data_sheet,TrackMan,2010,6-iron,smash factor,smash_factor,1.39,1,group_mean,single_source,https://teeituprva.com/wp-content/uploads/2019/03/LPGA-AVERAGES-INTERACTIVE.pdf;http://3jack.blogspot.com/2010/02/trackman-pga-lpga-tour-averages.html;https://thegolfmine.com/lpga-trackman-averages/,
trackman_tour_averages_classic,tour_average,lpga_tour,classic_data_sheet,TrackMan,2010,6-iron,launch angle,launch_angle,17.1,deg,group_mean,cross_verified,https://teeituprva.com/wp-content/uploads/2019/03/LPGA-AVERAGES-INTERACTIVE.pdf;http://3jack.blogspot.com/2010/02/trackman-pga-lpga-tour-averages.html;https://thegolfmine.com/lpga-trackman-averages/,
trackman_tour_averages_classic,tour_average,lpga_tour,classic_data_sheet,TrackMan,2010,6-iron,spin rate,spin_rate,5943,rpm,group_mean,cross_verified,https://teeituprva.com/wp-content/uploads/2019/03/LPGA-AVERAGES-INTERACTIVE.pdf;http://3jack.blogspot.com/2010/02/trackman-pga-lpga-tour-averages.html;https://thegolfmine.com/lpga-trackman-averages/,
trackman_tour_averages_classic,tour_average,lpga_tour,classic_data_sheet,TrackMan,2010,6-iron,max height,apex_height,25,yd,group_mean,single_source,https://teeituprva.com/wp-content/uploads/2019/03/LPGA-AVERAGES-INTERACTIVE.pdf;http://3jack.blogspot.com/2010/02/trackman-pga-lpga-tour-averages.html;https://thegolfmine.com/lpga-trackman-averages/,
trackman_tour_averages_classic,tour_average,lpga_tour,classic_data_sheet,TrackMan,2010,6-iron,land angle,descent_angle,46,deg,group_mean,single_source,https://teeituprva.com/wp-content/uploads/2019/03/LPGA-AVERAGES-INTERACTIVE.pdf;http://3jack.blogspot.com/2010/02/trackman-pga-lpga-tour-averages.html;https://thegolfmine.com/lpga-trackman-averages/,
trackman_tour_averages_classic,tour_average,lpga_tour,classic_data_sheet,TrackMan,2010,6-iron,carry,carry_distance,152,yd,group_mean,cross_verified,https://teeituprva.com/wp-content/uploads/2019/03/LPGA-AVERAGES-INTERACTIVE.pdf;http://3jack.blogspot.com/2010/02/trackman-pga-lpga-tour-averages.html;https://thegolfmine.com/lpga-trackman-averages/,
trackman_tour_averages_classic,tour_average,lpga_tour,classic_data_sheet,TrackMan,2010,7-iron,club speed,club_speed,76,mph,group_mean,cross_verified,https://teeituprva.com/wp-content/uploads/2019/03/LPGA-AVERAGES-INTERACTIVE.pdf;http://3jack.blogspot.com/2010/02/trackman-pga-lpga-tour-averages.html;https://thegolfmine.com/lpga-trackman-averages/,
trackman_tour_averages_classic,tour_average,lpga_tour,classic_data_sheet,TrackMan,2010,7-iron,attack angle,attack_angle,-2.3,deg,group_mean,cross_verified,https://teeituprva.com/wp-content/uploads/2019/03/LPGA-AVERAGES-INTERACTIVE.pdf;http://3jack.blogspot.com/2010/02/trackman-pga-lpga-tour-averages.html;https://thegolfmine.com/lpga-trackman-averages/,
trackman_tour_averages_classic,tour_average,lpga_tour,classic_data_sheet,TrackMan,2010,7-iron,ball speed,ball_speed,104,mph,group_mean,cross_verified,https://teeituprva.com/wp-content/uploads/2019/03/LPGA-AVERAGES-INTERACTIVE.pdf;http://3jack.blogspot.com/2010/02/trackman-pga-lpga-tour-averages.html;https://thegolfmine.com/lpga-trackman-averages/,
trackman_tour_averages_classic,tour_average,lpga_tour,classic_data_sheet,TrackMan,2010,7-iron,smash factor,smash_factor,1.37,1,group_mean,cross_verified,https://teeituprva.com/wp-content/uploads/2019/03/LPGA-AVERAGES-INTERACTIVE.pdf;http://3jack.blogspot.com/2010/02/trackman-pga-lpga-tour-averages.html;https://thegolfmine.com/lpga-trackman-averages/,one republication lists 1.38
trackman_tour_averages_classic,tour_average,lpga_tour,classic_data_sheet,TrackMan,2010,7-iron,launch angle,launch_angle,19.0,deg,group_mean,cross_verified,https://teeituprva.com/wp-content/uploads/2019/03/LPGA-AVERAGES-INTERACTIVE.pdf;http://3jack.blogspot.com/2010/02/trackman-pga-lpga-tour-averages.html;https://thegolfmine.com/lpga-trackman-averages/,
trackman_tour_averages_classic,tour_average,lpga_tour,classic_data_sheet,TrackMan,2010,7-iron,spin rate,spin_rate,6699,rpm,group_mean,cross_verified,https://teeituprva.com/wp-content/uploads/2019/03/LPGA-AVERAGES-INTERACTIVE.pdf;http://3jack.blogspot.com/2010/02/trackman-pga-lpga-tour-averages.html;https://thegolfmine.com/lpga-trackman-averages/,
trackman_tour_averages_classic,tour_average,lpga_tour,classic_data_sheet,TrackMan,2010,7-iron,max height,apex_height,26,yd,group_mean,single_source,https://teeituprva.com/wp-content/uploads/2019/03/LPGA-AVERAGES-INTERACTIVE.pdf;http://3jack.blogspot.com/2010/02/trackman-pga-lpga-tour-averages.html;https://thegolfmine.com/lpga-trackman-averages/,
trackman_tour_averages_classic,tour_average,lpga_tour,classic_data_sheet,TrackMan,2010,7-iron,land angle,descent_angle,47,deg,group_mean,cross_verified,https://teeituprva.com/wp-content/uploads/2019/03/LPGA-AVERAGES-INTERACTIVE.pdf;http://3jack.blogspot.com/2010/02/trackman-pga-lpga-tour-averages.html;https://thegolfmine.com/lpga-trackman-averages/,
trackman_tour_averages_classic,tour_average,lpga_tour,classic_data_sheet,TrackMan,2010,7-iron,carry,carry_distance,141,yd,group_mean,cross_verified,https://teeituprva.com/wp-content/uploads/2019/03/LPGA-AVERAGES-INTERACTIVE.pdf;http://3jack.blogspot.com/2010/02/trackman-pga-lpga-tour-averages.html;https://thegolfmine.com/lpga-trackman-averages/,
trackman_tour_averages_classic,tour_average,lpga_tour,classic_data_sheet,TrackMan,2010,8-iron,club speed,club_speed,74,mph,group_mean,cross_verified,https://teeituprva.com/wp-content/uploads/2019/03/LPGA-AVERAGES-INTERACTIVE.pdf;http://3jack.blogspot.com/2010/02/trackman-pga-lpga-tour-averages.html;https://thegolfmine.com/lpga-trackman-averages/,
trackman_tour_averages_classic,tour_average,lpga_tour,classic_data_sheet,TrackMan,2010,8-iron,attack angle,attack_angle,-3.1,deg,group_mean,cross_verified,https://teeituprva.com/wp-content/uploads/2019/03/LPGA-AVERAGES-INTERACTIVE.pdf;http://3jack.blogspot.com/2010/02/trackman-pga-lpga-tour-averages.html;https://thegolfmine.com/lpga-trackman-averages/,
trackman_tour_averages_classic,tour_average,lpga_tour,classic_data_sheet,TrackMan,2010,8-iron,ball speed,ball_speed,100,mph,group_mean,cross_verified,https://teeituprva.com/wp-content/uploads/2019/03/LPGA-AVERAGES-INTERACTIVE.pdf;http://3jack.blogspot.com/2010/02/trackman-pga-lpga-tour-averages.html;https://thegolfmine.com/lpga-trackman-averages/,
trackman_tour_averages_classic,tour_average,lpga_tour,classic_data_sheet,TrackMan,2010,8-iron,smash factor,smash_factor,1.35,1,group_mean,single_source,https://teeituprva.com/wp-content/uploads/2019/03/LPGA-AVERAGES-INTERACTIVE.pdf;http://3jack.blogspot.com/2010/02/trackman-pga-lpga-tour-averages.html;https://thegolfmine.com/lpga-trackman-averages/,
trackman_tour_averages_classic,tour_average,lpga_tour,classic_data_sheet,TrackMan,2010,8-iron,launch angle,launch_angle,20.8,deg,group_mean,cross_verified,https://teeituprva.com/wp-content/uploads/2019/03/LPGA-AVERAGES-INTERACTIVE.pdf;http://3jack.blogspot.com/2010/02/trackman-pga-lpga-tour-averages.html;https://thegolfmine.com/lpga-trackman-averages/,
trackman_tour_averages_classic,tour_average,lpga_tour,classic_data_sheet,TrackMan,2010,8-iron,spin rate,spin_rate,7494,rpm,group_mean,cross_verified,https://teeituprva.com/wp-content/uploads/2019/03/LPGA-AVERAGES-INTERACTIVE.pdf;http://3jack.blogspot.com/2010/02/trackman-pga-lpga-tour-averages.html;https://thegolfmine.com/lpga-trackman-averages/,
trackman_tour_averages_classic,tour_average,lpga_tour,classic_data_sheet,TrackMan,2010,8-iron,max height,apex_height,25,yd,group_mean,single_source,https://teeituprva.com/wp-content/uploads/2019/03/LPGA-AVERAGES-INTERACTIVE.pdf;http://3jack.blogspot.com/2010/02/trackman-pga-lpga-tour-averages.html;https://thegolfmine.com/lpga-trackman-averages/,
trackman_tour_averages_classic,tour_average,lpga_tour,classic_data_sheet,TrackMan,2010,8-iron,land angle,descent_angle,47,deg,group_mean,single_source,https://teeituprva.com/wp-content/uploads/2019/03/LPGA-AVERAGES-INTERACTIVE.pdf;http://3jack.blogspot.com/2010/02/trackman-pga-lpga-tour-averages.html;https://thegolfmine.com/lpga-trackman-averages/,
trackman_tour_averages_classic,tour_average,lpga_tour,classic_data_sheet,TrackMan,2010,8-iron,carry,carry_distance,130,yd,group_mean,cross_verified,https://teeituprva.com/wp-content/uploads/2019/03/LPGA-AVERAGES-INTERACTIVE.pdf;http://3jack.blogspot.com/2010/02/trackman-pga-lpga-tour-averages.html;https://thegolfmine.com/lpga-trackman-averages/,
trackman_tour_averages_classic,tour_average,lpga_tour,classic_data_sheet,TrackMan,2010,9-iron,club speed,club_speed,72,mph,group_mean,cross_verified,https://teeituprva.com/wp-content/uploads/2019/03/LPGA-AVERAGES-INTERACTIVE.pdf;http://3jack.blogspot.com/2010/02/trackman-pga-lpga-tour-averages.html;https://thegolfmine.com/lpga-trackman-averages/,
trackman_tour_averages_classic,tour_average,lpga_tour,classic_data_sheet,TrackMan,2010,9-iron,attack angle,attack_angle,-3.1,deg,group_mean,cross_verified,https://teeituprva.com/wp-content/uploads/2019/03/LPGA-AVERAGES-INTERACTIVE.pdf;http://3jack.blogspot.com/2010/02/trackman-pga-lpga-tour-averages.html;https://thegolfmine.com/lpga-trackman-averages/,
trackman_tour_averages_classic,tour_average,lpga_tour,classic_data_sheet,TrackMan,2010,9-iron,ball speed,ball_speed,93,mph,group_mean,cross_verified,https://teeituprva.com/wp-content/uploads/2019/03/LPGA-AVERAGES-INTERACTIVE.pdf;http://3jack.blogspot.com/2010/02/trackman-pga-lpga-tour-averages.html;https://thegolfmine.com/lpga-trackman-averages/,
trackman_tour_averages_classic,tour_average,lpga_tour,classic_data_sheet,TrackMan,2010,9-iron,smash factor,smash_factor,1.28,1,group_mean,single_source,https://teeituprva.com/wp-content/uploads/2019/03/LPGA-AVERAGES-INTERACTIVE.pdf;http://3jack.blogspot.com/2010/02/trackman-pga-lpga-tour-averages.html;https://thegolfmine.com/lpga-trackman-averages/,
trackman_tour_averages_classic,tour_average,lpga_tour,classic_data_sheet,TrackMan,2010,9-iron,launch angle,launch_angle,23.9,deg,group_mean,cross_verified,https://teeituprva.com/wp-content/uploads/2019/03/LPGA-AVERAGES-INTERACTIVE.pdf;http://3jack.blogspot.com/2010/02/trackman-pga-lpga-tour-averages.html;https://thegolfmine.com/lpga-trackman-averages/,
trackman_tour_averages_classic,tour_average,lpga_tour,classic_data_sheet,TrackMan,2010,9-iron,spin rate,spin_rate,7589,rpm,group_mean,cross_verified,https://teeituprva.com/wp-content/uploads/2019/03/LPGA-AVERAGES-INTERACTIVE.pdf;http://3jack.blogspot.com/2010/02/trackman-pga-lpga-tour-averages.html;https://thegolfmine.com/lpga-trackman-averages/,
trackman_tour_averages_classic,tour_average,lpga_tour,classic_data_sheet,TrackMan,2010,9-iron,max height,apex_height,26,yd,group_mean,single_source,https://teeituprva.com/wp-content/uploads/2019/03/LPGA-AVERAGES-INTERACTIVE.pdf;http://3jack.blogspot.com/2010/02/trackman-pga-lpga-tour-averages.html;https://thegolfmine.com/lpga-trackman-averages/,
trackman_tour_averages_classic,tour_average,lpga_tour,classic_data_sheet,TrackMan,2010,9-iron,land angle,descent_angle,47,deg,group_mean,single_source,https://teeituprva.com/wp-content/uploads/2019/03/LPGA-AVERAGES-INTERACTIVE.pdf;http://3jack.blogspot.com/2010/02/trackman-pga-lpga-tour-averages.html;https://thegolfmine.com/lpga-trackman-averages/,
trackman_tour_averages_classic,tour_average,lpga_tour,classic_data_sheet,TrackMan,2010,9-iron,carry,carry_distance,119,yd,group_mean,cross_verified,https://teeituprva.com/wp-content/uploads/2019/03/LPGA-AVERAGES-INTERACTIVE.pdf;http://3jack.blogspot.com/2010/02/trackman-pga-lpga-tour-averages.html;https://thegolfmine.com/lpga-trackman-averages/,
trackman_tour_averages_classic,tour_average,lpga_tour,classic_data_sheet,TrackMan,2010,PW,club speed,club_speed,70,mph,group_mean,cross_verified,https://teeituprva.com/wp-content/uploads/2019/03/LPGA-AVERAGES-INTERACTIVE.pdf;http://3jack.blogspot.com/2010/02/trackman-pga-lpga-tour-averages.html;https://thegolfmine.com/lpga-trackman-averages/,
trackman_tour_averages_classic,tour_average,lpga_tour,classic_data_sheet,TrackMan,2010,PW,attack angle,attack_angle,-2.8,deg,group_mean,cross_verified,https://teeituprva.com/wp-content/uploads/2019/03/LPGA-AVERAGES-INTERACTIVE.pdf;http://3jack.blogspot.com/2010/02/trackman-pga-lpga-tour-averages.html;https://thegolfmine.com/lpga-trackman-averages/,
trackman_tour_averages_classic,tour_average,lpga_tour,classic_data_sheet,TrackMan,2010,PW,ball speed,ball_speed,86,mph,group_mean,cross_verified,https://teeituprva.com/wp-content/uploads/2019/03/LPGA-AVERAGES-INTERACTIVE.pdf;http://3jack.blogspot.com/2010/02/trackman-pga-lpga-tour-averages.html;https://thegolfmine.com/lpga-trackman-averages/,
trackman_tour_averages_classic,tour_average,lpga_tour,classic_data_sheet,TrackMan,2010,PW,smash factor,smash_factor,1.23,1,group_mean,cross_verified,https://teeituprva.com/wp-content/uploads/2019/03/LPGA-AVERAGES-INTERACTIVE.pdf;http://3jack.blogspot.com/2010/02/trackman-pga-lpga-tour-averages.html;https://thegolfmine.com/lpga-trackman-averages/,
trackman_tour_averages_classic,tour_average,lpga_tour,classic_data_sheet,TrackMan,2010,PW,launch angle,launch_angle,25.6,deg,group_mean,cross_verified,https://teeituprva.com/wp-content/uploads/2019/03/LPGA-AVERAGES-INTERACTIVE.pdf;http://3jack.blogspot.com/2010/02/trackman-pga-lpga-tour-averages.html;https://thegolfmine.com/lpga-trackman-averages/,one snippet rendered 25.7
trackman_tour_averages_classic,tour_average,lpga_tour,classic_data_sheet,TrackMan,2010,PW,spin rate,spin_rate,8403,rpm,group_mean,cross_verified,https://teeituprva.com/wp-content/uploads/2019/03/LPGA-AVERAGES-INTERACTIVE.pdf;http://3jack.blogspot.com/2010/02/trackman-pga-lpga-tour-averages.html;https://thegolfmine.com/lpga-trackman-averages/,
trackman_tour_averages_classic,tour_average,lpga_tour,classic_data_sheet,TrackMan,2010,PW,max height,apex_height,23,yd,group_mean,cross_verified,https://teeituprva.com/wp-content/uploads/2019/03/LPGA-AVERAGES-INTERACTIVE.pdf;http://3jack.blogspot.com/2010/02/trackman-pga-lpga-tour-averages.html;https://thegolfmine.com/lpga-trackman-averages/,
trackman_tour_averages_classic,tour_average,lpga_tour,classic_data_sheet,TrackMan,2010,PW,land angle,descent_angle,48,deg,group_mean,cross_verified,https://teeituprva.com/wp-content/uploads/2019/03/LPGA-AVERAGES-INTERACTIVE.pdf;http://3jack.blogspot.com/2010/02/trackman-pga-lpga-tour-averages.html;https://thegolfmine.com/lpga-trackman-averages/,
trackman_tour_averages_classic,tour_average,lpga_tour,classic_data_sheet,TrackMan,2010,PW,carry,carry_distance,107,yd,group_mean,cross_verified,https://teeituprva.com/wp-content/uploads/2019/03/LPGA-AVERAGES-INTERACTIVE.pdf;http://3jack.blogspot.com/2010/02/trackman-pga-lpga-tour-averages.html;https://thegolfmine.com/lpga-trackman-averages/,
trackman_tour_averages_2023,tour_average,pga_tour,insights_2024_update,TrackMan,2023,Driver,club speed,club_speed,115,mph,group_mean,cross_verified,https://www.trackman.com/blog/introducing-updated-tour-averages;https://golf.com/instruction/driving/this-is-how-far-pga-and-lpga-tour-players-hit-it-with-every-club/;https://www.golfmonthly.com/tour/how-far-pga-tour-players-hit-every-club-in-the-bag,
trackman_tour_averages_2023,tour_average,pga_tour,insights_2024_update,TrackMan,2023,Driver,attack angle,attack_angle,-0.9,deg,group_mean,cross_verified,https://www.trackman.com/blog/introducing-updated-tour-averages;https://golf.com/instruction/driving/this-is-how-far-pga-and-lpga-tour-players-hit-it-with-every-club/;https://www.golfmonthly.com/tour/how-far-pga-tour-players-hit-every-club-in-the-bag,
trackman_tour_averages_2023,tour_average,pga_tour,insights_2024_update,TrackMan,2023,Driver,ball speed,ball_speed,171,mph,group_mean,cross_verified,https://www.trackman.com/blog/introducing-updated-tour-averages;https://golf.com/instruction/driving/this-is-how-far-pga-and-lpga-tour-players-hit-it-with-every-club/;https://www.golfmonthly.com/tour/how-far-pga-tour-players-hit-every-club-in-the-bag,
trackman_tour_averages_2023,tour_average,pga_tour,insights_2024_update,TrackMan,2023,Driver,smash factor,smash_factor,1.49,1,group_mean,cross_verified,https://www.trackman.com/blog/introducing-updated-tour-averages;https://golf.com/instruction/driving/this-is-how-far-pga-and-lpga-tour-players-hit-it-with-every-club/;https://www.golfmonthly.com/tour/how-far-pga-tour-players-hit-every-club-in-the-bag,
trackman_tour_averages_2023,tour_average,pga_tour,insights_2024_update,TrackMan,2023,Driver,launch angle,launch_angle,10.4,deg,group_mean,cross_verified,https://www.trackman.com/blog/introducing-updated-tour-averages;https://golf.com/instruction/driving/this-is-how-far-pga-and-lpga-tour-players-hit-it-with-every-club/;https://www.golfmonthly.com/tour/how-far-pga-tour-players-hit-every-club-in-the-bag,
trackman_tour_averages_2023,tour_average,pga_tour,insights_2024_update,TrackMan,2023,Driver,spin rate,spin_rate,2545,rpm,group_mean,cross_verified,https://www.trackman.com/blog/introducing-updated-tour-averages;https://golf.com/instruction/driving/this-is-how-far-pga-and-lpga-tour-players-hit-it-with-every-club/;https://www.golfmonthly.com/tour/how-far-pga-tour-players-hit-every-club-in-the-bag,
trackman_tour_averages_2023,tour_average,pga_tour,insights_2024_update,TrackMan,2023,Driver,max height,apex_height,32,m,group_mean,cross_verified,https://www.trackman.com/blog/introducing-updated-tour-averages;https://golf.com/instruction/driving/this-is-how-far-pga-and-lpga-tour-players-hit-it-with-every-club/;https://www.golfmonthly.com/tour/how-far-pga-tour-players-hit-every-club-in-the-bag,
trackman_tour_averages_2023,tour_average,pga_tour,insights_2024_update,TrackMan,2023,Driver,land angle,descent_angle,39,deg,group_mean,cross_verified,https://www.trackman.com/blog/introducing-updated-tour-averages;https://golf.com/instruction/driving/this-is-how-far-pga-and-lpga-tour-players-hit-it-with-every-club/;https://www.golfmonthly.com/tour/how-far-pga-tour-players-hit-every-club-in-the-bag,
trackman_tour_averages_2023,tour_average,pga_tour,insights_2024_update,TrackMan,2023,Driver,carry,carry_distance,258,m,group_mean,cross_verified,https://www.trackman.com/blog/introducing-updated-tour-averages;https://golf.com/instruction/driving/this-is-how-far-pga-and-lpga-tour-players-hit-it-with-every-club/;https://www.golfmonthly.com/tour/how-far-pga-tour-players-hit-every-club-in-the-bag,
trackman_tour_averages_2023,tour_average,pga_tour,insights_2024_update,TrackMan,2023,3-wood,club speed,club_speed,110,mph,group_mean,cross_verified,https://www.trackman.com/blog/introducing-updated-tour-averages;https://golf.com/instruction/driving/this-is-how-far-pga-and-lpga-tour-players-hit-it-with-every-club/;https://www.golfmonthly.com/tour/how-far-pga-tour-players-hit-every-club-in-the-bag,
trackman_tour_averages_2023,tour_average,pga_tour,insights_2024_update,TrackMan,2023,3-wood,attack angle,attack_angle,-2.3,deg,group_mean,cross_verified,https://www.trackman.com/blog/introducing-updated-tour-averages;https://golf.com/instruction/driving/this-is-how-far-pga-and-lpga-tour-players-hit-it-with-every-club/;https://www.golfmonthly.com/tour/how-far-pga-tour-players-hit-every-club-in-the-bag,
trackman_tour_averages_2023,tour_average,pga_tour,insights_2024_update,TrackMan,2023,3-wood,ball speed,ball_speed,162,mph,group_mean,cross_verified,https://www.trackman.com/blog/introducing-updated-tour-averages;https://golf.com/instruction/driving/this-is-how-far-pga-and-lpga-tour-players-hit-it-with-every-club/;https://www.golfmonthly.com/tour/how-far-pga-tour-players-hit-every-club-in-the-bag,
trackman_tour_averages_2023,tour_average,pga_tour,insights_2024_update,TrackMan,2023,3-wood,smash factor,smash_factor,1.47,1,group_mean,cross_verified,https://www.trackman.com/blog/introducing-updated-tour-averages;https://golf.com/instruction/driving/this-is-how-far-pga-and-lpga-tour-players-hit-it-with-every-club/;https://www.golfmonthly.com/tour/how-far-pga-tour-players-hit-every-club-in-the-bag,
trackman_tour_averages_2023,tour_average,pga_tour,insights_2024_update,TrackMan,2023,3-wood,launch angle,launch_angle,9.3,deg,group_mean,cross_verified,https://www.trackman.com/blog/introducing-updated-tour-averages;https://golf.com/instruction/driving/this-is-how-far-pga-and-lpga-tour-players-hit-it-with-every-club/;https://www.golfmonthly.com/tour/how-far-pga-tour-players-hit-every-club-in-the-bag,
trackman_tour_averages_2023,tour_average,pga_tour,insights_2024_update,TrackMan,2023,3-wood,spin rate,spin_rate,3663,rpm,group_mean,cross_verified,https://www.trackman.com/blog/introducing-updated-tour-averages;https://golf.com/instruction/driving/this-is-how-far-pga-and-lpga-tour-players-hit-it-with-every-club/;https://www.golfmonthly.com/tour/how-far-pga-tour-players-hit-every-club-in-the-bag,
trackman_tour_averages_2023,tour_average,pga_tour,insights_2024_update,TrackMan,2023,3-wood,max height,apex_height,29,m,group_mean,cross_verified,https://www.trackman.com/blog/introducing-updated-tour-averages;https://golf.com/instruction/driving/this-is-how-far-pga-and-lpga-tour-players-hit-it-with-every-club/;https://www.golfmonthly.com/tour/how-far-pga-tour-players-hit-every-club-in-the-bag,
trackman_tour_averages_2023,tour_average,pga_tour,insights_2024_update,TrackMan,2023,3-wood,land angle,descent_angle,44,deg,group_mean,cross_verified,https://www.trackman.com/blog/introducing-updated-tour-averages;https://golf.com/instruction/driving/this-is-how-far-pga-and-lpga-tour-players-hit-it-with-every-club/;https://www.golfmonthly.com/tour/how-far-pga-tour-players-hit-every-club-in-the-bag,
trackman_tour_averages_2023,tour_average,pga_tour,insights_2024_update,TrackMan,2023,3-wood,carry,carry_distance,228,m,group_mean,cross_verified,https://www.trackman.com/blog/introducing-updated-tour-averages;https://golf.com/instruction/driving/this-is-how-far-pga-and-lpga-tour-players-hit-it-with-every-club/;https://www.golfmonthly.com/tour/how-far-pga-tour-players-hit-every-club-in-the-bag,
trackman_tour_averages_2023,tour_average,pga_tour,insights_2024_update,TrackMan,2023,5-wood,club speed,club_speed,106,mph,group_mean,cross_verified,https://www.trackman.com/blog/introducing-updated-tour-averages;https://golf.com/instruction/driving/this-is-how-far-pga-and-lpga-tour-players-hit-it-with-every-club/;https://www.golfmonthly.com/tour/how-far-pga-tour-players-hit-every-club-in-the-bag,
trackman_tour_averages_2023,tour_average,pga_tour,insights_2024_update,TrackMan,2023,5-wood,attack angle,attack_angle,-2.5,deg,group_mean,cross_verified,https://www.trackman.com/blog/introducing-updated-tour-averages;https://golf.com/instruction/driving/this-is-how-far-pga-and-lpga-tour-players-hit-it-with-every-club/;https://www.golfmonthly.com/tour/how-far-pga-tour-players-hit-every-club-in-the-bag,
trackman_tour_averages_2023,tour_average,pga_tour,insights_2024_update,TrackMan,2023,5-wood,ball speed,ball_speed,156,mph,group_mean,cross_verified,https://www.trackman.com/blog/introducing-updated-tour-averages;https://golf.com/instruction/driving/this-is-how-far-pga-and-lpga-tour-players-hit-it-with-every-club/;https://www.golfmonthly.com/tour/how-far-pga-tour-players-hit-every-club-in-the-bag,
trackman_tour_averages_2023,tour_average,pga_tour,insights_2024_update,TrackMan,2023,5-wood,smash factor,smash_factor,1.47,1,group_mean,cross_verified,https://www.trackman.com/blog/introducing-updated-tour-averages;https://golf.com/instruction/driving/this-is-how-far-pga-and-lpga-tour-players-hit-it-with-every-club/;https://www.golfmonthly.com/tour/how-far-pga-tour-players-hit-every-club-in-the-bag,
trackman_tour_averages_2023,tour_average,pga_tour,insights_2024_update,TrackMan,2023,5-wood,launch angle,launch_angle,9.7,deg,group_mean,cross_verified,https://www.trackman.com/blog/introducing-updated-tour-averages;https://golf.com/instruction/driving/this-is-how-far-pga-and-lpga-tour-players-hit-it-with-every-club/;https://www.golfmonthly.com/tour/how-far-pga-tour-players-hit-every-club-in-the-bag,
trackman_tour_averages_2023,tour_average,pga_tour,insights_2024_update,TrackMan,2023,5-wood,spin rate,spin_rate,4322,rpm,group_mean,cross_verified,https://www.trackman.com/blog/introducing-updated-tour-averages;https://golf.com/instruction/driving/this-is-how-far-pga-and-lpga-tour-players-hit-it-with-every-club/;https://www.golfmonthly.com/tour/how-far-pga-tour-players-hit-every-club-in-the-bag,
trackman_tour_averages_2023,tour_average,pga_tour,insights_2024_update,TrackMan,2023,5-wood,max height,apex_height,30,m,group_mean,cross_verified,https://www.trackman.com/blog/introducing-updated-tour-averages;https://golf.com/instruction/driving/this-is-how-far-pga-and-lpga-tour-players-hit-it-with-every-club/;https://www.golfmonthly.com/tour/how-far-pga-tour-players-hit-every-club-in-the-bag,
trackman_tour_averages_2023,tour_average,pga_tour,insights_2024_update,TrackMan,2023,5-wood,land angle,descent_angle,48,deg,group_mean,cross_verified,https://www.trackman.com/blog/introducing-updated-tour-averages;https://golf.com/instruction/driving/this-is-how-far-pga-and-lpga-tour-players-hit-it-with-every-club/;https://www.golfmonthly.com/tour/how-far-pga-tour-players-hit-every-club-in-the-bag,
trackman_tour_averages_2023,tour_average,pga_tour,insights_2024_update,TrackMan,2023,5-wood,carry,carry_distance,216,m,group_mean,cross_verified,https://www.trackman.com/blog/introducing-updated-tour-averages;https://golf.com/instruction/driving/this-is-how-far-pga-and-lpga-tour-players-hit-it-with-every-club/;https://www.golfmonthly.com/tour/how-far-pga-tour-players-hit-every-club-in-the-bag,
trackman_tour_averages_2023,tour_average,pga_tour,insights_2024_update,TrackMan,2023,Hybrid,club speed,club_speed,102,mph,group_mean,cross_verified,https://www.trackman.com/blog/introducing-updated-tour-averages;https://golf.com/instruction/driving/this-is-how-far-pga-and-lpga-tour-players-hit-it-with-every-club/;https://www.golfmonthly.com/tour/how-far-pga-tour-players-hit-every-club-in-the-bag,
trackman_tour_averages_2023,tour_average,pga_tour,insights_2024_update,TrackMan,2023,Hybrid,attack angle,attack_angle,-2.4,deg,group_mean,cross_verified,https://www.trackman.com/blog/introducing-updated-tour-averages;https://golf.com/instruction/driving/this-is-how-far-pga-and-lpga-tour-players-hit-it-with-every-club/;https://www.golfmonthly.com/tour/how-far-pga-tour-players-hit-every-club-in-the-bag,
trackman_tour_averages_2023,tour_average,pga_tour,insights_2024_update,TrackMan,2023,Hybrid,ball speed,ball_speed,149,mph,group_mean,cross_verified,https://www.trackman.com/blog/introducing-updated-tour-averages;https://golf.com/instruction/driving/this-is-how-far-pga-and-lpga-tour-players-hit-it-with-every-club/;https://www.golfmonthly.com/tour/how-far-pga-tour-players-hit-every-club-in-the-bag,
trackman_tour_averages_2023,tour_average,pga_tour,insights_2024_update,TrackMan,2023,Hybrid,smash factor,smash_factor,1.47,1,group_mean,cross_verified,https://www.trackman.com/blog/introducing-updated-tour-averages;https://golf.com/instruction/driving/this-is-how-far-pga-and-lpga-tour-players-hit-it-with-every-club/;https://www.golfmonthly.com/tour/how-far-pga-tour-players-hit-every-club-in-the-bag,
trackman_tour_averages_2023,tour_average,pga_tour,insights_2024_update,TrackMan,2023,Hybrid,launch angle,launch_angle,10.2,deg,group_mean,cross_verified,https://www.trackman.com/blog/introducing-updated-tour-averages;https://golf.com/instruction/driving/this-is-how-far-pga-and-lpga-tour-players-hit-it-with-every-club/;https://www.golfmonthly.com/tour/how-far-pga-tour-players-hit-every-club-in-the-bag,
trackman_tour_averages_2023,tour_average,pga_tour,insights_2024_update,TrackMan,2023,Hybrid,spin rate,spin_rate,4587,rpm,group_mean,cross_verified,https://www.trackman.com/blog/introducing-updated-tour-averages;https://golf.com/instruction/driving/this-is-how-far-pga-and-lpga-tour-players-hit-it-with-every-club/;https://www.golfmonthly.com/tour/how-far-pga-tour-players-hit-every-club-in-the-bag,
trackman_tour_averages_2023,tour_average,pga_tour,insights_2024_update,TrackMan,2023,Hybrid,max height,apex_height,28,m,group_mean,cross_verified,https://www.trackman.com/blog/introducing-updated-tour-averages;https://golf.com/instruction/driving/this-is-how-far-pga-and-lpga-tour-players-hit-it-with-every-club/;https://www.golfmonthly.com/tour/how-far-pga-tour-players-hit-every-club-in-the-bag,
trackman_tour_averages_2023,tour_average,pga_tour,insights_2024_update,TrackMan,2023,Hybrid,land angle,descent_angle,49,deg,group_mean,cross_verified,https://www.trackman.com/blog/introducing-updated-tour-averages;https://golf.com/instruction/driving/this-is-how-far-pga-and-lpga-tour-players-hit-it-with-every-club/;https://www.golfmonthly.com/tour/how-far-pga-tour-players-hit-every-club-in-the-bag,
trackman_tour_averages_2023,tour_average,pga_tour,insights_2024_update,TrackMan,2023,Hybrid,carry,carry_distance,211,m,group_mean,cross_verified,https://www.trackman.com/blog/introducing-updated-tour-averages;https://golf.com/instruction/driving/this-is-how-far-pga-and-lpga-tour-players-hit-it-with-every-club/;https://www.golfmonthly.com/tour/how-far-pga-tour-players-hit-every-club-in-the-bag,
trackman_tour_averages_2023,tour_average,pga_tour,insights_2024_update,TrackMan,2023,3-iron,club speed,club_speed,100,mph,group_mean,cross_verified,https://www.trackman.com/blog/introducing-updated-tour-averages;https://golf.com/instruction/driving/this-is-how-far-pga-and-lpga-tour-players-hit-it-with-every-club/;https://www.golfmonthly.com/tour/how-far-pga-tour-players-hit-every-club-in-the-bag,
trackman_tour_averages_2023,tour_average,pga_tour,insights_2024_update,TrackMan,2023,3-iron,attack angle,attack_angle,-2.5,deg,group_mean,cross_verified,https://www.trackman.com/blog/introducing-updated-tour-averages;https://golf.com/instruction/driving/this-is-how-far-pga-and-lpga-tour-players-hit-it-with-every-club/;https://www.golfmonthly.com/tour/how-far-pga-tour-players-hit-every-club-in-the-bag,
trackman_tour_averages_2023,tour_average,pga_tour,insights_2024_update,TrackMan,2023,3-iron,ball speed,ball_speed,145,mph,group_mean,cross_verified,https://www.trackman.com/blog/introducing-updated-tour-averages;https://golf.com/instruction/driving/this-is-how-far-pga-and-lpga-tour-players-hit-it-with-every-club/;https://www.golfmonthly.com/tour/how-far-pga-tour-players-hit-every-club-in-the-bag,
trackman_tour_averages_2023,tour_average,pga_tour,insights_2024_update,TrackMan,2023,3-iron,smash factor,smash_factor,1.46,1,group_mean,cross_verified,https://www.trackman.com/blog/introducing-updated-tour-averages;https://golf.com/instruction/driving/this-is-how-far-pga-and-lpga-tour-players-hit-it-with-every-club/;https://www.golfmonthly.com/tour/how-far-pga-tour-players-hit-every-club-in-the-bag,
trackman_tour_averages_2023,tour_average,pga_tour,insights_2024_update,TrackMan,2023,3-iron,launch angle,launch_angle,10.3,deg,group_mean,cross_verified,https://www.trackman.com/blog/introducing-updated-tour-averages;https://golf.com/instruction/driving/this-is-how-far-pga-and-lpga-tour-players-hit-it-with-every-club/;https://www.golfmonthly.com/tour/how-far-pga-tour-players-hit-every-club-in-the-bag,
trackman_tour_averages_2023,tour_average,pga_tour,insights_2024_update,TrackMan,2023,3-iron,spin rate,spin_rate,4404,rpm,group_mean,cross_verified,https://www.trackman.com/blog/introducing-updated-tour-averages;https://golf.com/instruction/driving/this-is-how-far-pga-and-lpga-tour-players-hit-it-with-every-club/;https://www.golfmonthly.com/tour/how-far-pga-tour-players-hit-every-club-in-the-bag,
trackman_tour_averages_2023,tour_average,pga_tour,insights_2024_update,TrackMan,2023,3-iron,max height,apex_height,27,m,group_mean,cross_verified,https://www.trackman.com/blog/introducing-updated-tour-averages;https://golf.com/instruction/driving/this-is-how-far-pga-and-lpga-tour-players-hit-it-with-every-club/;https://www.golfmonthly.com/tour/how-far-pga-tour-players-hit-every-club-in-the-bag,
trackman_tour_averages_2023,tour_average,pga_tour,insights_2024_update,TrackMan,2023,3-iron,land angle,descent_angle,48,deg,group_mean,cross_verified,https://www.trackman.com/blog/introducing-updated-tour-averages;https://golf.com/instruction/driving/this-is-how-far-pga-and-lpga-tour-players-hit-it-with-every-club/;https://www.golfmonthly.com/tour/how-far-pga-tour-players-hit-every-club-in-the-bag,
trackman_tour_averages_2023,tour_average,pga_tour,insights_2024_update,TrackMan,2023,3-iron,carry,carry_distance,199,m,group_mean,cross_verified,https://www.trackman.com/blog/introducing-updated-tour-averages;https://golf.com/instruction/driving/this-is-how-far-pga-and-lpga-tour-players-hit-it-with-every-club/;https://www.golfmonthly.com/tour/how-far-pga-tour-players-hit-every-club-in-the-bag,
trackman_tour_averages_2023,tour_average,pga_tour,insights_2024_update,TrackMan,2023,4-iron,club speed,club_speed,98,mph,group_mean,cross_verified,https://www.trackman.com/blog/introducing-updated-tour-averages;https://golf.com/instruction/driving/this-is-how-far-pga-and-lpga-tour-players-hit-it-with-every-club/;https://www.golfmonthly.com/tour/how-far-pga-tour-players-hit-every-club-in-the-bag,
trackman_tour_averages_2023,tour_average,pga_tour,insights_2024_update,TrackMan,2023,4-iron,attack angle,attack_angle,-2.9,deg,group_mean,cross_verified,https://www.trackman.com/blog/introducing-updated-tour-averages;https://golf.com/instruction/driving/this-is-how-far-pga-and-lpga-tour-players-hit-it-with-every-club/;https://www.golfmonthly.com/tour/how-far-pga-tour-players-hit-every-club-in-the-bag,
trackman_tour_averages_2023,tour_average,pga_tour,insights_2024_update,TrackMan,2023,4-iron,ball speed,ball_speed,140,mph,group_mean,cross_verified,https://www.trackman.com/blog/introducing-updated-tour-averages;https://golf.com/instruction/driving/this-is-how-far-pga-and-lpga-tour-players-hit-it-with-every-club/;https://www.golfmonthly.com/tour/how-far-pga-tour-players-hit-every-club-in-the-bag,
trackman_tour_averages_2023,tour_average,pga_tour,insights_2024_update,TrackMan,2023,4-iron,smash factor,smash_factor,1.44,1,group_mean,cross_verified,https://www.trackman.com/blog/introducing-updated-tour-averages;https://golf.com/instruction/driving/this-is-how-far-pga-and-lpga-tour-players-hit-it-with-every-club/;https://www.golfmonthly.com/tour/how-far-pga-tour-players-hit-every-club-in-the-bag,
trackman_tour_averages_2023,tour_average,pga_tour,insights_2024_update,TrackMan,2023,4-iron,launch angle,launch_angle,10.8,deg,group_mean,cross_verified,https://www.trackman.com/blog/introducing-updated-tour-averages;https://golf.com/instruction/driving/this-is-how-far-pga-and-lpga-tour-players-hit-it-with-every-club/;https://www.golfmonthly.com/tour/how-far-pga-tour-players-hit-every-club-in-the-bag,
trackman_tour_averages_2023,tour_average,pga_tour,insights_2024_update,TrackMan,2023,4-iron,spin rate,spin_rate,4782,rpm,group_mean,cross_verified,https://www.trackman.com/blog/introducing-updated-tour-averages;https://golf.com/instruction/driving/this-is-how-far-pga-and-lpga-tour-players-hit-it-with-every-club/;https://www.golfmonthly.com/tour/how-far-pga-tour-players-hit-every-club-in-the-bag,
trackman_tour_averages_2023,tour_average,pga_tour,insights_2024_update,TrackMan,2023,4-iron,max height,apex_height,28,m,group_mean,cross_verified,https://www.trackman.com/blog/introducing-updated-tour-averages;https://golf.com/instruction/driving/this-is-how-far-pga-and-lpga-tour-players-hit-it-with-every-club/;https://www.golfmonthly.com/tour/how-far-pga-tour-players-hit-every-club-in-the-bag,
trackman_tour_averages_2023,tour_average,pga_tour,insights_2024_update,TrackMan,2023,4-iron,land angle,descent_angle,49,deg,group_mean,cross_verified,https://www.trackman.com/blog/introducing-updated-tour-averages;https://golf.com/instruction/driving/this-is-how-far-pga-and-lpga-tour-players-hit-it-with-every-club/;https://www.golfmonthly.com/tour/how-far-pga-tour-players-hit-every-club-in-the-bag,
trackman_tour_averages_2023,tour_average,pga_tour,insights_2024_update,TrackMan,2023,4-iron,carry,carry_distance,192,m,group_mean,cross_verified,https://www.trackman.com/blog/introducing-updated-tour-averages;https://golf.com/instruction/driving/this-is-how-far-pga-and-lpga-tour-players-hit-it-with-every-club/;https://www.golfmonthly.com/tour/how-far-pga-tour-players-hit-every-club-in-the-bag,
trackman_tour_averages_2023,tour_average,pga_tour,insights_2024_update,TrackMan,2023,5-iron,club speed,club_speed,96,mph,group_mean,cross_verified,https://www.trackman.com/blog/introducing-updated-tour-averages;https://golf.com/instruction/driving/this-is-how-far-pga-and-lpga-tour-players-hit-it-with-every-club/;https://www.golfmonthly.com/tour/how-far-pga-tour-players-hit-every-club-in-the-bag,
trackman_tour_averages_2023,tour_average,pga_tour,insights_2024_update,TrackMan,2023,5-iron,attack angle,attack_angle,-3.4,deg,group_mean,cross_verified,https://www.trackman.com/blog/introducing-updated-tour-averages;https://golf.com/instruction/driving/this-is-how-far-pga-and-lpga-tour-players-hit-it-with-every-club/;https://www.golfmonthly.com/tour/how-far-pga-tour-players-hit-every-club-in-the-bag,
trackman_tour_averages_2023,tour_average,pga_tour,insights_2024_update,TrackMan,2023,5-iron,ball speed,ball_speed,135,mph,group_mean,cross_verified,https://www.trackman.com/blog/introducing-updated-tour-averages;https://golf.com/instruction/driving/this-is-how-far-pga-and-lpga-tour-players-hit-it-with-every-club/;https://www.golfmonthly.com/tour/how-far-pga-tour-players-hit-every-club-in-the-bag,
trackman_tour_averages_2023,tour_average,pga_tour,insights_2024_update,TrackMan,2023,5-iron,smash factor,smash_factor,1.41,1,group_mean,cross_verified,https://www.trackman.com/blog/introducing-updated-tour-averages;https://golf.com/instruction/driving/this-is-how-far-pga-and-lpga-tour-players-hit-it-with-every-club/;https://www.golfmonthly.com/tour/how-far-pga-tour-players-hit-every-club-in-the-bag,
trackman_tour_averages_2023,tour_average,pga_tour,insights_2024_update,TrackMan,2023,5-iron,launch angle,launch_angle,11.9,deg,group_mean,cross_verified,https://www.trackman.com/blog/introducing-updated-tour-averages;https://golf.com/instruction/driving/this-is-how-far-pga-and-lpga-tour-players-hit-it-with-every-club/;https://www.golfmonthly.com/tour/how-far-pga-tour-players-hit-every-club-in-the-bag,
trackman_tour_averages_2023,tour_average,pga_tour,insights_2024_update,TrackMan,2023,5-iron,spin rate,spin_rate,5280,rpm,group_mean,cross_verified,https://www.trackman.com/blog/introducing-updated-tour-averages;https://golf.com/instruction/driving/this-is-how-far-pga-and-lpga-tour-players-hit-it-with-every-club/;https://www.golfmonthly.com/tour/how-far-pga-tour-players-hit-every-club-in-the-bag,
trackman_tour_averages_2023,tour_average,pga_tour,insights_2024_update,TrackMan,2023,5-iron,max height,apex_height,30,m,group_mean,cross_verified,https://www.trackman.com/blog/introducing-updated-tour-averages;https://golf.com/instruction/driving/this-is-how-far-pga-and-lpga-tour-players-hit-it-with-every-club/;https://www.golfmonthly.com/tour/how-far-pga-tour-players-hit-every-club-in-the-bag,
trackman_tour_averages_2023,tour_average,pga_tour,insights_2024_update,TrackMan,2023,5-iron,land angle,descent_angle,50,deg,group_mean,cross_verified,https://www.trackman.com/blog/introducing-updated-tour-averages;https://golf.com/instruction/driving/this-is-how-far-pga-and-lpga-tour-players-hit-it-with-every-club/;https://www.golfmonthly.com/tour/how-far-pga-tour-players-hit-every-club-in-the-bag,
trackman_tour_averages_2023,tour_average,pga_tour,insights_2024_update,TrackMan,2023,5-iron,carry,carry_distance,182,m,group_mean,cross_verified,https://www.trackman.com/blog/introducing-updated-tour-averages;https://golf.com/instruction/driving/this-is-how-far-pga-and-lpga-tour-players-hit-it-with-every-club/;https://www.golfmonthly.com/tour/how-far-pga-tour-players-hit-every-club-in-the-bag,
trackman_tour_averages_2023,tour_average,pga_tour,insights_2024_update,TrackMan,2023,6-iron,club speed,club_speed,94,mph,group_mean,cross_verified,https://www.trackman.com/blog/introducing-updated-tour-averages;https://golf.com/instruction/driving/this-is-how-far-pga-and-lpga-tour-players-hit-it-with-every-club/;https://www.golfmonthly.com/tour/how-far-pga-tour-players-hit-every-club-in-the-bag,
trackman_tour_averages_2023,tour_average,pga_tour,insights_2024_update,TrackMan,2023,6-iron,attack angle,attack_angle,-3.7,deg,group_mean,cross_verified,https://www.trackman.com/blog/introducing-updated-tour-averages;https://golf.com/instruction/driving/this-is-how-far-pga-and-lpga-tour-players-hit-it-with-every-club/;https://www.golfmonthly.com/tour/how-far-pga-tour-players-hit-every-club-in-the-bag,
trackman_tour_averages_2023,tour_average,pga_tour,insights_2024_update,TrackMan,2023,6-iron,ball speed,ball_speed,130,mph,group_mean,cross_verified,https://www.trackman.com/blog/introducing-updated-tour-averages;https://golf.com/instruction/driving/this-is-how-far-pga-and-lpga-tour-players-hit-it-with-every-club/;https://www.golfmonthly.com/tour/how-far-pga-tour-players-hit-every-club-in-the-bag,
trackman_tour_averages_2023,tour_average,pga_tour,insights_2024_update,TrackMan,2023,6-iron,smash factor,smash_factor,1.39,1,group_mean,cross_verified,https://www.trackman.com/blog/introducing-updated-tour-averages;https://golf.com/instruction/driving/this-is-how-far-pga-and-lpga-tour-players-hit-it-with-every-club/;https://www.golfmonthly.com/tour/how-far-pga-tour-players-hit-every-club-in-the-bag,
trackman_tour_averages_2023,tour_average,pga_tour,insights_2024_update,TrackMan,2023,6-iron,launch angle,launch_angle,14.0,deg,group_mean,cross_verified,https://www.trackman.com/blog/introducing-updated-tour-averages;https://golf.com/instruction/driving/this-is-how-far-pga-and-lpga-tour-players-hit-it-with-every-club/;https://www.golfmonthly.com/tour/how-far-pga-tour-players-hit-every-club-in-the-bag,
trackman_tour_averages_2023,tour_average,pga_tour,insights_2024_update,TrackMan,2023,6-iron,spin rate,spin_rate,6204,rpm,group_mean,cross_verified,https://www.trackman.com/blog/introducing-updated-tour-averages;https://golf.com/instruction/driving/this-is-how-far-pga-and-lpga-tour-players-hit-it-with-every-club/;https://www.golfmonthly.com/tour/how-far-pga-tour-players-hit-every-club-in-the-bag,
trackman_tour_averages_2023,tour_average,pga_tour,insights_2024_update,TrackMan,2023,6-iron,max height,apex_height,29,m,group_mean,cross_verified,https://www.trackman.com/blog/introducing-updated-tour-averages;https://golf.com/instruction/driving/this-is-how-far-pga-and-lpga-tour-players-hit-it-with-every-club/;https://www.golfmonthly.com/tour/how-far-pga-tour-players-hit-every-club-in-the-bag,
trackman_tour_averages_2023,tour_average,pga_tour,insights_2024_update,TrackMan,2023,6-iron,land angle,descent_angle,50,deg,group_mean,cross_verified,https://www.trackman.com/blog/introducing-updated-tour-averages;https://golf.com/instruction/driving/this-is-how-far-pga-and-lpga-tour-players-hit-it-with-every-club/;https://www.golfmonthly.com/tour/how-far-pga-tour-players-hit-every-club-in-the-bag,
trackman_tour_averages_2023,tour_average,pga_tour,insights_2024_update,TrackMan,2023,6-iron,carry,carry_distance,172,m,group_mean,cross_verified,https://www.trackman.com/blog/introducing-updated-tour-averages;https://golf.com/instruction/driving/this-is-how-far-pga-and-lpga-tour-players-hit-it-with-every-club/;https://www.golfmonthly.com/tour/how-far-pga-tour-players-hit-every-club-in-the-bag,
trackman_tour_averages_2023,tour_average,pga_tour,insights_2024_update,TrackMan,2023,7-iron,club speed,club_speed,92,mph,group_mean,cross_verified,https://www.trackman.com/blog/introducing-updated-tour-averages;https://golf.com/instruction/driving/this-is-how-far-pga-and-lpga-tour-players-hit-it-with-every-club/;https://www.golfmonthly.com/tour/how-far-pga-tour-players-hit-every-club-in-the-bag,
trackman_tour_averages_2023,tour_average,pga_tour,insights_2024_update,TrackMan,2023,7-iron,attack angle,attack_angle,-3.9,deg,group_mean,cross_verified,https://www.trackman.com/blog/introducing-updated-tour-averages;https://golf.com/instruction/driving/this-is-how-far-pga-and-lpga-tour-players-hit-it-with-every-club/;https://www.golfmonthly.com/tour/how-far-pga-tour-players-hit-every-club-in-the-bag,
trackman_tour_averages_2023,tour_average,pga_tour,insights_2024_update,TrackMan,2023,7-iron,ball speed,ball_speed,123,mph,group_mean,cross_verified,https://www.trackman.com/blog/introducing-updated-tour-averages;https://golf.com/instruction/driving/this-is-how-far-pga-and-lpga-tour-players-hit-it-with-every-club/;https://www.golfmonthly.com/tour/how-far-pga-tour-players-hit-every-club-in-the-bag,
trackman_tour_averages_2023,tour_average,pga_tour,insights_2024_update,TrackMan,2023,7-iron,smash factor,smash_factor,1.34,1,group_mean,cross_verified,https://www.trackman.com/blog/introducing-updated-tour-averages;https://golf.com/instruction/driving/this-is-how-far-pga-and-lpga-tour-players-hit-it-with-every-club/;https://www.golfmonthly.com/tour/how-far-pga-tour-players-hit-every-club-in-the-bag,
trackman_tour_averages_2023,tour_average,pga_tour,insights_2024_update,TrackMan,2023,7-iron,launch angle,launch_angle,16.1,deg,group_mean,cross_verified,https://www.trackman.com/blog/introducing-updated-tour-averages;https://golf.com/instruction/driving/this-is-how-far-pga-and-lpga-tour-players-hit-it-with-every-club/;https://www.golfmonthly.com/tour/how-far-pga-tour-players-hit-every-club-in-the-bag,
trackman_tour_averages_2023,tour_average,pga_tour,insights_2024_update,TrackMan,2023,7-iron,spin rate,spin_rate,7124,rpm,group_mean,cross_verified,https://www.trackman.com/blog/introducing-updated-tour-averages;https://golf.com/instruction/driving/this-is-how-far-pga-and-lpga-tour-players-hit-it-with-every-club/;https://www.golfmonthly.com/tour/how-far-pga-tour-players-hit-every-club-in-the-bag,
trackman_tour_averages_2023,tour_average,pga_tour,insights_2024_update,TrackMan,2023,7-iron,max height,apex_height,31,m,group_mean,cross_verified,https://www.trackman.com/blog/introducing-updated-tour-averages;https://golf.com/instruction/driving/this-is-how-far-pga-and-lpga-tour-players-hit-it-with-every-club/;https://www.golfmonthly.com/tour/how-far-pga-tour-players-hit-every-club-in-the-bag,
trackman_tour_averages_2023,tour_average,pga_tour,insights_2024_update,TrackMan,2023,7-iron,land angle,descent_angle,51,deg,group_mean,cross_verified,https://www.trackman.com/blog/introducing-updated-tour-averages;https://golf.com/instruction/driving/this-is-how-far-pga-and-lpga-tour-players-hit-it-with-every-club/;https://www.golfmonthly.com/tour/how-far-pga-tour-players-hit-every-club-in-the-bag,
trackman_tour_averages_2023,tour_average,pga_tour,insights_2024_update,TrackMan,2023,7-iron,carry,carry_distance,161,m,group_mean,cross_verified,https://www.trackman.com/blog/introducing-updated-tour-averages;https://golf.com/instruction/driving/this-is-how-far-pga-and-lpga-tour-players-hit-it-with-every-club/;https://www.golfmonthly.com/tour/how-far-pga-tour-players-hit-every-club-in-the-bag,
trackman_tour_averages_2023,tour_average,pga_tour,insights_2024_update,TrackMan,2023,8-iron,club speed,club_speed,89,mph,group_mean,cross_verified,https://www.trackman.com/blog/introducing-updated-tour-averages;https://golf.com/instruction/driving/this-is-how-far-pga-and-lpga-tour-players-hit-it-with-every-club/;https://www.golfmonthly.com/tour/how-far-pga-tour-players-hit-every-club-in-the-bag,
trackman_tour_averages_2023,tour_average,pga_tour,insights_2024_update,TrackMan,2023,8-iron,attack angle,attack_angle,-4.2,deg,group_mean,cross_verified,https://www.trackman.com/blog/introducing-updated-tour-averages;https://golf.com/instruction/driving/this-is-how-far-pga-and-lpga-tour-players-hit-it-with-every-club/;https://www.golfmonthly.com/tour/how-far-pga-tour-players-hit-every-club-in-the-bag,
trackman_tour_averages_2023,tour_average,pga_tour,insights_2024_update,TrackMan,2023,8-iron,ball speed,ball_speed,118,mph,group_mean,cross_verified,https://www.trackman.com/blog/introducing-updated-tour-averages;https://golf.com/instruction/driving/this-is-how-far-pga-and-lpga-tour-players-hit-it-with-every-club/;https://www.golfmonthly.com/tour/how-far-pga-tour-players-hit-every-club-in-the-bag,
trackman_tour_averages_2023,tour_average,pga_tour,insights_2024_update,TrackMan,2023,8-iron,smash factor,smash_factor,1.33,1,group_mean,cross_verified,https://www.trackman.com/blog/introducing-updated-tour-averages;https://golf.com/instruction/driving/this-is-how-far-pga-and-lpga-tour-players-hit-it-with-every-club/;https://www.golfmonthly.com/tour/how-far-pga-tour-players-hit-every-club-in-the-bag,
trackman_tour_averages_2023,tour_average,pga_tour,insights_2024_update,TrackMan,2023,8-iron,launch angle,launch_angle,17.8,deg,group_mean,cross_verified,https://www.trackman.com/blog/introducing-updated-tour-averages;https://golf.com/instruction/driving/this-is-how-far-pga-and-lpga-tour-players-hit-it-with-every-club/;https://www.golfmonthly.com/tour/how-far-pga-tour-players-hit-every-club-in-the-bag,
trackman_tour_averages_2023,tour_average,pga_tour,insights_2024_update,TrackMan,2023,8-iron,spin rate,spin_rate,8078,rpm,group_mean,cross_verified,https://www.trackman.com/blog/introducing-updated-tour-averages;https://golf.com/instruction/driving/this-is-how-far-pga-and-lpga-tour-players-hit-it-with-every-club/;https://www.golfmonthly.com/tour/how-far-pga-tour-players-hit-every-club-in-the-bag,
trackman_tour_averages_2023,tour_average,pga_tour,insights_2024_update,TrackMan,2023,8-iron,max height,apex_height,30,m,group_mean,cross_verified,https://www.trackman.com/blog/introducing-updated-tour-averages;https://golf.com/instruction/driving/this-is-how-far-pga-and-lpga-tour-players-hit-it-with-every-club/;https://www.golfmonthly.com/tour/how-far-pga-tour-players-hit-every-club-in-the-bag,
trackman_tour_averages_2023,tour_average,pga_tour,insights_2024_update,TrackMan,2023,8-iron,land angle,descent_angle,51,deg,group_mean,cross_verified,https://www.trackman.com/blog/introducing-updated-tour-averages;https://golf.com/instruction/driving/this-is-how-far-pga-and-lpga-tour-players-hit-it-with-every-club/;https://www.golfmonthly.com/tour/how-far-pga-tour-players-hit-every-club-in-the-bag,
trackman_tour_averages_2023,tour_average,pga_tour,insights_2024_update,TrackMan,2023,8-iron,carry,carry_distance,150,m,group_mean,cross_verified,https://www.trackman.com/blog/introducing-updated-tour-averages;https://golf.com/instruction/driving/this-is-how-far-pga-and-lpga-tour-players-hit-it-with-every-club/;https://www.golfmonthly.com/tour/how-far-pga-tour-players-hit-every-club-in-the-bag,
trackman_tour_averages_2023,tour_average,pga_tour,insights_2024_update,TrackMan,2023,9-iron,club speed,club_speed,87,mph,group_mean,cross_verified,https://www.trackman.com/blog/introducing-updated-tour-averages;https://golf.com/instruction/driving/this-is-how-far-pga-and-lpga-tour-players-hit-it-with-every-club/;https://www.golfmonthly.com/tour/how-far-pga-tour-players-hit-every-club-in-the-bag,
trackman_tour_averages_2023,tour_average,pga_tour,insights_2024_update,TrackMan,2023,9-iron,attack angle,attack_angle,-4.3,deg,group_mean,cross_verified,https://www.trackman.com/blog/introducing-updated-tour-averages;https://golf.com/instruction/driving/this-is-how-far-pga-and-lpga-tour-players-hit-it-with-every-club/;https://www.golfmonthly.com/tour/how-far-pga-tour-players-hit-every-club-in-the-bag,
trackman_tour_averages_2023,tour_average,pga_tour,insights_2024_update,TrackMan,2023,9-iron,ball speed,ball_speed,112,mph,group_mean,cross_verified,https://www.trackman.com/blog/introducing-updated-tour-averages;https://golf.com/instruction/driving/this-is-how-far-pga-and-lpga-tour-players-hit-it-with-every-club/;https://www.golfmonthly.com/tour/how-far-pga-tour-players-hit-every-club-in-the-bag,
trackman_tour_averages_2023,tour_average,pga_tour,insights_2024_update,TrackMan,2023,9-iron,smash factor,smash_factor,1.29,1,group_mean,cross_verified,https://www.trackman.com/blog/introducing-updated-tour-averages;https://golf.com/instruction/driving/this-is-how-far-pga-and-lpga-tour-players-hit-it-with-every-club/;https://www.golfmonthly.com/tour/how-far-pga-tour-players-hit-every-club-in-the-bag,
trackman_tour_averages_2023,tour_average,pga_tour,insights_2024_update,TrackMan,2023,9-iron,launch angle,launch_angle,20.0,deg,group_mean,cross_verified,https://www.trackman.com/blog/introducing-updated-tour-averages;https://golf.com/instruction/driving/this-is-how-far-pga-and-lpga-tour-players-hit-it-with-every-club/;https://www.golfmonthly.com/tour/how-far-pga-tour-players-hit-every-club-in-the-bag,
trackman_tour_averages_2023,tour_average,pga_tour,insights_2024_update,TrackMan,2023,9-iron,spin rate,spin_rate,8793,rpm,group_mean,cross_verified,https://www.trackman.com/blog/introducing-updated-tour-averages;https://golf.com/instruction/driving/this-is-how-far-pga-and-lpga-tour-players-hit-it-with-every-club/;https://www.golfmonthly.com/tour/how-far-pga-tour-players-hit-every-club-in-the-bag,
trackman_tour_averages_2023,tour_average,pga_tour,insights_2024_update,TrackMan,2023,9-iron,max height,apex_height,29,m,group_mean,cross_verified,https://www.trackman.com/blog/introducing-updated-tour-averages;https://golf.com/instruction/driving/this-is-how-far-pga-and-lpga-tour-players-hit-it-with-every-club/;https://www.golfmonthly.com/tour/how-far-pga-tour-players-hit-every-club-in-the-bag,
trackman_tour_averages_2023,tour_average,pga_tour,insights_2024_update,TrackMan,2023,9-iron,land angle,descent_angle,52,deg,group_mean,cross_verified,https://www.trackman.com/blog/introducing-updated-tour-averages;https://golf.com/instruction/driving/this-is-how-far-pga-and-lpga-tour-players-hit-it-with-every-club/;https://www.golfmonthly.com/tour/how-far-pga-tour-players-hit-every-club-in-the-bag,
trackman_tour_averages_2023,tour_average,pga_tour,insights_2024_update,TrackMan,2023,9-iron,carry,carry_distance,139,m,group_mean,cross_verified,https://www.trackman.com/blog/introducing-updated-tour-averages;https://golf.com/instruction/driving/this-is-how-far-pga-and-lpga-tour-players-hit-it-with-every-club/;https://www.golfmonthly.com/tour/how-far-pga-tour-players-hit-every-club-in-the-bag,
trackman_tour_averages_2023,tour_average,pga_tour,insights_2024_update,TrackMan,2023,PW,club speed,club_speed,84,mph,group_mean,cross_verified,https://www.trackman.com/blog/introducing-updated-tour-averages;https://golf.com/instruction/driving/this-is-how-far-pga-and-lpga-tour-players-hit-it-with-every-club/;https://www.golfmonthly.com/tour/how-far-pga-tour-players-hit-every-club-in-the-bag,
trackman_tour_averages_2023,tour_average,pga_tour,insights_2024_update,TrackMan,2023,PW,attack angle,attack_angle,-4.7,deg,group_mean,cross_verified,https://www.trackman.com/blog/introducing-updated-tour-averages;https://golf.com/instruction/driving/this-is-how-far-pga-and-lpga-tour-players-hit-it-with-every-club/;https://www.golfmonthly.com/tour/how-far-pga-tour-players-hit-every-club-in-the-bag,
trackman_tour_averages_2023,tour_average,pga_tour,insights_2024_update,TrackMan,2023,PW,ball speed,ball_speed,104,mph,group_mean,cross_verified,https://www.trackman.com/blog/introducing-updated-tour-averages;https://golf.com/instruction/driving/this-is-how-far-pga-and-lpga-tour-players-hit-it-with-every-club/;https://www.golfmonthly.com/tour/how-far-pga-tour-players-hit-every-club-in-the-bag,
trackman_tour_averages_2023,tour_average,pga_tour,insights_2024_update,TrackMan,2023,PW,smash factor,smash_factor,1.24,1,group_mean,cross_verified,https://www.trackman.com/blog/introducing-updated-tour-averages;https://golf.com/instruction/driving/this-is-how-far-pga-and-lpga-tour-players-hit-it-with-every-club/;https://www.golfmonthly.com/tour/how-far-pga-tour-players-hit-every-club-in-the-bag,
trackman_tour_averages_2023,tour_average,pga_tour,insights_2024_update,TrackMan,2023,PW,launch angle,launch_angle,23.7,deg,group_mean,cross_verified,https://www.trackman.com/blog/introducing-updated-tour-averages;https://golf.com/instruction/driving/this-is-how-far-pga-and-lpga-tour-players-hit-it-with-every-club/;https://www.golfmonthly.com/tour/how-far-pga-tour-players-hit-every-club-in-the-bag,
trackman_tour_averages_2023,tour_average,pga_tour,insights_2024_update,TrackMan,2023,PW,spin rate,spin_rate,9316,rpm,group_mean,cross_verified,https://www.trackman.com/blog/introducing-updated-tour-averages;https://golf.com/instruction/driving/this-is-how-far-pga-and-lpga-tour-players-hit-it-with-every-club/;https://www.golfmonthly.com/tour/how-far-pga-tour-players-hit-every-club-in-the-bag,
trackman_tour_averages_2023,tour_average,pga_tour,insights_2024_update,TrackMan,2023,PW,max height,apex_height,29,m,group_mean,cross_verified,https://www.trackman.com/blog/introducing-updated-tour-averages;https://golf.com/instruction/driving/this-is-how-far-pga-and-lpga-tour-players-hit-it-with-every-club/;https://www.golfmonthly.com/tour/how-far-pga-tour-players-hit-every-club-in-the-bag,
trackman_tour_averages_2023,tour_average,pga_tour,insights_2024_update,TrackMan,2023,PW,land angle,descent_angle,52,deg,group_mean,cross_verified,https://www.trackman.com/blog/introducing-updated-tour-averages;https://golf.com/instruction/driving/this-is-how-far-pga-and-lpga-tour-players-hit-it-with-every-club/;https://www.golfmonthly.com/tour/how-far-pga-tour-players-hit-every-club-in-the-bag,
trackman_tour_averages_2023,tour_average,pga_tour,insights_2024_update,TrackMan,2023,PW,carry,carry_distance,130,m,group_mean,cross_verified,https://www.trackman.com/blog/introducing-updated-tour-averages;https://golf.com/instruction/driving/this-is-how-far-pga-and-lpga-tour-players-hit-it-with-every-club/;https://www.golfmonthly.com/tour/how-far-pga-tour-players-hit-every-club-in-the-bag,
trackman_tour_averages_2023,tour_average,lpga_tour,insights_2024_update,TrackMan,2023,Driver,club speed,club_speed,96,mph,group_mean,cross_verified,https://www.trackman.com/blog/introducing-updated-tour-averages;https://www.golfmonthly.com/features/the-game/how-far-lpga-tour-players-hit-every-club-in-the-bag;https://golf.com/instruction/driving/this-is-how-far-pga-and-lpga-tour-players-hit-it-with-every-club/,
trackman_tour_averages_2023,tour_average,lpga_tour,insights_2024_update,TrackMan,2023,Driver,attack angle,attack_angle,2.8,deg,group_mean,cross_verified,https://www.trackman.com/blog/introducing-updated-tour-averages;https://www.golfmonthly.com/features/the-game/how-far-lpga-tour-players-hit-every-club-in-the-bag;https://golf.com/instruction/driving/this-is-how-far-pga-and-lpga-tour-players-hit-it-with-every-club/,
trackman_tour_averages_2023,tour_average,lpga_tour,insights_2024_update,TrackMan,2023,Driver,ball speed,ball_speed,143,mph,group_mean,cross_verified,https://www.trackman.com/blog/introducing-updated-tour-averages;https://www.golfmonthly.com/features/the-game/how-far-lpga-tour-players-hit-every-club-in-the-bag;https://golf.com/instruction/driving/this-is-how-far-pga-and-lpga-tour-players-hit-it-with-every-club/,
trackman_tour_averages_2023,tour_average,lpga_tour,insights_2024_update,TrackMan,2023,Driver,smash factor,smash_factor,1.49,1,group_mean,cross_verified,https://www.trackman.com/blog/introducing-updated-tour-averages;https://www.golfmonthly.com/features/the-game/how-far-lpga-tour-players-hit-every-club-in-the-bag;https://golf.com/instruction/driving/this-is-how-far-pga-and-lpga-tour-players-hit-it-with-every-club/,
trackman_tour_averages_2023,tour_average,lpga_tour,insights_2024_update,TrackMan,2023,Driver,launch angle,launch_angle,12.6,deg,group_mean,cross_verified,https://www.trackman.com/blog/introducing-updated-tour-averages;https://www.golfmonthly.com/features/the-game/how-far-lpga-tour-players-hit-every-club-in-the-bag;https://golf.com/instruction/driving/this-is-how-far-pga-and-lpga-tour-players-hit-it-with-every-club/,
trackman_tour_averages_2023,tour_average,lpga_tour,insights_2024_update,TrackMan,2023,Driver,spin rate,spin_rate,2506,rpm,group_mean,cross_verified,https://www.trackman.com/blog/introducing-updated-tour-averages;https://www.golfmonthly.com/features/the-game/how-far-lpga-tour-players-hit-every-club-in-the-bag;https://golf.com/instruction/driving/this-is-how-far-pga-and-lpga-tour-players-hit-it-with-every-club/,
trackman_tour_averages_2023,tour_average,lpga_tour,insights_2024_update,TrackMan,2023,Driver,max height,apex_height,24,m,group_mean,cross_verified,https://www.trackman.com/blog/introducing-updated-tour-averages;https://www.golfmonthly.com/features/the-game/how-far-lpga-tour-players-hit-every-club-in-the-bag;https://golf.com/instruction/driving/this-is-how-far-pga-and-lpga-tour-players-hit-it-with-every-club/,
trackman_tour_averages_2023,tour_average,lpga_tour,insights_2024_update,TrackMan,2023,Driver,land angle,descent_angle,36,deg,group_mean,cross_verified,https://www.trackman.com/blog/introducing-updated-tour-averages;https://www.golfmonthly.com/features/the-game/how-far-lpga-tour-players-hit-every-club-in-the-bag;https://golf.com/instruction/driving/this-is-how-far-pga-and-lpga-tour-players-hit-it-with-every-club/,
trackman_tour_averages_2023,tour_average,lpga_tour,insights_2024_update,TrackMan,2023,Driver,carry,carry_distance,204,m,group_mean,cross_verified,https://www.trackman.com/blog/introducing-updated-tour-averages;https://www.golfmonthly.com/features/the-game/how-far-lpga-tour-players-hit-every-club-in-the-bag;https://golf.com/instruction/driving/this-is-how-far-pga-and-lpga-tour-players-hit-it-with-every-club/,
trackman_tour_averages_2023,tour_average,lpga_tour,insights_2024_update,TrackMan,2023,3-wood,club speed,club_speed,92,mph,group_mean,cross_verified,https://www.trackman.com/blog/introducing-updated-tour-averages;https://www.golfmonthly.com/features/the-game/how-far-lpga-tour-players-hit-every-club-in-the-bag;https://golf.com/instruction/driving/this-is-how-far-pga-and-lpga-tour-players-hit-it-with-every-club/,
trackman_tour_averages_2023,tour_average,lpga_tour,insights_2024_update,TrackMan,2023,3-wood,attack angle,attack_angle,-0.8,deg,group_mean,cross_verified,https://www.trackman.com/blog/introducing-updated-tour-averages;https://www.golfmonthly.com/features/the-game/how-far-lpga-tour-players-hit-every-club-in-the-bag;https://golf.com/instruction/driving/this-is-how-far-pga-and-lpga-tour-players-hit-it-with-every-club/,
trackman_tour_averages_2023,tour_average,lpga_tour,insights_2024_update,TrackMan,2023,3-wood,ball speed,ball_speed,135,mph,group_mean,cross_verified,https://www.trackman.com/blog/introducing-updated-tour-averages;https://www.golfmonthly.com/features/the-game/how-far-lpga-tour-players-hit-every-club-in-the-bag;https://golf.com/instruction/driving/this-is-how-far-pga-and-lpga-tour-players-hit-it-with-every-club/,
trackman_tour_averages_2023,tour_average,lpga_tour,insights_2024_update,TrackMan,2023,3-wood,smash factor,smash_factor,1.47,1,group_mean,cross_verified,https://www.trackman.com/blog/introducing-updated-tour-averages;https://www.golfmonthly.com/features/the-game/how-far-lpga-tour-players-hit-every-club-in-the-bag;https://golf.com/instruction/driving/this-is-how-far-pga-and-lpga-tour-players-hit-it-with-every-club/,
trackman_tour_averages_2023,tour_average,lpga_tour,insights_2024_update,TrackMan,2023,3-wood,launch angle,launch_angle,11.6,deg,group_mean,cross_verified,https://www.trackman.com/blog/introducing-updated-tour-averages;https://www.golfmonthly.com/features/the-game/how-far-lpga-tour-players-hit-every-club-in-the-bag;https://golf.com/instruction/driving/this-is-how-far-pga-and-lpga-tour-players-hit-it-with-every-club/,
trackman_tour_averages_2023,tour_average,lpga_tour,insights_2024_update,TrackMan,2023,3-wood,spin rate,spin_rate,2595,rpm,group_mean,cross_verified,https://www.trackman.com/blog/introducing-updated-tour-averages;https://www.golfmonthly.com/features/the-game/how-far-lpga-tour-players-hit-every-club-in-the-bag;https://golf.com/instruction/driving/this-is-how-far-pga-and-lpga-tour-players-hit-it-with-every-club/,single transcription; unusually low versus classic 2704
trackman_tour_averages_2023,tour_average,lpga_tour,insights_2024_update,TrackMan,2023,3-wood,max height,apex_height,23,m,group_mean,cross_verified,https://www.trackman.com/blog/introducing-updated-tour-averages;https://www.golfmonthly.com/features/the-game/how-far-lpga-tour-players-hit-every-club-in-the-bag;https://golf.com/instruction/driving/this-is-how-far-pga-and-lpga-tour-players-hit-it-with-every-club/,
trackman_tour_averages_2023,tour_average,lpga_tour,insights_2024_update,TrackMan,2023,3-wood,land angle,descent_angle,38,deg,group_mean,cross_verified,https://www.trackman.com/blog/introducing-updated-tour-averages;https://www.golfmonthly.com/features/the-game/how-far-lpga-tour-players-hit-every-club-in-the-bag;https://golf.com/instruction/driving/this-is-how-far-pga-and-lpga-tour-players-hit-it-with-every-club/,
trackman_tour_averages_2023,tour_average,lpga_tour,insights_2024_update,TrackMan,2023,3-wood,carry,carry_distance,183,m,group_mean,cross_verified,https://www.trackman.com/blog/introducing-updated-tour-averages;https://www.golfmonthly.com/features/the-game/how-far-lpga-tour-players-hit-every-club-in-the-bag;https://golf.com/instruction/driving/this-is-how-far-pga-and-lpga-tour-players-hit-it-with-every-club/,
trackman_tour_averages_2023,tour_average,lpga_tour,insights_2024_update,TrackMan,2023,5-wood,club speed,club_speed,90,mph,group_mean,cross_verified,https://www.trackman.com/blog/introducing-updated-tour-averages;https://www.golfmonthly.com/features/the-game/how-far-lpga-tour-players-hit-every-club-in-the-bag;https://golf.com/instruction/driving/this-is-how-far-pga-and-lpga-tour-players-hit-it-with-every-club/,
trackman_tour_averages_2023,tour_average,lpga_tour,insights_2024_update,TrackMan,2023,5-wood,attack angle,attack_angle,-1.6,deg,group_mean,cross_verified,https://www.trackman.com/blog/introducing-updated-tour-averages;https://www.golfmonthly.com/features/the-game/how-far-lpga-tour-players-hit-every-club-in-the-bag;https://golf.com/instruction/driving/this-is-how-far-pga-and-lpga-tour-players-hit-it-with-every-club/,
trackman_tour_averages_2023,tour_average,lpga_tour,insights_2024_update,TrackMan,2023,5-wood,ball speed,ball_speed,130,mph,group_mean,cross_verified,https://www.trackman.com/blog/introducing-updated-tour-averages;https://www.golfmonthly.com/features/the-game/how-far-lpga-tour-players-hit-every-club-in-the-bag;https://golf.com/instruction/driving/this-is-how-far-pga-and-lpga-tour-players-hit-it-with-every-club/,
trackman_tour_averages_2023,tour_average,lpga_tour,insights_2024_update,TrackMan,2023,5-wood,smash factor,smash_factor,1.46,1,group_mean,cross_verified,https://www.trackman.com/blog/introducing-updated-tour-averages;https://www.golfmonthly.com/features/the-game/how-far-lpga-tour-players-hit-every-club-in-the-bag;https://golf.com/instruction/driving/this-is-how-far-pga-and-lpga-tour-players-hit-it-with-every-club/,
trackman_tour_averages_2023,tour_average,lpga_tour,insights_2024_update,TrackMan,2023,5-wood,launch angle,launch_angle,12.3,deg,group_mean,cross_verified,https://www.trackman.com/blog/introducing-updated-tour-averages;https://www.golfmonthly.com/features/the-game/how-far-lpga-tour-players-hit-every-club-in-the-bag;https://golf.com/instruction/driving/this-is-how-far-pga-and-lpga-tour-players-hit-it-with-every-club/,
trackman_tour_averages_2023,tour_average,lpga_tour,insights_2024_update,TrackMan,2023,5-wood,spin rate,spin_rate,4320,rpm,group_mean,cross_verified,https://www.trackman.com/blog/introducing-updated-tour-averages;https://www.golfmonthly.com/features/the-game/how-far-lpga-tour-players-hit-every-club-in-the-bag;https://golf.com/instruction/driving/this-is-how-far-pga-and-lpga-tour-players-hit-it-with-every-club/,
trackman_tour_averages_2023,tour_average,lpga_tour,insights_2024_update,TrackMan,2023,5-wood,max height,apex_height,23,m,group_mean,cross_verified,https://www.trackman.com/blog/introducing-updated-tour-averages;https://www.golfmonthly.com/features/the-game/how-far-lpga-tour-players-hit-every-club-in-the-bag;https://golf.com/instruction/driving/this-is-how-far-pga-and-lpga-tour-players-hit-it-with-every-club/,
trackman_tour_averages_2023,tour_average,lpga_tour,insights_2024_update,TrackMan,2023,5-wood,land angle,descent_angle,43,deg,group_mean,cross_verified,https://www.trackman.com/blog/introducing-updated-tour-averages;https://www.golfmonthly.com/features/the-game/how-far-lpga-tour-players-hit-every-club-in-the-bag;https://golf.com/instruction/driving/this-is-how-far-pga-and-lpga-tour-players-hit-it-with-every-club/,
trackman_tour_averages_2023,tour_average,lpga_tour,insights_2024_update,TrackMan,2023,5-wood,carry,carry_distance,173,m,group_mean,cross_verified,https://www.trackman.com/blog/introducing-updated-tour-averages;https://www.golfmonthly.com/features/the-game/how-far-lpga-tour-players-hit-every-club-in-the-bag;https://golf.com/instruction/driving/this-is-how-far-pga-and-lpga-tour-players-hit-it-with-every-club/,
trackman_tour_averages_2023,tour_average,lpga_tour,insights_2024_update,TrackMan,2023,Hybrid,club speed,club_speed,87,mph,group_mean,cross_verified,https://www.trackman.com/blog/introducing-updated-tour-averages;https://www.golfmonthly.com/features/the-game/how-far-lpga-tour-players-hit-every-club-in-the-bag;https://golf.com/instruction/driving/this-is-how-far-pga-and-lpga-tour-players-hit-it-with-every-club/,
trackman_tour_averages_2023,tour_average,lpga_tour,insights_2024_update,TrackMan,2023,Hybrid,attack angle,attack_angle,-1.9,deg,group_mean,cross_verified,https://www.trackman.com/blog/introducing-updated-tour-averages;https://www.golfmonthly.com/features/the-game/how-far-lpga-tour-players-hit-every-club-in-the-bag;https://golf.com/instruction/driving/this-is-how-far-pga-and-lpga-tour-players-hit-it-with-every-club/,
trackman_tour_averages_2023,tour_average,lpga_tour,insights_2024_update,TrackMan,2023,Hybrid,ball speed,ball_speed,125,mph,group_mean,cross_verified,https://www.trackman.com/blog/introducing-updated-tour-averages;https://www.golfmonthly.com/features/the-game/how-far-lpga-tour-players-hit-every-club-in-the-bag;https://golf.com/instruction/driving/this-is-how-far-pga-and-lpga-tour-players-hit-it-with-every-club/,
trackman_tour_averages_2023,tour_average,lpga_tour,insights_2024_update,TrackMan,2023,Hybrid,smash factor,smash_factor,1.44,1,group_mean,cross_verified,https://www.trackman.com/blog/introducing-updated-tour-averages;https://www.golfmonthly.com/features/the-game/how-far-lpga-tour-players-hit-every-club-in-the-bag;https://golf.com/instruction/driving/this-is-how-far-pga-and-lpga-tour-players-hit-it-with-every-club/,
trackman_tour_averages_2023,tour_average,lpga_tour,insights_2024_update,TrackMan,2023,Hybrid,launch angle,launch_angle,13.9,deg,group_mean,cross_verified,https://www.trackman.com/blog/introducing-updated-tour-averages;https://www.golfmonthly.com/features/the-game/how-far-lpga-tour-players-hit-every-club-in-the-bag;https://golf.com/instruction/driving/this-is-how-far-pga-and-lpga-tour-players-hit-it-with-every-club/,
trackman_tour_averages_2023,tour_average,lpga_tour,insights_2024_update,TrackMan,2023,Hybrid,spin rate,spin_rate,4504,rpm,group_mean,cross_verified,https://www.trackman.com/blog/introducing-updated-tour-averages;https://www.golfmonthly.com/features/the-game/how-far-lpga-tour-players-hit-every-club-in-the-bag;https://golf.com/instruction/driving/this-is-how-far-pga-and-lpga-tour-players-hit-it-with-every-club/,
trackman_tour_averages_2023,tour_average,lpga_tour,insights_2024_update,TrackMan,2023,Hybrid,max height,apex_height,23,m,group_mean,cross_verified,https://www.trackman.com/blog/introducing-updated-tour-averages;https://www.golfmonthly.com/features/the-game/how-far-lpga-tour-players-hit-every-club-in-the-bag;https://golf.com/instruction/driving/this-is-how-far-pga-and-lpga-tour-players-hit-it-with-every-club/,
trackman_tour_averages_2023,tour_average,lpga_tour,insights_2024_update,TrackMan,2023,Hybrid,land angle,descent_angle,45,deg,group_mean,cross_verified,https://www.trackman.com/blog/introducing-updated-tour-averages;https://www.golfmonthly.com/features/the-game/how-far-lpga-tour-players-hit-every-club-in-the-bag;https://golf.com/instruction/driving/this-is-how-far-pga-and-lpga-tour-players-hit-it-with-every-club/,
trackman_tour_averages_2023,tour_average,lpga_tour,insights_2024_update,TrackMan,2023,Hybrid,carry,carry_distance,163,m,group_mean,cross_verified,https://www.trackman.com/blog/introducing-updated-tour-averages;https://www.golfmonthly.com/features/the-game/how-far-lpga-tour-players-hit-every-club-in-the-bag;https://golf.com/instruction/driving/this-is-how-far-pga-and-lpga-tour-players-hit-it-with-every-club/,
trackman_tour_averages_2023,tour_average,lpga_tour,insights_2024_update,TrackMan,2023,4-iron,club speed,club_speed,82,mph,group_mean,cross_verified,https://www.trackman.com/blog/introducing-updated-tour-averages;https://www.golfmonthly.com/features/the-game/how-far-lpga-tour-players-hit-every-club-in-the-bag;https://golf.com/instruction/driving/this-is-how-far-pga-and-lpga-tour-players-hit-it-with-every-club/,
trackman_tour_averages_2023,tour_average,lpga_tour,insights_2024_update,TrackMan,2023,4-iron,attack angle,attack_angle,-1.7,deg,group_mean,cross_verified,https://www.trackman.com/blog/introducing-updated-tour-averages;https://www.golfmonthly.com/features/the-game/how-far-lpga-tour-players-hit-every-club-in-the-bag;https://golf.com/instruction/driving/this-is-how-far-pga-and-lpga-tour-players-hit-it-with-every-club/,
trackman_tour_averages_2023,tour_average,lpga_tour,insights_2024_update,TrackMan,2023,4-iron,ball speed,ball_speed,118,mph,group_mean,cross_verified,https://www.trackman.com/blog/introducing-updated-tour-averages;https://www.golfmonthly.com/features/the-game/how-far-lpga-tour-players-hit-every-club-in-the-bag;https://golf.com/instruction/driving/this-is-how-far-pga-and-lpga-tour-players-hit-it-with-every-club/,
trackman_tour_averages_2023,tour_average,lpga_tour,insights_2024_update,TrackMan,2023,4-iron,smash factor,smash_factor,1.43,1,group_mean,cross_verified,https://www.trackman.com/blog/introducing-updated-tour-averages;https://www.golfmonthly.com/features/the-game/how-far-lpga-tour-players-hit-every-club-in-the-bag;https://golf.com/instruction/driving/this-is-how-far-pga-and-lpga-tour-players-hit-it-with-every-club/,
trackman_tour_averages_2023,tour_average,lpga_tour,insights_2024_update,TrackMan,2023,4-iron,launch angle,launch_angle,13.9,deg,group_mean,cross_verified,https://www.trackman.com/blog/introducing-updated-tour-averages;https://www.golfmonthly.com/features/the-game/how-far-lpga-tour-players-hit-every-club-in-the-bag;https://golf.com/instruction/driving/this-is-how-far-pga-and-lpga-tour-players-hit-it-with-every-club/,
trackman_tour_averages_2023,tour_average,lpga_tour,insights_2024_update,TrackMan,2023,4-iron,spin rate,spin_rate,4608,rpm,group_mean,cross_verified,https://www.trackman.com/blog/introducing-updated-tour-averages;https://www.golfmonthly.com/features/the-game/how-far-lpga-tour-players-hit-every-club-in-the-bag;https://golf.com/instruction/driving/this-is-how-far-pga-and-lpga-tour-players-hit-it-with-every-club/,
trackman_tour_averages_2023,tour_average,lpga_tour,insights_2024_update,TrackMan,2023,4-iron,max height,apex_height,23,m,group_mean,cross_verified,https://www.trackman.com/blog/introducing-updated-tour-averages;https://www.golfmonthly.com/features/the-game/how-far-lpga-tour-players-hit-every-club-in-the-bag;https://golf.com/instruction/driving/this-is-how-far-pga-and-lpga-tour-players-hit-it-with-every-club/,
trackman_tour_averages_2023,tour_average,lpga_tour,insights_2024_update,TrackMan,2023,4-iron,land angle,descent_angle,43,deg,group_mean,cross_verified,https://www.trackman.com/blog/introducing-updated-tour-averages;https://www.golfmonthly.com/features/the-game/how-far-lpga-tour-players-hit-every-club-in-the-bag;https://golf.com/instruction/driving/this-is-how-far-pga-and-lpga-tour-players-hit-it-with-every-club/,
trackman_tour_averages_2023,tour_average,lpga_tour,insights_2024_update,TrackMan,2023,4-iron,carry,carry_distance,160,m,group_mean,cross_verified,https://www.trackman.com/blog/introducing-updated-tour-averages;https://www.golfmonthly.com/features/the-game/how-far-lpga-tour-players-hit-every-club-in-the-bag;https://golf.com/instruction/driving/this-is-how-far-pga-and-lpga-tour-players-hit-it-with-every-club/,
trackman_tour_averages_2023,tour_average,lpga_tour,insights_2024_update,TrackMan,2023,5-iron,club speed,club_speed,81,mph,group_mean,cross_verified,https://www.trackman.com/blog/introducing-updated-tour-averages;https://www.golfmonthly.com/features/the-game/how-far-lpga-tour-players-hit-every-club-in-the-bag;https://golf.com/instruction/driving/this-is-how-far-pga-and-lpga-tour-players-hit-it-with-every-club/,
trackman_tour_averages_2023,tour_average,lpga_tour,insights_2024_update,TrackMan,2023,5-iron,attack angle,attack_angle,-2.0,deg,group_mean,cross_verified,https://www.trackman.com/blog/introducing-updated-tour-averages;https://www.golfmonthly.com/features/the-game/how-far-lpga-tour-players-hit-every-club-in-the-bag;https://golf.com/instruction/driving/this-is-how-far-pga-and-lpga-tour-players-hit-it-with-every-club/,
trackman_tour_averages_2023,tour_average,lpga_tour,insights_2024_update,TrackMan,2023,5-iron,ball speed,ball_speed,114,mph,group_mean,cross_verified,https://www.trackman.com/blog/introducing-updated-tour-averages;https://www.golfmonthly.com/features/the-game/how-far-lpga-tour-players-hit-every-club-in-the-bag;https://golf.com/instruction/driving/this-is-how-far-pga-and-lpga-tour-players-hit-it-with-every-club/,
trackman_tour_averages_2023,tour_average,lpga_tour,insights_2024_update,TrackMan,2023,5-iron,smash factor,smash_factor,1.42,1,group_mean,cross_verified,https://www.trackman.com/blog/introducing-updated-tour-averages;https://www.golfmonthly.com/features/the-game/how-far-lpga-tour-players-hit-every-club-in-the-bag;https://golf.com/instruction/driving/this-is-how-far-pga-and-lpga-tour-players-hit-it-with-every-club/,
trackman_tour_averages_2023,tour_average,lpga_tour,insights_2024_update,TrackMan,2023,5-iron,launch angle,launch_angle,14.6,deg,group_mean,cross_verified,https://www.trackman.com/blog/introducing-updated-tour-averages;https://www.golfmonthly.com/features/the-game/how-far-lpga-tour-players-hit-every-club-in-the-bag;https://golf.com/instruction/driving/this-is-how-far-pga-and-lpga-tour-players-hit-it-with-every-club/,
trackman_tour_averages_2023,tour_average,lpga_tour,insights_2024_update,TrackMan,2023,5-iron,spin rate,spin_rate,4966,rpm,group_mean,cross_verified,https://www.trackman.com/blog/introducing-updated-tour-averages;https://www.golfmonthly.com/features/the-game/how-far-lpga-tour-players-hit-every-club-in-the-bag;https://golf.com/instruction/driving/this-is-how-far-pga-and-lpga-tour-players-hit-it-with-every-club/,
trackman_tour_averages_2023,tour_average,lpga_tour,insights_2024_update,TrackMan,2023,5-iron,max height,apex_height,23,m,group_mean,cross_verified,https://www.trackman.com/blog/introducing-updated-tour-averages;https://www.golfmonthly.com/features/the-game/how-far-lpga-tour-players-hit-every-club-in-the-bag;https://golf.com/instruction/driving/this-is-how-far-pga-and-lpga-tour-players-hit-it-with-every-club/,
trackman_tour_averages_2023,tour_average,lpga_tour,insights_2024_update,TrackMan,2023,5-iron,land angle,descent_angle,45,deg,group_mean,cross_verified,https://www.trackman.com/blog/introducing-updated-tour-averages;https://www.golfmonthly.com/features/the-game/how-far-lpga-tour-players-hit-every-club-in-the-bag;https://golf.com/instruction/driving/this-is-how-far-pga-and-lpga-tour-players-hit-it-with-every-club/,
trackman_tour_averages_2023,tour_average,lpga_tour,insights_2024_update,TrackMan,2023,5-iron,carry,carry_distance,152,m,group_mean,cross_verified,https://www.trackman.com/blog/introducing-updated-tour-averages;https://www.golfmonthly.com/features/the-game/how-far-lpga-tour-players-hit-every-club-in-the-bag;https://golf.com/instruction/driving/this-is-how-far-pga-and-lpga-tour-players-hit-it-with-every-club/,
trackman_tour_averages_2023,tour_average,lpga_tour,insights_2024_update,TrackMan,2023,6-iron,club speed,club_speed,80,mph,group_mean,cross_verified,https://www.trackman.com/blog/introducing-updated-tour-averages;https://www.golfmonthly.com/features/the-game/how-far-lpga-tour-players-hit-every-club-in-the-bag;https://golf.com/instruction/driving/this-is-how-far-pga-and-lpga-tour-players-hit-it-with-every-club/,
trackman_tour_averages_2023,tour_average,lpga_tour,insights_2024_update,TrackMan,2023,6-iron,attack angle,attack_angle,-2.3,deg,group_mean,cross_verified,https://www.trackman.com/blog/introducing-updated-tour-averages;https://www.golfmonthly.com/features/the-game/how-far-lpga-tour-players-hit-every-club-in-the-bag;https://golf.com/instruction/driving/this-is-how-far-pga-and-lpga-tour-players-hit-it-with-every-club/,
trackman_tour_averages_2023,tour_average,lpga_tour,insights_2024_update,TrackMan,2023,6-iron,ball speed,ball_speed,111,mph,group_mean,cross_verified,https://www.trackman.com/blog/introducing-updated-tour-averages;https://www.golfmonthly.com/features/the-game/how-far-lpga-tour-players-hit-every-club-in-the-bag;https://golf.com/instruction/driving/this-is-how-far-pga-and-lpga-tour-players-hit-it-with-every-club/,
trackman_tour_averages_2023,tour_average,lpga_tour,insights_2024_update,TrackMan,2023,6-iron,smash factor,smash_factor,1.41,1,group_mean,cross_verified,https://www.trackman.com/blog/introducing-updated-tour-averages;https://www.golfmonthly.com/features/the-game/how-far-lpga-tour-players-hit-every-club-in-the-bag;https://golf.com/instruction/driving/this-is-how-far-pga-and-lpga-tour-players-hit-it-with-every-club/,
trackman_tour_averages_2023,tour_average,lpga_tour,insights_2024_update,TrackMan,2023,6-iron,launch angle,launch_angle,16.7,deg,group_mean,cross_verified,https://www.trackman.com/blog/introducing-updated-tour-averages;https://www.golfmonthly.com/features/the-game/how-far-lpga-tour-players-hit-every-club-in-the-bag;https://golf.com/instruction/driving/this-is-how-far-pga-and-lpga-tour-players-hit-it-with-every-club/,
trackman_tour_averages_2023,tour_average,lpga_tour,insights_2024_update,TrackMan,2023,6-iron,spin rate,spin_rate,5904,rpm,group_mean,cross_verified,https://www.trackman.com/blog/introducing-updated-tour-averages;https://www.golfmonthly.com/features/the-game/how-far-lpga-tour-players-hit-every-club-in-the-bag;https://golf.com/instruction/driving/this-is-how-far-pga-and-lpga-tour-players-hit-it-with-every-club/,
trackman_tour_averages_2023,tour_average,lpga_tour,insights_2024_update,TrackMan,2023,6-iron,max height,apex_height,23,m,group_mean,cross_verified,https://www.trackman.com/blog/introducing-updated-tour-averages;https://www.golfmonthly.com/features/the-game/how-far-lpga-tour-players-hit-every-club-in-the-bag;https://golf.com/instruction/driving/this-is-how-far-pga-and-lpga-tour-players-hit-it-with-every-club/,
trackman_tour_averages_2023,tour_average,lpga_tour,insights_2024_update,TrackMan,2023,6-iron,land angle,descent_angle,46,deg,group_mean,cross_verified,https://www.trackman.com/blog/introducing-updated-tour-averages;https://www.golfmonthly.com/features/the-game/how-far-lpga-tour-players-hit-every-club-in-the-bag;https://golf.com/instruction/driving/this-is-how-far-pga-and-lpga-tour-players-hit-it-with-every-club/,
trackman_tour_averages_2023,tour_average,lpga_tour,insights_2024_update,TrackMan,2023,6-iron,carry,carry_distance,142,m,group_mean,cross_verified,https://www.trackman.com/blog/introducing-updated-tour-averages;https://www.golfmonthly.com/features/the-game/how-far-lpga-tour-players-hit-every-club-in-the-bag;https://golf.com/instruction/driving/this-is-how-far-pga-and-lpga-tour-players-hit-it-with-every-club/,
trackman_tour_averages_2023,tour_average,lpga_tour,insights_2024_update,TrackMan,2023,7-iron,club speed,club_speed,78,mph,group_mean,cross_verified,https://www.trackman.com/blog/introducing-updated-tour-averages;https://www.golfmonthly.com/features/the-game/how-far-lpga-tour-players-hit-every-club-in-the-bag;https://golf.com/instruction/driving/this-is-how-far-pga-and-lpga-tour-players-hit-it-with-every-club/,
trackman_tour_averages_2023,tour_average,lpga_tour,insights_2024_update,TrackMan,2023,7-iron,attack angle,attack_angle,-2.5,deg,group_mean,cross_verified,https://www.trackman.com/blog/introducing-updated-tour-averages;https://www.golfmonthly.com/features/the-game/how-far-lpga-tour-players-hit-every-club-in-the-bag;https://golf.com/instruction/driving/this-is-how-far-pga-and-lpga-tour-players-hit-it-with-every-club/,
trackman_tour_averages_2023,tour_average,lpga_tour,insights_2024_update,TrackMan,2023,7-iron,ball speed,ball_speed,106,mph,group_mean,cross_verified,https://www.trackman.com/blog/introducing-updated-tour-averages;https://www.golfmonthly.com/features/the-game/how-far-lpga-tour-players-hit-every-club-in-the-bag;https://golf.com/instruction/driving/this-is-how-far-pga-and-lpga-tour-players-hit-it-with-every-club/,
trackman_tour_averages_2023,tour_average,lpga_tour,insights_2024_update,TrackMan,2023,7-iron,smash factor,smash_factor,1.38,1,group_mean,cross_verified,https://www.trackman.com/blog/introducing-updated-tour-averages;https://www.golfmonthly.com/features/the-game/how-far-lpga-tour-players-hit-every-club-in-the-bag;https://golf.com/instruction/driving/this-is-how-far-pga-and-lpga-tour-players-hit-it-with-every-club/,
trackman_tour_averages_2023,tour_average,lpga_tour,insights_2024_update,TrackMan,2023,7-iron,launch angle,launch_angle,18.5,deg,group_mean,cross_verified,https://www.trackman.com/blog/introducing-updated-tour-averages;https://www.golfmonthly.com/features/the-game/how-far-lpga-tour-players-hit-every-club-in-the-bag;https://golf.com/instruction/driving/this-is-how-far-pga-and-lpga-tour-players-hit-it-with-every-club/,
trackman_tour_averages_2023,tour_average,lpga_tour,insights_2024_update,TrackMan,2023,7-iron,spin rate,spin_rate,6630,rpm,group_mean,cross_verified,https://www.trackman.com/blog/introducing-updated-tour-averages;https://www.golfmonthly.com/features/the-game/how-far-lpga-tour-players-hit-every-club-in-the-bag;https://golf.com/instruction/driving/this-is-how-far-pga-and-lpga-tour-players-hit-it-with-every-club/,
trackman_tour_averages_2023,tour_average,lpga_tour,insights_2024_update,TrackMan,2023,7-iron,max height,apex_height,24,m,group_mean,cross_verified,https://www.trackman.com/blog/introducing-updated-tour-averages;https://www.golfmonthly.com/features/the-game/how-far-lpga-tour-players-hit-every-club-in-the-bag;https://golf.com/instruction/driving/this-is-how-far-pga-and-lpga-tour-players-hit-it-with-every-club/,
trackman_tour_averages_2023,tour_average,lpga_tour,insights_2024_update,TrackMan,2023,7-iron,land angle,descent_angle,47,deg,group_mean,cross_verified,https://www.trackman.com/blog/introducing-updated-tour-averages;https://www.golfmonthly.com/features/the-game/how-far-lpga-tour-players-hit-every-club-in-the-bag;https://golf.com/instruction/driving/this-is-how-far-pga-and-lpga-tour-players-hit-it-with-every-club/,
trackman_tour_averages_2023,tour_average,lpga_tour,insights_2024_update,TrackMan,2023,7-iron,carry,carry_distance,131,m,group_mean,cross_verified,https://www.trackman.com/blog/introducing-updated-tour-averages;https://www.golfmonthly.com/features/the-game/how-far-lpga-tour-players-hit-every-club-in-the-bag;https://golf.com/instruction/driving/this-is-how-far-pga-and-lpga-tour-players-hit-it-with-every-club/,
trackman_tour_averages_2023,tour_average,lpga_tour,insights_2024_update,TrackMan,2023,8-iron,club speed,club_speed,76,mph,group_mean,cross_verified,https://www.trackman.com/blog/introducing-updated-tour-averages;https://www.golfmonthly.com/features/the-game/how-far-lpga-tour-players-hit-every-club-in-the-bag;https://golf.com/instruction/driving/this-is-how-far-pga-and-lpga-tour-players-hit-it-with-every-club/,
trackman_tour_averages_2023,tour_average,lpga_tour,insights_2024_update,TrackMan,2023,8-iron,attack angle,attack_angle,-2.8,deg,group_mean,cross_verified,https://www.trackman.com/blog/introducing-updated-tour-averages;https://www.golfmonthly.com/features/the-game/how-far-lpga-tour-players-hit-every-club-in-the-bag;https://golf.com/instruction/driving/this-is-how-far-pga-and-lpga-tour-players-hit-it-with-every-club/,
trackman_tour_averages_2023,tour_average,lpga_tour,insights_2024_update,TrackMan,2023,8-iron,ball speed,ball_speed,102,mph,group_mean,cross_verified,https://www.trackman.com/blog/introducing-updated-tour-averages;https://www.golfmonthly.com/features/the-game/how-far-lpga-tour-players-hit-every-club-in-the-bag;https://golf.com/instruction/driving/this-is-how-far-pga-and-lpga-tour-players-hit-it-with-every-club/,
trackman_tour_averages_2023,tour_average,lpga_tour,insights_2024_update,TrackMan,2023,8-iron,smash factor,smash_factor,1.36,1,group_mean,cross_verified,https://www.trackman.com/blog/introducing-updated-tour-averages;https://www.golfmonthly.com/features/the-game/how-far-lpga-tour-players-hit-every-club-in-the-bag;https://golf.com/instruction/driving/this-is-how-far-pga-and-lpga-tour-players-hit-it-with-every-club/,
trackman_tour_averages_2023,tour_average,lpga_tour,insights_2024_update,TrackMan,2023,8-iron,launch angle,launch_angle,20.8,deg,group_mean,cross_verified,https://www.trackman.com/blog/introducing-updated-tour-averages;https://www.golfmonthly.com/features/the-game/how-far-lpga-tour-players-hit-every-club-in-the-bag;https://golf.com/instruction/driving/this-is-how-far-pga-and-lpga-tour-players-hit-it-with-every-club/,
trackman_tour_averages_2023,tour_average,lpga_tour,insights_2024_update,TrackMan,2023,8-iron,spin rate,spin_rate,7413,rpm,group_mean,cross_verified,https://www.trackman.com/blog/introducing-updated-tour-averages;https://www.golfmonthly.com/features/the-game/how-far-lpga-tour-players-hit-every-club-in-the-bag;https://golf.com/instruction/driving/this-is-how-far-pga-and-lpga-tour-players-hit-it-with-every-club/,
trackman_tour_averages_2023,tour_average,lpga_tour,insights_2024_update,TrackMan,2023,8-iron,max height,apex_height,25,m,group_mean,cross_verified,https://www.trackman.com/blog/introducing-updated-tour-averages;https://www.golfmonthly.com/features/the-game/how-far-lpga-tour-players-hit-every-club-in-the-bag;https://golf.com/instruction/driving/this-is-how-far-pga-and-lpga-tour-players-hit-it-with-every-club/,
trackman_tour_averages_2023,tour_average,lpga_tour,insights_2024_update,TrackMan,2023,8-iron,land angle,descent_angle,47,deg,group_mean,cross_verified,https://www.trackman.com/blog/introducing-updated-tour-averages;https://www.golfmonthly.com/features/the-game/how-far-lpga-tour-players-hit-every-club-in-the-bag;https://golf.com/instruction/driving/this-is-how-far-pga-and-lpga-tour-players-hit-it-with-every-club/,
trackman_tour_averages_2023,tour_average,lpga_tour,insights_2024_update,TrackMan,2023,8-iron,carry,carry_distance,122,m,group_mean,cross_verified,https://www.trackman.com/blog/introducing-updated-tour-averages;https://www.golfmonthly.com/features/the-game/how-far-lpga-tour-players-hit-every-club-in-the-bag;https://golf.com/instruction/driving/this-is-how-far-pga-and-lpga-tour-players-hit-it-with-every-club/,
trackman_tour_averages_2023,tour_average,lpga_tour,insights_2024_update,TrackMan,2023,9-iron,club speed,club_speed,74,mph,group_mean,cross_verified,https://www.trackman.com/blog/introducing-updated-tour-averages;https://www.golfmonthly.com/features/the-game/how-far-lpga-tour-players-hit-every-club-in-the-bag;https://golf.com/instruction/driving/this-is-how-far-pga-and-lpga-tour-players-hit-it-with-every-club/,
trackman_tour_averages_2023,tour_average,lpga_tour,insights_2024_update,TrackMan,2023,9-iron,attack angle,attack_angle,-3.2,deg,group_mean,cross_verified,https://www.trackman.com/blog/introducing-updated-tour-averages;https://www.golfmonthly.com/features/the-game/how-far-lpga-tour-players-hit-every-club-in-the-bag;https://golf.com/instruction/driving/this-is-how-far-pga-and-lpga-tour-players-hit-it-with-every-club/,
trackman_tour_averages_2023,tour_average,lpga_tour,insights_2024_update,TrackMan,2023,9-iron,ball speed,ball_speed,95,mph,group_mean,cross_verified,https://www.trackman.com/blog/introducing-updated-tour-averages;https://www.golfmonthly.com/features/the-game/how-far-lpga-tour-players-hit-every-club-in-the-bag;https://golf.com/instruction/driving/this-is-how-far-pga-and-lpga-tour-players-hit-it-with-every-club/,
trackman_tour_averages_2023,tour_average,lpga_tour,insights_2024_update,TrackMan,2023,9-iron,smash factor,smash_factor,1.3,1,group_mean,cross_verified,https://www.trackman.com/blog/introducing-updated-tour-averages;https://www.golfmonthly.com/features/the-game/how-far-lpga-tour-players-hit-every-club-in-the-bag;https://golf.com/instruction/driving/this-is-how-far-pga-and-lpga-tour-players-hit-it-with-every-club/,
trackman_tour_averages_2023,tour_average,lpga_tour,insights_2024_update,TrackMan,2023,9-iron,launch angle,launch_angle,23.5,deg,group_mean,cross_verified,https://www.trackman.com/blog/introducing-updated-tour-averages;https://www.golfmonthly.com/features/the-game/how-far-lpga-tour-players-hit-every-club-in-the-bag;https://golf.com/instruction/driving/this-is-how-far-pga-and-lpga-tour-players-hit-it-with-every-club/,
trackman_tour_averages_2023,tour_average,lpga_tour,insights_2024_update,TrackMan,2023,9-iron,spin rate,spin_rate,7605,rpm,group_mean,cross_verified,https://www.trackman.com/blog/introducing-updated-tour-averages;https://www.golfmonthly.com/features/the-game/how-far-lpga-tour-players-hit-every-club-in-the-bag;https://golf.com/instruction/driving/this-is-how-far-pga-and-lpga-tour-players-hit-it-with-every-club/,
trackman_tour_averages_2023,tour_average,lpga_tour,insights_2024_update,TrackMan,2023,9-iron,max height,apex_height,25,m,group_mean,cross_verified,https://www.trackman.com/blog/introducing-updated-tour-averages;https://www.golfmonthly.com/features/the-game/how-far-lpga-tour-players-hit-every-club-in-the-bag;https://golf.com/instruction/driving/this-is-how-far-pga-and-lpga-tour-players-hit-it-with-every-club/,
trackman_tour_averages_2023,tour_average,lpga_tour,insights_2024_update,TrackMan,2023,9-iron,land angle,descent_angle,48,deg,group_mean,cross_verified,https://www.trackman.com/blog/introducing-updated-tour-averages;https://www.golfmonthly.com/features/the-game/how-far-lpga-tour-players-hit-every-club-in-the-bag;https://golf.com/instruction/driving/this-is-how-far-pga-and-lpga-tour-players-hit-it-with-every-club/,
trackman_tour_averages_2023,tour_average,lpga_tour,insights_2024_update,TrackMan,2023,9-iron,carry,carry_distance,112,m,group_mean,cross_verified,https://www.trackman.com/blog/introducing-updated-tour-averages;https://www.golfmonthly.com/features/the-game/how-far-lpga-tour-players-hit-every-club-in-the-bag;https://golf.com/instruction/driving/this-is-how-far-pga-and-lpga-tour-players-hit-it-with-every-club/,
trackman_tour_averages_2023,tour_average,lpga_tour,insights_2024_update,TrackMan,2023,PW,club speed,club_speed,72,mph,group_mean,cross_verified,https://www.trackman.com/blog/introducing-updated-tour-averages;https://www.golfmonthly.com/features/the-game/how-far-lpga-tour-players-hit-every-club-in-the-bag;https://golf.com/instruction/driving/this-is-how-far-pga-and-lpga-tour-players-hit-it-with-every-club/,
trackman_tour_averages_2023,tour_average,lpga_tour,insights_2024_update,TrackMan,2023,PW,attack angle,attack_angle,-3.2,deg,group_mean,cross_verified,https://www.trackman.com/blog/introducing-updated-tour-averages;https://www.golfmonthly.com/features/the-game/how-far-lpga-tour-players-hit-every-club-in-the-bag;https://golf.com/instruction/driving/this-is-how-far-pga-and-lpga-tour-players-hit-it-with-every-club/,
trackman_tour_averages_2023,tour_average,lpga_tour,insights_2024_update,TrackMan,2023,PW,ball speed,ball_speed,88,mph,group_mean,cross_verified,https://www.trackman.com/blog/introducing-updated-tour-averages;https://www.golfmonthly.com/features/the-game/how-far-lpga-tour-players-hit-every-club-in-the-bag;https://golf.com/instruction/driving/this-is-how-far-pga-and-lpga-tour-players-hit-it-with-every-club/,
trackman_tour_averages_2023,tour_average,lpga_tour,insights_2024_update,TrackMan,2023,PW,smash factor,smash_factor,1.25,1,group_mean,cross_verified,https://www.trackman.com/blog/introducing-updated-tour-averages;https://www.golfmonthly.com/features/the-game/how-far-lpga-tour-players-hit-every-club-in-the-bag;https://golf.com/instruction/driving/this-is-how-far-pga-and-lpga-tour-players-hit-it-with-every-club/,
trackman_tour_averages_2023,tour_average,lpga_tour,insights_2024_update,TrackMan,2023,PW,launch angle,launch_angle,25.2,deg,group_mean,cross_verified,https://www.trackman.com/blog/introducing-updated-tour-averages;https://www.golfmonthly.com/features/the-game/how-far-lpga-tour-players-hit-every-club-in-the-bag;https://golf.com/instruction/driving/this-is-how-far-pga-and-lpga-tour-players-hit-it-with-every-club/,
trackman_tour_averages_2023,tour_average,lpga_tour,insights_2024_update,TrackMan,2023,PW,spin rate,spin_rate,8465,rpm,group_mean,cross_verified,https://www.trackman.com/blog/introducing-updated-tour-averages;https://www.golfmonthly.com/features/the-game/how-far-lpga-tour-players-hit-every-club-in-the-bag;https://golf.com/instruction/driving/this-is-how-far-pga-and-lpga-tour-players-hit-it-with-every-club/,
trackman_tour_averages_2023,tour_average,lpga_tour,insights_2024_update,TrackMan,2023,PW,max height,apex_height,25,m,group_mean,cross_verified,https://www.trackman.com/blog/introducing-updated-tour-averages;https://www.golfmonthly.com/features/the-game/how-far-lpga-tour-players-hit-every-club-in-the-bag;https://golf.com/instruction/driving/this-is-how-far-pga-and-lpga-tour-players-hit-it-with-every-club/,
trackman_tour_averages_2023,tour_average,lpga_tour,insights_2024_update,TrackMan,2023,PW,land angle,descent_angle,48,deg,group_mean,cross_verified,https://www.trackman.com/blog/introducing-updated-tour-averages;https://www.golfmonthly.com/features/the-game/how-far-lpga-tour-players-hit-every-club-in-the-bag;https://golf.com/instruction/driving/this-is-how-far-pga-and-lpga-tour-players-hit-it-with-every-club/,
trackman_tour_averages_2023,tour_average,lpga_tour,insights_2024_update,TrackMan,2023,PW,carry,carry_distance,101,m,group_mean,cross_verified,https://www.trackman.com/blog/introducing-updated-tour-averages;https://www.golfmonthly.com/features/the-game/how-far-lpga-tour-players-hit-every-club-in-the-bag;https://golf.com/instruction/driving/this-is-how-far-pga-and-lpga-tour-players-hit-it-with-every-club/,
trackman_average_male_amateur,amateur_average,male_amateur,combine_derived_10000_plus,TrackMan,,Driver,club speed,club_speed,93.4,mph,group_mean,cross_verified,https://blog.trackmangolf.jp/performance-of-the-average-male-amateur/;https://golf.com/instruction/how-fast-swing-driver-based-handicap/;https://golfingfocus.com/the-full-guide-to-what-is-a-good-ball-speed-for-a-driver/,
trackman_average_male_amateur,amateur_average,male_amateur,combine_derived_10000_plus,TrackMan,,Driver,attack angle,attack_angle,-1.6,deg,group_mean,cross_verified,https://blog.trackmangolf.jp/performance-of-the-average-male-amateur/;https://golf.com/instruction/how-fast-swing-driver-based-handicap/;https://golfingfocus.com/the-full-guide-to-what-is-a-good-ball-speed-for-a-driver/,
trackman_average_male_amateur,amateur_average,male_amateur,combine_derived_10000_plus,TrackMan,,Driver,ball speed,ball_speed,132.6,mph,group_mean,cross_verified,https://blog.trackmangolf.jp/performance-of-the-average-male-amateur/;https://golf.com/instruction/how-fast-swing-driver-based-handicap/;https://golfingfocus.com/the-full-guide-to-what-is-a-good-ball-speed-for-a-driver/,
trackman_average_male_amateur,amateur_average,male_amateur,combine_derived_10000_plus,TrackMan,,Driver,smash factor,smash_factor,1.42,1,group_mean,cross_verified,https://blog.trackmangolf.jp/performance-of-the-average-male-amateur/;https://golf.com/instruction/how-fast-swing-driver-based-handicap/;https://golfingfocus.com/the-full-guide-to-what-is-a-good-ball-speed-for-a-driver/,
trackman_average_male_amateur,amateur_average,male_amateur,combine_derived_10000_plus,TrackMan,,Driver,spin rate,spin_rate,3275,rpm,group_mean,cross_verified,https://blog.trackmangolf.jp/performance-of-the-average-male-amateur/;https://golf.com/instruction/how-fast-swing-driver-based-handicap/;https://golfingfocus.com/the-full-guide-to-what-is-a-good-ball-speed-for-a-driver/,
trackman_average_male_amateur,amateur_average,male_amateur,combine_derived_10000_plus,TrackMan,,Driver,launch angle,launch_angle,12.6,deg,group_mean,single_source,https://blog.trackmangolf.jp/performance-of-the-average-male-amateur/;https://golf.com/instruction/how-fast-swing-driver-based-handicap/;https://golfingfocus.com/the-full-guide-to-what-is-a-good-ball-speed-for-a-driver/,widely cited but only weakly confirmed
trackman_average_male_amateur,amateur_average,male_amateur,combine_derived_10000_plus,TrackMan,,Driver,carry,carry_distance,204,yd,group_mean,cross_verified,https://blog.trackmangolf.jp/performance-of-the-average-male-amateur/;https://golf.com/instruction/how-fast-swing-driver-based-handicap/;https://golfingfocus.com/the-full-guide-to-what-is-a-good-ball-speed-for-a-driver/,
trackman_average_male_amateur,amateur_average,male_amateur,combine_derived_10000_plus,TrackMan,,Driver,total distance,total_distance,214,yd,group_mean,cross_verified,https://blog.trackmangolf.jp/performance-of-the-average-male-amateur/;https://golf.com/instruction/how-fast-swing-driver-based-handicap/;https://golfingfocus.com/the-full-guide-to-what-is-a-good-ball-speed-for-a-driver/,
trackman_average_male_amateur,amateur_average,female_amateur,combine_derived,TrackMan,,Driver,club speed,club_speed,78,mph,group_mean,anecdotal_rounded,https://blog.trackmangolf.jp/performance-of-the-average-male-amateur/;https://golf.com/instruction/how-fast-swing-driver-based-handicap/;https://golfingfocus.com/the-full-guide-to-what-is-a-good-ball-speed-for-a-driver/,
trackman_average_male_amateur,amateur_average,female_amateur,combine_derived,TrackMan,,Driver,driving distance,total_distance,167,yd,group_mean,anecdotal_rounded,https://blog.trackmangolf.jp/performance-of-the-average-male-amateur/;https://golf.com/instruction/how-fast-swing-driver-based-handicap/;https://golfingfocus.com/the-full-guide-to-what-is-a-good-ball-speed-for-a-driver/,
trackman_handicap_speed_chart,handicap_group,male_scratch,driver_speed_by_handicap,TrackMan,,Driver,club speed,club_speed,106,mph,group_mean,anecdotal_rounded,https://golf.com/instruction/how-fast-swing-driver-based-handicap/;https://www.trackman.com/blog/golf/what-is-club-speed;https://golfingfocus.com/average-driver-swingspeeds-complete-guide-by-age-handicap-etc/,
trackman_handicap_speed_chart,handicap_group,male_5_handicap,driver_speed_by_handicap,TrackMan,,Driver,club speed,club_speed,101,mph,group_mean,anecdotal_rounded,https://golf.com/instruction/how-fast-swing-driver-based-handicap/;https://www.trackman.com/blog/golf/what-is-club-speed;https://golfingfocus.com/average-driver-swingspeeds-complete-guide-by-age-handicap-etc/,tension with the 6-handicap figure; curve is approximate
trackman_handicap_speed_chart,handicap_group,male_6_handicap,driver_speed_by_handicap,TrackMan,,Driver,club speed,club_speed,97,mph,group_mean,anecdotal_rounded,https://golf.com/instruction/how-fast-swing-driver-based-handicap/;https://www.trackman.com/blog/golf/what-is-club-speed;https://golfingfocus.com/average-driver-swingspeeds-complete-guide-by-age-handicap-etc/,tension with the 5-handicap figure; curve is approximate
trackman_handicap_speed_chart,handicap_group,female_scratch_or_better,driver_speed_by_handicap,TrackMan,,Driver,club speed,club_speed,90,mph,group_mean,anecdotal_rounded,https://golf.com/instruction/how-fast-swing-driver-based-handicap/;https://www.trackman.com/blog/golf/what-is-club-speed;https://golfingfocus.com/average-driver-swingspeeds-complete-guide-by-age-handicap-etc/,
trackman_handicap_speed_chart,handicap_group,female_5_handicap,driver_speed_by_handicap,TrackMan,,Driver,club speed,club_speed,87,mph,group_mean,anecdotal_rounded,https://golf.com/instruction/how-fast-swing-driver-based-handicap/;https://www.trackman.com/blog/golf/what-is-club-speed;https://golfingfocus.com/average-driver-swingspeeds-complete-guide-by-age-handicap-etc/,
trackman_handicap_speed_chart,handicap_group,female_10_handicap,driver_speed_by_handicap,TrackMan,,Driver,club speed,club_speed,83,mph,group_mean,anecdotal_rounded,https://golf.com/instruction/how-fast-swing-driver-based-handicap/;https://www.trackman.com/blog/golf/what-is-club-speed;https://golfingfocus.com/average-driver-swingspeeds-complete-guide-by-age-handicap-etc/,
trackman_handicap_speed_chart,handicap_group,female_15_handicap,driver_speed_by_handicap,TrackMan,,Driver,club speed,club_speed,79,mph,group_mean,anecdotal_rounded,https://golf.com/instruction/how-fast-swing-driver-based-handicap/;https://www.trackman.com/blog/golf/what-is-club-speed;https://golfingfocus.com/average-driver-swingspeeds-complete-guide-by-age-handicap-etc/,
trackman_combine_benchmarks,combine_benchmark,all_amateurs,trackman_combine_60_shot_test,TrackMan,,all,combine score,,63.9,score,benchmark,cross_verified,https://georgepinnell.com/files/2013/02/TrackMan-Combine-brochure.pdf;https://www.dlancegolf.com/tour-news/trackman-combine-results-tour-pro-vs-amateur-golfer/;http://www.derekwrightgolf.co.uk/Trackman_Combine.html,0-100 scale over the 60-shot Combine format
trackman_combine_benchmarks,combine_benchmark,tour_players,trackman_combine_60_shot_test,TrackMan,,all,combine score,,82.9,score,benchmark,cross_verified,https://georgepinnell.com/files/2013/02/TrackMan-Combine-brochure.pdf;https://www.dlancegolf.com/tour-news/trackman-combine-results-tour-pro-vs-amateur-golfer/;http://www.derekwrightgolf.co.uk/Trackman_Combine.html,0-100 scale over the 60-shot Combine format
trackman_combine_benchmarks,combine_benchmark,highest_recorded_pro,trackman_combine_60_shot_test,TrackMan,,all,combine score,,89.8,score,benchmark,cross_verified,https://georgepinnell.com/files/2013/02/TrackMan-Combine-brochure.pdf;https://www.dlancegolf.com/tour-news/trackman-combine-results-tour-pro-vs-amateur-golfer/;http://www.derekwrightgolf.co.uk/Trackman_Combine.html,0-100 scale over the 60-shot Combine format
press_player_launch_numbers,player,player:tiger_woods,trackman_tour_testing,TrackMan,2008,Driver,club speed,club_speed,124.6,mph,session_mean,cross_verified,https://rotaryswing.com/golf-instruction/golfequipment/bombyourdriver/tiger-woods-inefficient-driver,
press_player_launch_numbers,player,player:tiger_woods,trackman_tour_testing,TrackMan,2008,Driver,ball speed,ball_speed,182.69,mph,session_mean,cross_verified,https://rotaryswing.com/golf-instruction/golfequipment/bombyourdriver/tiger-woods-inefficient-driver,
press_player_launch_numbers,player,player:tiger_woods,trackman_tour_testing,TrackMan,2008,Driver,launch angle,launch_angle,7.96,deg,session_mean,cross_verified,https://rotaryswing.com/golf-instruction/golfequipment/bombyourdriver/tiger-woods-inefficient-driver,
press_player_launch_numbers,player,player:tiger_woods,trackman_tour_testing,TrackMan,2008,Driver,spin rate,spin_rate,3118,rpm,session_mean,cross_verified,https://rotaryswing.com/golf-instruction/golfequipment/bombyourdriver/tiger-woods-inefficient-driver,
press_player_launch_numbers,player,player:tiger_woods,wells_fargo_hole16_12_swings,TrackMan,2009,Driver,club speed,club_speed,118,mph,session_mean,single_source,https://www.golfwrx.com/23260/tiger-woods-trackman-numbers-from-quail-hollow/,
press_player_launch_numbers,player,player:tiger_woods,wells_fargo_hole16_12_swings,TrackMan,2009,Driver,ball speed,ball_speed,175,mph,session_mean,single_source,https://www.golfwrx.com/23260/tiger-woods-trackman-numbers-from-quail-hollow/,
press_player_launch_numbers,player,player:rory_mcilroy,practice_session,TrackMan,2015,Driver,club speed,club_speed,118.6,mph,session_mean,cross_verified,http://3jack.blogspot.com/2015/06/rory-mcirloys-trackman-numbers.html;https://thebrassie.com/what-are-rory-mcilroy-trackman-numbers/,
press_player_launch_numbers,player,player:rory_mcilroy,practice_session,TrackMan,2015,Driver,ball speed,ball_speed,179.2,mph,session_mean,cross_verified,http://3jack.blogspot.com/2015/06/rory-mcirloys-trackman-numbers.html;https://thebrassie.com/what-are-rory-mcilroy-trackman-numbers/,
press_player_launch_numbers,player,player:rory_mcilroy,practice_session,TrackMan,2015,Driver,spin rate,spin_rate,2297,rpm,session_mean,cross_verified,http://3jack.blogspot.com/2015/06/rory-mcirloys-trackman-numbers.html;https://thebrassie.com/what-are-rory-mcilroy-trackman-numbers/,
press_player_launch_numbers,player,player:rory_mcilroy,tour_season_radar,TrackMan,2013,Driver,club speed,club_speed,121.3,mph,season_mean,cross_verified,http://3jack.blogspot.com/2015/06/rory-mcirloys-trackman-numbers.html;https://thebrassie.com/what-are-rory-mcilroy-trackman-numbers/,
press_player_launch_numbers,player,player:rory_mcilroy,tour_season_radar,TrackMan,2014,Driver,club speed,club_speed,121.6,mph,season_mean,cross_verified,http://3jack.blogspot.com/2015/06/rory-mcirloys-trackman-numbers.html;https://thebrassie.com/what-are-rory-mcilroy-trackman-numbers/,
press_player_launch_numbers,player,player:rory_mcilroy,tour_season_radar,TrackMan,2015,Driver,club speed,club_speed,119.7,mph,season_mean,cross_verified,http://3jack.blogspot.com/2015/06/rory-mcirloys-trackman-numbers.html;https://thebrassie.com/what-are-rory-mcilroy-trackman-numbers/,
press_player_launch_numbers,player,player:rory_mcilroy,tour_season_radar,TrackMan,2013,Driver,ball speed,ball_speed,179.9,mph,season_mean,cross_verified,http://3jack.blogspot.com/2015/06/rory-mcirloys-trackman-numbers.html;https://thebrassie.com/what-are-rory-mcilroy-trackman-numbers/,
press_player_launch_numbers,player,player:rory_mcilroy,tour_season_radar,TrackMan,2014,Driver,ball speed,ball_speed,179.7,mph,season_mean,cross_verified,http://3jack.blogspot.com/2015/06/rory-mcirloys-trackman-numbers.html;https://thebrassie.com/what-are-rory-mcilroy-trackman-numbers/,
press_player_launch_numbers,player,player:rory_mcilroy,fitting_normalized,TrackMan,,Driver,carry,carry_distance,317,yd,session_mean,single_source,https://www.golfmonthly.com/features/the-game/rory-mcilroy-launch-monitor-data-revealed-159905,
press_player_launch_numbers,player,player:bryson_dechambeau,cobra_media_event,TrackMan,2021,Driver,ball speed,ball_speed,221.5,mph,max_record,cross_verified,https://golf.com/gear/bryson-dechambeau-fastest-ball-speed-221-unreleased-cobra-driver/;https://www.golfmonthly.com/tour/what-is-bryson-dechambeaus-ball-speed,
press_player_launch_numbers,player,player:bryson_dechambeau,world_long_drive,TrackMan,2021,Driver,ball speed,ball_speed,219,mph,max_record,cross_verified,https://golf.com/gear/bryson-dechambeau-fastest-ball-speed-221-unreleased-cobra-driver/;https://www.golfmonthly.com/tour/what-is-bryson-dechambeaus-ball-speed,
press_player_launch_numbers,player,player:bryson_dechambeau,speed_training,TrackMan,2021,Driver,club speed,club_speed,146.9,mph,max_record,cross_verified,https://golf.com/gear/bryson-dechambeau-fastest-ball-speed-221-unreleased-cobra-driver/;https://www.golfmonthly.com/tour/what-is-bryson-dechambeaus-ball-speed,
press_player_launch_numbers,player,player:bryson_dechambeau,tour_season_radar,TrackMan,2021,Driver,ball speed,ball_speed,190.94,mph,season_mean,cross_verified,https://www.golfdigest.com/story/stat-reveals-bryson-dechambeau-one-of-the-least-efficient-drivers-in-golf,
press_player_launch_numbers,player,player:bryson_dechambeau,tour_season_radar,TrackMan,2021,Driver,club speed,club_speed,132.89,mph,season_mean,cross_verified,https://www.golfdigest.com/story/stat-reveals-bryson-dechambeau-one-of-the-least-efficient-drivers-in-golf,
press_player_launch_numbers,player,player:kyle_berkshire,training_session_record,TrackMan,2023,Driver,ball speed,ball_speed,236.2,mph,max_record,cross_verified,https://www.golfmonthly.com/news/kyle-berkshire-sets-new-ball-speed-record-of-2362mph;https://golf.com/news/kyle-berkshire-ball-speed-record/,
press_player_launch_numbers,player,player:kyle_berkshire,world_record,TrackMan,2023,Driver,ball speed,ball_speed,241.6,mph,max_record,cross_verified,https://en.wikipedia.org/wiki/Kyle_Berkshire;https://www.sportskeeda.com/golf/watch-kyle-berkshire-sets-new-ball-speed-world-record-astonishing-241-6-mph-2,
press_player_launch_numbers,player,player:dustin_johnson,floridian_practice,TrackMan,2016,Driver,ball speed,ball_speed,186.5,mph,single_shot,cross_verified,https://www.golfdigest.com/story/these-dustin-johnson-launch-monitor-numbers-are-absolutely-ridiculous,
press_player_launch_numbers,player,player:dustin_johnson,floridian_practice,TrackMan,2016,Driver,carry,carry_distance,333.7,yd,single_shot,cross_verified,https://www.golfdigest.com/story/these-dustin-johnson-launch-monitor-numbers-are-absolutely-ridiculous,
press_player_launch_numbers,player,player:dustin_johnson,taylormade_distance_chart,TrackMan,2017,Driver,carry,carry_distance,312,yd,stock_reported,single_source,https://golfwrx.com/441424/his-2-iron-goes-how-far-dustin-johnsons-distance-chart-is-impressive/,"TaylorMade-published averages, rounded"
press_player_launch_numbers,player,player:dustin_johnson,taylormade_distance_chart,TrackMan,2017,3-wood,carry,carry_distance,282,yd,stock_reported,single_source,https://golfwrx.com/441424/his-2-iron-goes-how-far-dustin-johnsons-distance-chart-is-impressive/,"TaylorMade-published averages, rounded"
press_player_launch_numbers,player,player:dustin_johnson,taylormade_distance_chart,TrackMan,2017,5-wood,carry,carry_distance,267,yd,stock_reported,single_source,https://golfwrx.com/441424/his-2-iron-goes-how-far-dustin-johnsons-distance-chart-is-impressive/,"TaylorMade-published averages, rounded"
press_player_launch_numbers,player,player:dustin_johnson,taylormade_distance_chart,TrackMan,2017,2-iron UDI,carry,carry_distance,261,yd,stock_reported,single_source,https://golfwrx.com/441424/his-2-iron-goes-how-far-dustin-johnsons-distance-chart-is-impressive/,"TaylorMade-published averages, rounded"
press_player_launch_numbers,player,player:dustin_johnson,taylormade_distance_chart,TrackMan,2017,4-iron,carry,carry_distance,236,yd,stock_reported,single_source,https://golfwrx.com/441424/his-2-iron-goes-how-far-dustin-johnsons-distance-chart-is-impressive/,"TaylorMade-published averages, rounded"
press_player_launch_numbers,player,player:dustin_johnson,taylormade_distance_chart,TrackMan,2017,5-iron,carry,carry_distance,225,yd,stock_reported,single_source,https://golfwrx.com/441424/his-2-iron-goes-how-far-dustin-johnsons-distance-chart-is-impressive/,"TaylorMade-published averages, rounded"
press_player_launch_numbers,player,player:dustin_johnson,taylormade_distance_chart,TrackMan,2017,6-iron,carry,carry_distance,212,yd,stock_reported,single_source,https://golfwrx.com/441424/his-2-iron-goes-how-far-dustin-johnsons-distance-chart-is-impressive/,"TaylorMade-published averages, rounded"
press_player_launch_numbers,player,player:dustin_johnson,taylormade_distance_chart,TrackMan,2017,7-iron,carry,carry_distance,200,yd,stock_reported,single_source,https://golfwrx.com/441424/his-2-iron-goes-how-far-dustin-johnsons-distance-chart-is-impressive/,"TaylorMade-published averages, rounded"
press_player_launch_numbers,player,player:dustin_johnson,taylormade_distance_chart,TrackMan,2017,8-iron,carry,carry_distance,186,yd,stock_reported,single_source,https://golfwrx.com/441424/his-2-iron-goes-how-far-dustin-johnsons-distance-chart-is-impressive/,"TaylorMade-published averages, rounded"
press_player_launch_numbers,player,player:dustin_johnson,taylormade_distance_chart,TrackMan,2017,9-iron,carry,carry_distance,172,yd,stock_reported,single_source,https://golfwrx.com/441424/his-2-iron-goes-how-far-dustin-johnsons-distance-chart-is-impressive/,"TaylorMade-published averages, rounded"
press_player_launch_numbers,player,player:dustin_johnson,taylormade_distance_chart,TrackMan,2017,PW,carry,carry_distance,158,yd,stock_reported,single_source,https://golfwrx.com/441424/his-2-iron-goes-how-far-dustin-johnsons-distance-chart-is-impressive/,"TaylorMade-published averages, rounded"
press_player_launch_numbers,player,player:jon_rahm,trackman_blog_feature,TrackMan,2017,Driver,attack angle,attack_angle,5.2,deg,session_mean,cross_verified,https://forums.golfwrx.com/topic/1529300-john-rahm-trackman-numbers/,
press_player_launch_numbers,player,player:jon_rahm,trackman_blog_feature,TrackMan,2017,Driver,spin rate,spin_rate,1645,rpm,single_shot,single_source,https://forums.golfwrx.com/topic/1529300-john-rahm-trackman-numbers/,single swing seen in feature
press_player_launch_numbers,player,player:scottie_scheffler,taylormade_season_summary,TrackMan,2022,Driver,ball speed,ball_speed,177.4,mph,season_mean,single_source,https://www.taylormadegolf.com/clubhouse/423624-scotties-season-revisited-how-the-scheff-cooked-to-pga-tour-player-of-the-year-honors-in-2022.html,manufacturer-published
press_player_launch_numbers,player,player:collin_morikawa,presidents_cup_practice_quail_hollow_13,TrackMan,2022,Driver,ball speed,ball_speed,167,mph,single_shot,single_source,https://golfwrx.com/697837/inside-the-numbers-a-look-at-the-launch-monitor-results-for-3-different-pga-tour-players/,
press_player_launch_numbers,player,player:collin_morikawa,presidents_cup_practice_quail_hollow_13,TrackMan,2022,Driver,carry,carry_distance,298,yd,single_shot,single_source,https://golfwrx.com/697837/inside-the-numbers-a-look-at-the-launch-monitor-results-for-3-different-pga-tour-players/,
press_player_launch_numbers,player,player:collin_morikawa,presidents_cup_practice_quail_hollow_13,TrackMan,2022,Driver,launch angle,launch_angle,12,deg,single_shot,single_source,https://golfwrx.com/697837/inside-the-numbers-a-look-at-the-launch-monitor-results-for-3-different-pga-tour-players/,
press_player_launch_numbers,player,player:collin_morikawa,presidents_cup_practice_quail_hollow_13,TrackMan,2022,Driver,spin rate,spin_rate,2099,rpm,single_shot,single_source,https://golfwrx.com/697837/inside-the-numbers-a-look-at-the-launch-monitor-results-for-3-different-pga-tour-players/,
press_player_launch_numbers,player,player:max_homa,presidents_cup_practice_quail_hollow_13,TrackMan,2022,Driver,ball speed,ball_speed,176,mph,single_shot,single_source,https://golfwrx.com/697837/inside-the-numbers-a-look-at-the-launch-monitor-results-for-3-different-pga-tour-players/,
press_player_launch_numbers,player,player:max_homa,presidents_cup_practice_quail_hollow_13,TrackMan,2022,Driver,carry,carry_distance,299,yd,single_shot,single_source,https://golfwrx.com/697837/inside-the-numbers-a-look-at-the-launch-monitor-results-for-3-different-pga-tour-players/,
press_player_launch_numbers,player,player:max_homa,presidents_cup_practice_quail_hollow_13,TrackMan,2022,Driver,launch angle,launch_angle,10.7,deg,single_shot,single_source,https://golfwrx.com/697837/inside-the-numbers-a-look-at-the-launch-monitor-results-for-3-different-pga-tour-players/,
press_player_launch_numbers,player,player:max_homa,presidents_cup_practice_quail_hollow_13,TrackMan,2022,Driver,spin rate,spin_rate,2885,rpm,single_shot,single_source,https://golfwrx.com/697837/inside-the-numbers-a-look-at-the-launch-monitor-results-for-3-different-pga-tour-players/,
press_player_launch_numbers,player,player:nelly_korda,titleist_tsr1_fitting,unstated,2022,Driver,ball speed,ball_speed,154,mph,session_mean,single_source,https://golf.com/gear/drivers/nelly-korda-titleist-tsr-driver-wall-to-wall/,fitting data; monitor not stated
press_player_launch_numbers,player,player:anne_van_dam,trackman_posted_session,TrackMan,2020,Driver,attack angle,attack_angle,3.6,deg,session_mean,single_source,https://www.facebook.com/TrackManGolf/posts/have-a-look-at-anne-van-dams-driver-attack-angle-36-degspin-rate-2482-rpmball-sp/10158456240237610/,primary TrackMan-published row
press_player_launch_numbers,player,player:anne_van_dam,trackman_posted_session,TrackMan,2020,Driver,spin rate,spin_rate,2482,rpm,session_mean,single_source,https://www.facebook.com/TrackManGolf/posts/have-a-look-at-anne-van-dams-driver-attack-angle-36-degspin-rate-2482-rpmball-sp/10158456240237610/,primary TrackMan-published row
press_player_launch_numbers,player,player:anne_van_dam,trackman_posted_session,TrackMan,2020,Driver,ball speed,ball_speed,159,mph,session_mean,single_source,https://www.facebook.com/TrackManGolf/posts/have-a-look-at-anne-van-dams-driver-attack-angle-36-degspin-rate-2482-rpmball-sp/10158456240237610/,primary TrackMan-published row
press_player_launch_numbers,player,player:cameron_champ,rookie_season_practice,TrackMan,2018,Driver,club speed,club_speed,129.66,mph,session_mean,cross_verified,https://golf.com/news/pga-tour-rookie-cameron-champ-trackman-stats/;https://www.golfmagic.com/equipment-news/forget-dj-rory-and-bubba-cameron-champ-new-boomer-watch,
press_player_launch_numbers,player,player:cameron_champ,rookie_season_practice,TrackMan,2018,Driver,ball speed,ball_speed,192.67,mph,session_mean,cross_verified,https://golf.com/news/pga-tour-rookie-cameron-champ-trackman-stats/;https://www.golfmagic.com/equipment-news/forget-dj-rory-and-bubba-cameron-champ-new-boomer-watch,
press_player_launch_numbers,player,player:cameron_champ,tour_season_radar,TrackMan,2024,Driver,club speed,club_speed,126.64,mph,season_mean,cross_verified,https://www.golfmonthly.com/features/who-has-the-highest-and-lowest-ball-speed-on-the-pga-tour,
press_player_launch_numbers,player,player:cameron_champ,tour_season_radar,TrackMan,2024,Driver,ball speed,ball_speed,190.12,mph,season_mean,cross_verified,https://www.golfmonthly.com/features/who-has-the-highest-and-lowest-ball-speed-on-the-pga-tour,
press_player_launch_numbers,player,player:tony_finau,practice_max,TrackMan,,Driver,ball speed,ball_speed,206,mph,max_record,cross_verified,https://www.golfwrx.com/620998/what-golfwrxers-are-saying-about-tony-finaus-206mph-ball-speed/,
press_player_launch_numbers,player,player:tony_finau,practice_max,TrackMan,,Driver,carry,carry_distance,383,yd,max_record,cross_verified,https://www.golfwrx.com/620998/what-golfwrxers-are-saying-about-tony-finaus-206mph-ball-speed/,
press_player_launch_numbers,player,player:tony_finau,ping_fitter_reported,TrackMan,2023,Driver,club speed,club_speed,138,mph,max_record,single_source,https://golf.com/gear/drivers/tony-finau-driver-distance-ping-kenton-oates/,
press_player_launch_numbers,player,player:brooks_koepka,coaching_analysis,TrackMan,2019,Driver,club speed,club_speed,121,mph,session_mean,anecdotal_rounded,https://golf.com/instruction/driving/brooks-koepka-trackman-stats/;https://hititlonger.com/brooks-koepka-the-swing-and-the-numbers/,
press_player_launch_numbers,player,player:jordan_spieth,tour_season_radar,TrackMan,2013,Driver,ball speed,ball_speed,166.08,mph,season_mean,single_source,https://x.com/Fit_For_Golf/status/1611530962294435841,aggregated official radar data; 2023 partial (52 drives)
press_player_launch_numbers,player,player:jordan_spieth,tour_season_radar,TrackMan,2014,Driver,ball speed,ball_speed,165.55,mph,season_mean,single_source,https://x.com/Fit_For_Golf/status/1611530962294435841,aggregated official radar data; 2023 partial (52 drives)
press_player_launch_numbers,player,player:jordan_spieth,tour_season_radar,TrackMan,2015,Driver,ball speed,ball_speed,168.77,mph,season_mean,single_source,https://x.com/Fit_For_Golf/status/1611530962294435841,aggregated official radar data; 2023 partial (52 drives)
press_player_launch_numbers,player,player:jordan_spieth,tour_season_radar,TrackMan,2016,Driver,ball speed,ball_speed,168.42,mph,season_mean,single_source,https://x.com/Fit_For_Golf/status/1611530962294435841,aggregated official radar data; 2023 partial (52 drives)
press_player_launch_numbers,player,player:jordan_spieth,tour_season_radar,TrackMan,2017,Driver,ball speed,ball_speed,169.18,mph,season_mean,single_source,https://x.com/Fit_For_Golf/status/1611530962294435841,aggregated official radar data; 2023 partial (52 drives)
press_player_launch_numbers,player,player:jordan_spieth,tour_season_radar,TrackMan,2018,Driver,ball speed,ball_speed,170.46,mph,season_mean,single_source,https://x.com/Fit_For_Golf/status/1611530962294435841,aggregated official radar data; 2023 partial (52 drives)
press_player_launch_numbers,player,player:jordan_spieth,tour_season_radar,TrackMan,2019,Driver,ball speed,ball_speed,170.53,mph,season_mean,single_source,https://x.com/Fit_For_Golf/status/1611530962294435841,aggregated official radar data; 2023 partial (52 drives)
press_player_launch_numbers,player,player:jordan_spieth,tour_season_radar,TrackMan,2020,Driver,ball speed,ball_speed,172.47,mph,season_mean,single_source,https://x.com/Fit_For_Golf/status/1611530962294435841,aggregated official radar data; 2023 partial (52 drives)
press_player_launch_numbers,player,player:jordan_spieth,tour_season_radar,TrackMan,2021,Driver,ball speed,ball_speed,172.66,mph,season_mean,single_source,https://x.com/Fit_For_Golf/status/1611530962294435841,aggregated official radar data; 2023 partial (52 drives)
press_player_launch_numbers,player,player:jordan_spieth,tour_season_radar,TrackMan,2022,Driver,ball speed,ball_speed,175.67,mph,season_mean,single_source,https://x.com/Fit_For_Golf/status/1611530962294435841,aggregated official radar data; 2023 partial (52 drives)
press_player_launch_numbers,player,player:jordan_spieth,tour_season_radar,TrackMan,2023,Driver,ball speed,ball_speed,177.07,mph,season_mean,single_source,https://x.com/Fit_For_Golf/status/1611530962294435841,aggregated official radar data; 2023 partial (52 drives)
press_player_launch_numbers,player,player:tim_burke,documented_409yd_drive,TrackMan,2016,Driver,club speed,club_speed,141.3,mph,single_shot,single_source,https://golf.com/instruction/driving/long-drive-champ-golfer-trackman-numbers/,
press_player_launch_numbers,player,player:tim_burke,documented_409yd_drive,TrackMan,2016,Driver,ball speed,ball_speed,211,mph,single_shot,single_source,https://golf.com/instruction/driving/long-drive-champ-golfer-trackman-numbers/,
press_player_launch_numbers,player,player:tim_burke,documented_409yd_drive,TrackMan,2016,Driver,smash factor,smash_factor,1.5,1,single_shot,single_source,https://golf.com/instruction/driving/long-drive-champ-golfer-trackman-numbers/,
press_player_launch_numbers,player,player:tim_burke,documented_409yd_drive,TrackMan,2016,Driver,total distance,total_distance,409,yd,single_shot,single_source,https://golf.com/instruction/driving/long-drive-champ-golfer-trackman-numbers/,
press_player_launch_numbers,player,player:rickie_fowler,persimmon_driver_test,TrackMan,2017,Persimmon driver,carry,carry_distance,274.7,yd,single_shot,cross_verified,https://www.golfdigest.com/story/rickie-fowler-shows-hes-a-long-hitter-in-any-era-by-smashing-a-persimmon-wood;http://golfweek.com/2017/01/13/video-rickie-fowler-shows-off-power-with-persimmon-driver/,
press_player_launch_numbers,player,player:rickie_fowler,persimmon_driver_test,TrackMan,2017,Persimmon driver,total distance,total_distance,292.1,yd,single_shot,cross_verified,https://www.golfdigest.com/story/rickie-fowler-shows-hes-a-long-hitter-in-any-era-by-smashing-a-persimmon-wood;http://golfweek.com/2017/01/13/video-rickie-fowler-shows-off-power-with-persimmon-driver/,
press_player_launch_numbers,player,player:rickie_fowler,persimmon_driver_test,TrackMan,2017,Persimmon driver,smash factor,smash_factor,1.49,1,single_shot,cross_verified,https://www.golfdigest.com/story/rickie-fowler-shows-hes-a-long-hitter-in-any-era-by-smashing-a-persimmon-wood;http://golfweek.com/2017/01/13/video-rickie-fowler-shows-off-power-with-persimmon-driver/,
press_player_launch_numbers,player,player:brandon_matthews,tour_season_radar,TrackMan,2023,Driver,ball speed,ball_speed,190.2,mph,season_mean,cross_verified,https://www.golfmonthly.com/features/who-has-the-highest-and-lowest-ball-speed-on-the-pga-tour;https://golf.com/gear/drivers/drivers-top-5-fastest-golfers-pga-tour/,led PGA Tour 2022-23
press_player_launch_numbers,player,player:brandon_matthews,tour_season_radar,TrackMan,2023,Driver,club speed,club_speed,126.51,mph,season_mean,cross_verified,https://www.golfmonthly.com/features/who-has-the-highest-and-lowest-ball-speed-on-the-pga-tour;https://golf.com/gear/drivers/drivers-top-5-fastest-golfers-pga-tour/,
press_player_launch_numbers,player,player:xander_schauffele,callaway_fitting_bag_harmony,unstated,2025,3-wood 16.5deg,club speed,club_speed,114.0,mph,session_mean,cross_verified,https://golf.com/gear/xander-schauffele-numbers-bag-harmony/;https://irishgolfer.ie/latest-golf-news/2025/10/17/xander-schauffele-by-the-numbers-what-bag-harmony-looks-like/,Elyte TD HL 16.5 deg fairway wood at 15.4; fitting data; monitor not stated
press_player_launch_numbers,player,player:xander_schauffele,callaway_fitting_bag_harmony,unstated,2025,3-wood 16.5deg,attack angle,attack_angle,-2.5,deg,session_mean,cross_verified,https://golf.com/gear/xander-schauffele-numbers-bag-harmony/;https://irishgolfer.ie/latest-golf-news/2025/10/17/xander-schauffele-by-the-numbers-what-bag-harmony-looks-like/,Elyte TD HL 16.5 deg fairway wood at 15.4; fitting data; monitor not stated
press_player_launch_numbers,player,player:xander_schauffele,callaway_fitting_bag_harmony,unstated,2025,3-wood 16.5deg,ball speed,ball_speed,170.5,mph,session_mean,cross_verified,https://golf.com/gear/xander-schauffele-numbers-bag-harmony/;https://irishgolfer.ie/latest-golf-news/2025/10/17/xander-schauffele-by-the-numbers-what-bag-harmony-looks-like/,Elyte TD HL 16.5 deg fairway wood at 15.4; fitting data; monitor not stated
press_player_launch_numbers,player,player:xander_schauffele,callaway_fitting_bag_harmony,unstated,2025,3-wood 16.5deg,spin rate,spin_rate,3683,rpm,session_mean,cross_verified,https://golf.com/gear/xander-schauffele-numbers-bag-harmony/;https://irishgolfer.ie/latest-golf-news/2025/10/17/xander-schauffele-by-the-numbers-what-bag-harmony-looks-like/,Elyte TD HL 16.5 deg fairway wood at 15.4; fitting data; monitor not stated
press_player_launch_numbers,player,player:xander_schauffele,callaway_fitting_bag_harmony,unstated,2025,3-wood 16.5deg,carry,carry_distance,272.3,yd,session_mean,cross_verified,https://golf.com/gear/xander-schauffele-numbers-bag-harmony/;https://irishgolfer.ie/latest-golf-news/2025/10/17/xander-schauffele-by-the-numbers-what-bag-harmony-looks-like/,Elyte TD HL 16.5 deg fairway wood at 15.4; fitting data; monitor not stated
press_player_launch_numbers,player,player:viktor_hovland,ping_g440_fitting,TrackMan,2025,Driver,launch angle,launch_angle,10,deg,session_mean,anecdotal_rounded,https://golf.com/gear/drivers/viktor-hovland-ping-driver-incredible-transformation/;https://golfwrx.com/780850/details-on-viktor-hovlands-driver-change/,
press_player_launch_numbers,player,player:viktor_hovland,ping_g440_fitting,TrackMan,2025,Driver,spin rate,spin_rate,2500,rpm,session_mean,anecdotal_rounded,https://golf.com/gear/drivers/viktor-hovland-ping-driver-incredible-transformation/;https://golfwrx.com/780850/details-on-viktor-hovlands-driver-change/,
press_player_launch_numbers,player,player:bubba_watson,ping_g30_fitting,TrackMan,2014,Driver,ball speed,ball_speed,194,mph,session_mean,single_source,https://www.mygolfway.com/en/ping-bubba-watson-changes-to-the-new-g30-an-even-faster-driver/,Ping promotional fitting
press_player_launch_numbers,player,player:bubba_watson,ping_g30_fitting,TrackMan,2014,Driver,club speed,club_speed,125,mph,session_mean,anecdotal_rounded,https://www.mygolfway.com/en/ping-bubba-watson-changes-to-the-new-g30-an-even-faster-driver/,Ping promotional fitting
press_player_launch_numbers,player,player:bubba_watson,ping_g30_fitting,TrackMan,2014,Driver,spin rate,spin_rate,1865,rpm,session_mean,single_source,https://www.mygolfway.com/en/ping-bubba-watson-changes-to-the-new-g30-an-even-faster-driver/,Ping promotional fitting
press_player_launch_numbers,player,player:phil_mickelson,season_start_measurement,TrackMan,2018,Driver,club speed,club_speed,120.92,mph,session_mean,cross_verified,https://www.golfwrx.com/544832/at-48-phil-mickelsons-driver-swing-speed-rises-6-mph-overnight-hes-outdriving-some-of-the-longest-hitters-on-tour/,age 48
press_player_launch_numbers,player,player:phil_mickelson,speed_training,TrackMan,2021,Driver,ball speed,ball_speed,180,mph,max_record,cross_verified,https://www.golfwrx.com/643728/phil-mickelsons-speed-training-continues-reaches-180mph-ball-speed-using-fujikura-ventus/,age 50
press_player_launch_numbers,player,player:charley_hull,trackman_posted_range_session,TrackMan,2021,7-iron,club speed,club_speed,85.4,mph,session_mean,single_source,https://x.com/TrackManGolf/status/1390613191324049408,primary TrackMan-published row
press_player_launch_numbers,player,player:charley_hull,trackman_posted_range_session,TrackMan,2021,7-iron,ball speed,ball_speed,114.3,mph,session_mean,single_source,https://x.com/TrackManGolf/status/1390613191324049408,primary TrackMan-published row
press_player_launch_numbers,player,player:charley_hull,trackman_posted_range_session,TrackMan,2021,7-iron,carry,carry_distance,158.9,yd,session_mean,single_source,https://x.com/TrackManGolf/status/1390613191324049408,primary TrackMan-published row
press_player_launch_numbers,player,player:charley_hull,trackman_posted_range_session,TrackMan,2021,7-iron,spin rate,spin_rate,6563,rpm,session_mean,single_source,https://x.com/TrackManGolf/status/1390613191324049408,primary TrackMan-published row
press_player_launch_numbers,player,player:adam_scott,published_dataset_early_era,TrackMan,,Driver,club speed,club_speed,121,mph,session_mean,single_source,https://www.tomfieldinggolf.net/trackman-definitive-answers-at-impact-and-more.html,"older dataset; implied smash 1.40 is low for tour, flagged low confidence"
press_player_launch_numbers,player,player:adam_scott,published_dataset_early_era,TrackMan,,Driver,ball speed,ball_speed,170,mph,session_mean,single_source,https://www.tomfieldinggolf.net/trackman-definitive-answers-at-impact-and-more.html,"older dataset; implied smash 1.40 is low for tour, flagged low confidence"
press_player_launch_numbers,player,player:adam_scott,published_dataset_early_era,TrackMan,,Driver,launch angle,launch_angle,12,deg,session_mean,single_source,https://www.tomfieldinggolf.net/trackman-definitive-answers-at-impact-and-more.html,"older dataset; implied smash 1.40 is low for tour, flagged low confidence"
press_player_launch_numbers,player,player:matt_fitzpatrick,fastest_tour_week_average,TrackMan,2023,Driver,club speed,club_speed,121.3,mph,season_mean,cross_verified,https://holetheputt.com/matthew-fitzpatrick-driving-distance/;https://www.golfdigest.com/story/matt-fitzpatrick-us-open-the-stack-system-speed-training-aid,Sony Open week average after Stack System training
press_player_launch_numbers,player,player:padraig_harrington,champions_tour_year_max,TrackMan,2025,Driver,ball speed,ball_speed,189,mph,max_record,cross_verified,https://www.golfwrx.com/756789/padraig-harrington-discusses-speed-training-and-his-impressive-maximum-ball-speed/,age 53
press_player_launch_numbers,player,player:min_woo_lee,profile_reading,TrackMan,2023,Driver,ball speed,ball_speed,193,mph,single_shot,single_source,https://hypebeast.com/2023/7/min-woo-lee-interview-pga-tour-golf,
